,date_0days,cases_0days,deaths_0days,date_60days,cases_60days,deaths_60days,fips
0,2020-01-21,1,0,2020-03-21,446,9,53061.0
1,2020-01-24,1,0,2020-03-24,1194,12,17031.0
2,2020-01-25,1,0,2020-03-25,187,1,6059.0
3,2020-01-26,1,0,2020-03-26,299,4,4013.0
4,2020-01-26,1,0,2020-03-26,1216,21,6037.0
5,2020-01-31,1,0,2020-03-31,890,31,6085.0
6,2020-02-01,1,0,2020-04-01,1624,15,25025.0
7,2020-02-02,2,0,2020-04-02,450,7,6075.0
8,2020-02-05,1,0,2020-04-05,269,8,55025.0
9,2020-02-10,1,0,2020-04-10,1696,44,6073.0
10,2020-02-12,1,0,2020-04-12,734,27,48029.0
11,2020-02-17,10,0,2020-04-17,287,8,31055.0
12,2020-02-20,1,0,2020-04-20,52,0,6023.0
13,2020-02-21,1,0,2020-04-21,954,35,6067.0
14,2020-02-24,4,0,2020-04-24,330,19,53063.0
15,2020-02-24,1,0,2020-04-24,199,4,6095.0
16,2020-02-25,1,0,2020-04-25,2051,25,49035.0
17,2020-02-26,1,0,2020-04-26,220,2,6097.0
18,2020-02-26,1,0,2020-04-26,61,2,6055.0
19,2020-02-26,1,0,2020-04-26,224,12,6041.0
20,2020-02-28,1,0,2020-04-28,6056,429,53033.0
21,2020-02-28,1,0,2020-04-28,474,11,41067.0
22,2020-03-01,1,0,2020-04-30,580,55,12081.0
23,2020-03-01,1,0,2020-04-30,1124,23,12057.0
24,2020-03-01,1,0,2020-04-30,1624,63,6001.0
25,2020-03-02,1,0,2020-05-01,6065,522,25021.0
26,2020-03-02,1,0,2020-05-01,51,1,33009.0
27,2020-03-02,1,0,2020-05-01,86,0,53071.0
28,2020-03-02,2,0,2020-05-01,2880,122,13121.0
29,2020-03-02,1,0,2020-05-01,150,8,6061.0
30,2020-03-02,1,0,2020-05-01,1197,52,6081.0
31,2020-03-03,1,0,2020-05-02,870,19,37183.0
32,2020-03-03,1,0,2020-05-02,934,28,6013.0
33,2020-03-04,1,0,2020-05-03,16185,1210,34003.0
34,2020-03-04,9,0,2020-05-03,29884,1203,36119.0
35,2020-03-04,1,0,2020-05-03,1183,28,48157.0
36,2020-03-04,1,0,2020-05-03,123,6,53007.0
37,2020-03-05,1,0,2020-05-04,36965,2221,36059.0
38,2020-03-05,1,0,2020-05-04,988,35,32031.0
39,2020-03-05,1,0,2020-05-04,4411,223,32003.0
40,2020-03-05,1,0,2020-05-04,431,9,47187.0
41,2020-03-05,4,0,2020-05-04,6967,140,48201.0
42,2020-03-05,3,0,2020-05-04,5411,301,24031.0
43,2020-03-05,1,0,2020-05-04,15757,997,25017.0
44,2020-03-05,1,0,2020-05-04,158,8,12113.0
45,2020-03-05,1,0,2020-05-04,1431,85,8059.0
46,2020-03-05,1,0,2020-05-04,531,23,8035.0
47,2020-03-06,1,0,2020-05-05,109,5,42127.0
48,2020-03-06,1,0,2020-05-05,4326,320,42045.0
49,2020-03-06,1,0,2020-05-05,645,36,40143.0
50,2020-03-06,2,0,2020-05-05,12144,383,36087.0
51,2020-03-06,1,0,2020-05-05,4251,180,34007.0
52,2020-03-06,1,0,2020-05-05,463,8,45019.0
53,2020-03-06,1,0,2020-05-05,583,37,27123.0
54,2020-03-06,1,0,2020-05-05,1558,54,53053.0
55,2020-03-06,1,0,2020-05-05,28,0,53031.0
56,2020-03-06,1,0,2020-05-05,368,22,53011.0
57,2020-03-06,1,0,2020-05-05,85,0,49053.0
58,2020-03-06,1,0,2020-05-05,302,2,49011.0
59,2020-03-06,1,0,2020-05-05,247,10,45055.0
60,2020-03-06,1,0,2020-05-05,403,11,37037.0
61,2020-03-06,1,0,2020-05-05,478,15,4021.0
62,2020-03-06,1,0,2020-05-05,172,19,6113.0
63,2020-03-06,2,0,2020-05-05,3546,188,8031.0
64,2020-03-06,1,0,2020-05-05,298,9,21067.0
65,2020-03-06,1,0,2020-05-05,6469,398,18097.0
66,2020-03-06,1,0,2020-05-05,61,0,13233.0
67,2020-03-06,1,0,2020-05-05,404,11,15003.0
68,2020-03-06,1,1,2020-05-05,1159,49,12071.0
69,2020-03-06,2,0,2020-05-05,5492,215,12011.0
70,2020-03-06,1,0,2020-05-05,1028,78,8041.0
71,2020-03-06,1,0,2020-05-05,547,7,8037.0
72,2020-03-07,2,0,2020-05-06,371,3,36091.0
73,2020-03-07,1,0,2020-05-06,39,0,41035.0
74,2020-03-07,2,0,2020-05-06,49,0,41029.0
75,2020-03-07,1,0,2020-05-06,3539,204,29189.0
76,2020-03-07,2,0,2020-05-06,4827,471,42091.0
77,2020-03-07,1,0,2020-05-06,15,0,53037.0
78,2020-03-07,1,0,2020-05-06,4834,201,51059.0
79,2020-03-07,1,0,2020-05-06,53,1,50003.0
80,2020-03-07,1,0,2020-05-06,903,43,33015.0
81,2020-03-07,1,0,2020-05-06,138,2,6087.0
82,2020-03-07,1,0,2020-05-06,4672,190,6065.0
83,2020-03-07,1,0,2020-05-06,55,2,6039.0
84,2020-03-07,1,0,2020-05-06,777,9,6019.0
85,2020-03-07,1,0,2020-05-06,461,37,25003.0
86,2020-03-07,1,0,2020-05-06,521,45,20091.0
87,2020-03-07,1,0,2020-05-06,1998,107,13067.0
88,2020-03-07,1,0,2020-05-06,526,27,12127.0
89,2020-03-07,1,0,2020-05-06,2222,81,13135.0
90,2020-03-07,1,0,2020-05-06,161,5,12091.0
91,2020-03-07,1,0,2020-05-06,294,29,12015.0
92,2020-03-07,1,0,2020-05-06,5461,277,11001.0
93,2020-03-08,1,0,2020-05-07,1416,27,36111.0
94,2020-03-08,1,0,2020-05-07,35892,1599,36103.0
95,2020-03-08,1,0,2020-05-07,613,21,41047.0
96,2020-03-08,1,0,2020-05-07,24,0,41019.0
97,2020-03-08,1,0,2020-05-07,14133,703,34031.0
98,2020-03-08,1,0,2020-05-07,58,0,27019.0
99,2020-03-08,1,0,2020-05-07,154,2,53035.0
100,2020-03-08,1,0,2020-05-07,3066,64,47157.0
101,2020-03-08,1,0,2020-05-07,3432,35,47037.0
102,2020-03-08,1,0,2020-05-07,325,12,45083.0
103,2020-03-08,1,0,2020-05-07,7197,385,25027.0
104,2020-03-08,1,0,2020-05-07,12679,977,9001.0
105,2020-03-08,1,0,2020-05-07,556,22,24025.0
106,2020-03-08,1,0,2020-05-07,1578,113,21111.0
107,2020-03-08,1,0,2020-05-07,18,0,21097.0
108,2020-03-08,3,0,2020-05-07,543,6,19103.0
109,2020-03-08,1,0,2020-05-07,910,60,18063.0
110,2020-03-08,1,0,2020-05-07,569,17,13057.0
111,2020-03-09,3,0,2020-05-08,2668,143,39035.0
112,2020-03-09,2,0,2020-05-08,6752,429,34025.0
113,2020-03-09,1,0,2020-05-08,16520,940,34017.0
114,2020-03-09,1,0,2020-05-08,12,0,55093.0
115,2020-03-09,1,0,2020-05-08,13917,844,34039.0
116,2020-03-09,1,0,2020-05-08,1198,63,42089.0
117,2020-03-09,1,0,2020-05-08,469,17,51810.0
118,2020-03-09,1,0,2020-05-08,889,27,48085.0
119,2020-03-09,1,0,2020-05-08,3148,177,8005.0
120,2020-03-09,1,0,2020-05-08,31,4,6089.0
121,2020-03-09,1,0,2020-05-08,437,19,8069.0
122,2020-03-09,1,0,2020-05-08,1520,131,4019.0
123,2020-03-09,1,0,2020-05-08,8917,339,24033.0
124,2020-03-09,1,0,2020-05-08,6610,392,22051.0
125,2020-03-09,1,0,2020-05-08,76,2,19155.0
126,2020-03-09,1,0,2020-05-08,128,15,18113.0
127,2020-03-09,2,0,2020-05-08,2445,69,13089.0
128,2020-03-09,1,0,2020-05-08,190,12,13113.0
129,2020-03-09,1,0,2020-05-08,155,12,13115.0
130,2020-03-10,1,0,2020-05-09,863,53,41051.0
131,2020-03-10,1,0,2020-05-09,17881,891,42101.0
132,2020-03-10,1,0,2020-05-09,7692,841,26125.0
133,2020-03-10,1,0,2020-05-09,17960,2082,26163.0
134,2020-03-10,1,0,2020-05-09,518,29,27003.0
135,2020-03-10,2,0,2020-05-09,3531,194,34005.0
136,2020-03-10,2,0,2020-05-09,1127,30,51107.0
137,2020-03-10,1,0,2020-05-09,397,14,53057.0
138,2020-03-10,1,0,2020-05-09,330,33,53073.0
139,2020-03-10,1,0,2020-05-09,175,2,49057.0
140,2020-03-10,1,0,2020-05-09,21,2,46005.0
141,2020-03-10,1,0,2020-05-09,5,0,46023.0
142,2020-03-10,2,1,2020-05-09,7,1,46035.0
143,2020-03-10,1,0,2020-05-09,2767,29,46099.0
144,2020-03-10,1,0,2020-05-09,54,1,47163.0
145,2020-03-10,2,0,2020-05-09,5619,143,48113.0
146,2020-03-10,1,0,2020-05-09,699,16,48339.0
147,2020-03-10,1,0,2020-05-09,3210,101,48439.0
148,2020-03-10,1,0,2020-05-09,666,19,6111.0
149,2020-03-10,1,0,2020-05-09,173,6,8051.0
150,2020-03-10,1,0,2020-05-09,308,5,12001.0
151,2020-03-10,1,0,2020-05-09,605,28,6077.0
152,2020-03-10,3,0,2020-05-09,734,27,12021.0
153,2020-03-10,1,0,2020-05-09,233,33,18011.0
154,2020-03-10,5,0,2020-05-09,6674,468,22071.0
155,2020-03-10,1,0,2020-05-09,11211,625,25009.0
156,2020-03-10,1,0,2020-05-09,8,1,18001.0
157,2020-03-10,1,0,2020-05-09,936,52,17111.0
158,2020-03-10,1,0,2020-05-09,60,1,12089.0
159,2020-03-10,1,0,2020-05-09,2818,88,17089.0
160,2020-03-10,1,0,2020-05-09,293,9,12101.0
161,2020-03-10,2,0,2020-05-09,848,59,12103.0
162,2020-03-10,1,0,2020-05-09,17,0,13049.0
163,2020-03-11,1,0,2020-05-10,86,0,41017.0
164,2020-03-11,1,0,2020-05-10,27,1,38101.0
165,2020-03-11,1,0,2020-05-10,500,67,39151.0
166,2020-03-11,2,0,2020-05-10,3966,341,42017.0
167,2020-03-11,1,0,2020-05-10,84,5,41053.0
168,2020-03-11,1,0,2020-05-10,85,1,41059.0
169,2020-03-11,2,0,2020-05-10,102,8,41043.0
170,2020-03-11,1,0,2020-05-10,314,21,28035.0
171,2020-03-11,2,0,2020-05-10,13937,793,34023.0
172,2020-03-11,1,0,2020-05-10,1073,46,35001.0
173,2020-03-11,1,0,2020-05-10,111,1,35049.0
174,2020-03-11,2,0,2020-05-10,48,2,35053.0
175,2020-03-11,1,0,2020-05-10,1822,143,36055.0
176,2020-03-11,1,0,2020-05-10,179,9,53029.0
177,2020-03-11,2,0,2020-05-10,1368,61,51013.0
178,2020-03-11,1,0,2020-05-10,123,1,53067.0
179,2020-03-11,2,0,2020-05-10,93,3,55039.0
180,2020-03-11,1,0,2020-05-10,400,23,55133.0
181,2020-03-11,1,0,2020-05-10,16,0,56033.0
182,2020-03-11,1,0,2020-05-10,368,9,27109.0
183,2020-03-11,1,0,2020-05-10,432,37,50007.0
184,2020-03-11,1,0,2020-05-10,110,4,45057.0
185,2020-03-11,1,0,2020-05-10,4,0,46009.0
186,2020-03-11,1,0,2020-05-10,118,0,48183.0
187,2020-03-11,9,0,2020-05-10,54,2,8097.0
188,2020-03-11,1,0,2020-05-10,2331,95,10003.0
189,2020-03-11,1,0,2020-05-10,14006,487,12086.0
190,2020-03-11,2,0,2020-05-10,501,21,6099.0
191,2020-03-11,1,0,2020-05-10,234,19,5069.0
192,2020-03-11,1,0,2020-05-10,817,30,18141.0
193,2020-03-11,1,0,2020-05-10,1751,133,22017.0
194,2020-03-11,3,0,2020-05-10,822,89,18081.0
195,2020-03-11,1,0,2020-05-10,3878,191,24005.0
196,2020-03-11,1,0,2020-05-10,246,10,18067.0
197,2020-03-11,1,0,2020-05-10,222,4,12109.0
198,2020-03-11,3,0,2020-05-10,363,31,13015.0
199,2020-03-11,1,0,2020-05-10,5245,173,17097.0
200,2020-03-11,1,0,2020-05-10,185,4,13185.0
201,2020-03-11,1,0,2020-05-10,340,22,13177.0
202,2020-03-12,1,0,2020-05-11,54,2,37133.0
203,2020-03-12,1,0,2020-05-11,209,18,37101.0
204,2020-03-12,2,0,2020-05-11,379,5,37067.0
205,2020-03-12,1,0,2020-05-11,350,17,37025.0
206,2020-03-12,1,0,2020-05-11,408,35,39155.0
207,2020-03-12,2,0,2020-05-11,2134,63,37119.0
208,2020-03-12,1,0,2020-05-11,268,9,41005.0
209,2020-03-12,1,0,2020-05-11,9599,318,36071.0
210,2020-03-12,1,0,2020-05-11,11,0,31025.0
211,2020-03-12,1,0,2020-05-11,55,2,32510.0
212,2020-03-12,1,0,2020-05-11,15602,1426,34013.0
213,2020-03-12,1,0,2020-05-11,5876,518,34027.0
214,2020-03-12,2,0,2020-05-11,1456,112,36001.0
215,2020-03-12,1,0,2020-05-11,65,0,36025.0
216,2020-03-12,1,0,2020-05-11,3378,106,36027.0
217,2020-03-12,1,0,2020-05-11,81,1,36043.0
218,2020-03-12,1,0,2020-05-11,2465,160,42095.0
219,2020-03-12,1,0,2020-05-11,433,21,42103.0
220,2020-03-12,1,0,2020-05-11,171,16,51085.0
221,2020-03-12,3,0,2020-05-11,173,15,51095.0
222,2020-03-12,1,0,2020-05-11,66,2,51147.0
223,2020-03-12,1,0,2020-05-11,2991,53,51153.0
224,2020-03-12,1,0,2020-05-11,1,0,53013.0
225,2020-03-12,1,0,2020-05-11,13,0,53027.0
226,2020-03-12,1,0,2020-05-11,103,8,29077.0
227,2020-03-12,2,0,2020-05-11,1966,63,53077.0
228,2020-03-12,1,0,2020-05-11,1224,30,51510.0
229,2020-03-12,1,0,2020-05-11,280,5,47093.0
230,2020-03-12,1,0,2020-05-11,1161,109,9005.0
231,2020-03-12,1,0,2020-05-11,302,21,12019.0
232,2020-03-12,1,0,2020-05-11,1171,29,12031.0
233,2020-03-12,2,0,2020-05-11,3887,238,12099.0
234,2020-03-12,2,0,2020-05-11,2278,81,8001.0
235,2020-03-12,2,0,2020-05-11,1443,6,27145.0
236,2020-03-12,1,0,2020-05-11,195,4,2020.0
237,2020-03-12,5,0,2020-05-11,630,23,5119.0
238,2020-03-12,1,0,2020-05-11,1159,50,6107.0
239,2020-03-12,2,0,2020-05-11,430,57,12115.0
240,2020-03-12,1,0,2020-05-11,415,11,12117.0
241,2020-03-12,1,0,2020-05-11,11,0,21173.0
242,2020-03-12,1,0,2020-05-11,92,2,23001.0
243,2020-03-12,1,0,2020-05-11,586,17,26065.0
244,2020-03-12,3,0,2020-05-11,2332,42,26081.0
245,2020-03-12,1,0,2020-05-11,46,1,26117.0
246,2020-03-12,1,0,2020-05-11,358,25,26147.0
247,2020-03-12,2,0,2020-05-11,1192,81,26161.0
248,2020-03-12,1,0,2020-05-11,471,15,27037.0
249,2020-03-12,1,0,2020-05-11,3744,398,27053.0
250,2020-03-12,1,1,2020-05-11,1121,65,20209.0
251,2020-03-12,1,0,2020-05-11,6,0,19027.0
252,2020-03-13,1,0,2020-05-12,755,13,37191.0
253,2020-03-13,1,0,2020-05-12,581,26,36093.0
254,2020-03-13,1,0,2020-05-12,997,43,40109.0
255,2020-03-13,3,0,2020-05-12,461,33,42041.0
256,2020-03-13,1,0,2020-05-12,1973,189,42029.0
257,2020-03-13,1,0,2020-05-12,82,2,30111.0
258,2020-03-13,1,0,2020-05-12,16,0,30049.0
259,2020-03-13,1,0,2020-05-12,149,1,30031.0
260,2020-03-13,1,0,2020-05-12,9,1,29083.0
261,2020-03-13,1,0,2020-05-12,190,25,28109.0
262,2020-03-13,1,0,2020-05-12,11,0,30093.0
263,2020-03-13,1,0,2020-05-12,7633,562,34029.0
264,2020-03-13,1,0,2020-05-12,126,4,42125.0
265,2020-03-13,1,0,2020-05-12,221,2,53025.0
266,2020-03-13,1,0,2020-05-12,584,21,51660.0
267,2020-03-13,1,0,2020-05-12,191,20,28083.0
268,2020-03-13,1,0,2020-05-12,193,4,56013.0
269,2020-03-13,3,0,2020-05-12,66,2,55117.0
270,2020-03-13,1,0,2020-05-12,763,17,55101.0
271,2020-03-13,2,0,2020-05-12,4069,235,55079.0
272,2020-03-13,1,0,2020-05-12,26,0,47089.0
273,2020-03-13,1,0,2020-05-12,258,14,47065.0
274,2020-03-13,1,0,2020-05-12,5,1,46087.0
275,2020-03-13,1,0,2020-05-12,764,18,47149.0
276,2020-03-13,4,0,2020-05-12,2235,71,48453.0
277,2020-03-13,3,0,2020-05-12,185,4,48423.0
278,2020-03-13,1,0,2020-05-12,1413,33,48141.0
279,2020-03-13,1,0,2020-05-12,223,3,48027.0
280,2020-03-13,1,0,2020-05-12,688,29,48167.0
281,2020-03-13,1,0,2020-05-12,119,1,27171.0
282,2020-03-13,1,0,2020-05-12,2190,117,8123.0
283,2020-03-13,2,0,2020-05-12,171,2,8117.0
284,2020-03-13,1,0,2020-05-12,59,6,8107.0
285,2020-03-13,1,0,2020-05-12,188,12,8101.0
286,2020-03-13,1,0,2020-05-12,580,15,12097.0
287,2020-03-13,1,0,2020-05-12,1536,34,12095.0
288,2020-03-13,1,0,2020-05-12,15,1,8019.0
289,2020-03-13,1,0,2020-05-12,291,7,1125.0
290,2020-03-13,1,0,2020-05-12,684,18,1101.0
291,2020-03-13,1,0,2020-05-12,58,0,1083.0
292,2020-03-13,2,0,2020-05-12,1153,62,1073.0
293,2020-03-13,1,0,2020-05-12,156,4,1051.0
294,2020-03-13,1,0,2020-05-12,165,1,28029.0
295,2020-03-13,1,0,2020-05-12,58,2,6069.0
296,2020-03-13,1,0,2020-05-12,762,55,24017.0
297,2020-03-13,1,0,2020-05-12,2530,127,24003.0
298,2020-03-13,1,0,2020-05-12,721,31,23005.0
299,2020-03-13,1,0,2020-05-12,533,39,22109.0
300,2020-03-13,2,0,2020-05-12,1477,141,22103.0
301,2020-03-13,1,0,2020-05-12,596,43,22089.0
302,2020-03-13,1,0,2020-05-12,13,1,26029.0
303,2020-03-13,1,0,2020-05-12,6097,710,26099.0
304,2020-03-13,1,0,2020-05-12,9,0,26089.0
305,2020-03-13,1,0,2020-05-12,214,10,26017.0
306,2020-03-13,1,0,2020-05-12,744,21,16001.0
307,2020-03-13,1,0,2020-05-12,614,15,13151.0
308,2020-03-13,2,0,2020-05-12,125,16,13129.0
309,2020-03-13,1,0,2020-05-12,18,0,20015.0
310,2020-03-13,1,0,2020-05-12,17,0,19085.0
311,2020-03-14,2,0,2020-05-13,276,7,39013.0
312,2020-03-14,4,0,2020-05-13,509,15,39017.0
313,2020-03-14,1,0,2020-05-13,50,4,37019.0
314,2020-03-14,1,0,2020-05-13,4113,148,39049.0
315,2020-03-14,1,0,2020-05-13,569,49,39093.0
316,2020-03-14,2,0,2020-05-13,228,15,37085.0
317,2020-03-14,1,0,2020-05-13,55,4,37049.0
318,2020-03-14,2,0,2020-05-13,946,88,39153.0
319,2020-03-14,1,0,2020-05-13,1545,139,42003.0
320,2020-03-14,1,0,2020-05-13,229,1,39157.0
321,2020-03-14,1,0,2020-05-13,136,2,36109.0
322,2020-03-14,1,0,2020-05-13,20,1,40065.0
323,2020-03-14,1,0,2020-05-13,108,16,36107.0
324,2020-03-14,2,0,2020-05-13,39,1,30063.0
325,2020-03-14,1,0,2020-05-13,5499,360,34021.0
326,2020-03-14,1,0,2020-05-13,382,31,36007.0
327,2020-03-14,2,0,2020-05-13,477,22,35043.0
328,2020-03-14,1,0,2020-05-13,270,4,51177.0
329,2020-03-14,1,0,2020-05-13,862,29,51041.0
330,2020-03-14,2,0,2020-05-13,46,2,50027.0
331,2020-03-14,1,0,2020-05-13,102,1,55139.0
332,2020-03-14,1,0,2020-05-13,38,1,50023.0
333,2020-03-14,1,0,2020-05-13,22,3,53039.0
334,2020-03-14,1,0,2020-05-13,17,1,47013.0
335,2020-03-14,1,0,2020-05-13,492,25,45063.0
336,2020-03-14,3,0,2020-05-13,282,12,45013.0
337,2020-03-14,2,0,2020-05-13,392,0,49043.0
338,2020-03-14,1,0,2020-05-13,217,3,48209.0
339,2020-03-14,2,0,2020-05-13,710,9,48039.0
340,2020-03-14,1,0,2020-05-13,9570,745,9009.0
341,2020-03-14,1,0,2020-05-13,7732,963,9003.0
342,2020-03-14,1,0,2020-05-13,51,0,8077.0
343,2020-03-14,2,0,2020-05-13,280,4,13077.0
344,2020-03-14,1,0,2020-05-13,21,0,4009.0
345,2020-03-14,1,0,2020-05-13,231,7,1003.0
346,2020-03-14,1,0,2020-05-13,797,57,8013.0
347,2020-03-14,1,0,2020-05-13,232,1,6079.0
348,2020-03-14,1,0,2020-05-13,5249,288,25005.0
349,2020-03-14,1,0,2020-05-13,1111,79,25001.0
350,2020-03-14,1,0,2020-05-13,595,61,24013.0
351,2020-03-14,1,0,2020-05-13,808,77,22095.0
352,2020-03-14,1,0,2020-05-13,716,60,22057.0
353,2020-03-14,1,0,2020-05-13,6,0,27129.0
354,2020-03-14,1,0,2020-05-13,404,18,26115.0
355,2020-03-14,1,0,2020-05-13,31,0,21179.0
356,2020-03-14,1,0,2020-05-13,15,1,17203.0
357,2020-03-14,2,0,2020-05-13,788,64,17163.0
358,2020-03-14,2,0,2020-05-13,292,25,17167.0
359,2020-03-14,1,0,2020-05-13,5244,271,17043.0
360,2020-03-14,1,0,2020-05-13,7,0,17035.0
361,2020-03-14,1,0,2020-05-13,11,0,16081.0
362,2020-03-14,2,0,2020-05-13,507,5,16013.0
363,2020-03-14,2,0,2020-05-13,21,0,15007.0
364,2020-03-14,1,0,2020-05-13,324,22,22015.0
365,2020-03-14,1,0,2020-05-13,8,1,21017.0
366,2020-03-14,1,0,2020-05-13,30,0,20059.0
367,2020-03-14,1,0,2020-05-13,741,8,19049.0
368,2020-03-14,1,0,2020-05-13,12,0,18179.0
369,2020-03-14,1,0,2020-05-13,340,12,18091.0
370,2020-03-15,1,0,2020-05-14,9,0,37189.0
371,2020-03-15,1,0,2020-05-14,218,9,37195.0
372,2020-03-15,1,0,2020-05-14,1883,195,39095.0
373,2020-03-15,1,0,2020-05-14,55,7,41071.0
374,2020-03-15,1,0,2020-05-14,44,1,40119.0
375,2020-03-15,1,0,2020-05-14,49,7,40071.0
376,2020-03-15,1,0,2020-05-14,458,35,40027.0
377,2020-03-15,1,0,2020-05-14,207,18,39103.0
378,2020-03-15,2,0,2020-05-14,1115,58,36079.0
379,2020-03-15,1,0,2020-05-14,1624,67,33011.0
380,2020-03-15,2,0,2020-05-14,717,18,28049.0
381,2020-03-15,1,0,2020-05-14,69,3,36057.0
382,2020-03-15,2,0,2020-05-14,207,2,36039.0
383,2020-03-15,3,0,2020-05-14,4671,411,36029.0
384,2020-03-15,1,0,2020-05-14,3378,133,42077.0
385,2020-03-15,1,0,2020-05-14,1435,11,49049.0
386,2020-03-15,1,0,2020-05-14,2,0,53043.0
387,2020-03-15,1,0,2020-05-14,32,3,53041.0
388,2020-03-15,3,0,2020-05-14,278,18,45051.0
389,2020-03-15,1,0,2020-05-14,996,46,45045.0
390,2020-03-15,2,0,2020-05-14,201,8,45007.0
391,2020-03-15,1,0,2020-05-14,2477,124,42079.0
392,2020-03-15,1,0,2020-05-14,1016,28,48121.0
393,2020-03-15,1,0,2020-05-14,282,18,27163.0
394,2020-03-15,1,0,2020-05-14,109,11,12017.0
395,2020-03-15,1,0,2020-05-14,26,3,12003.0
396,2020-03-15,1,0,2020-05-14,112,2,8045.0
397,2020-03-15,1,0,2020-05-14,18,0,27161.0
398,2020-03-15,6,0,2020-05-14,1643,132,13095.0
399,2020-03-15,2,0,2020-05-14,983,36,13063.0
400,2020-03-15,2,0,2020-05-14,192,13,13059.0
401,2020-03-15,1,0,2020-05-14,78,1,5125.0
402,2020-03-15,2,0,2020-05-14,126,1,5051.0
403,2020-03-15,2,0,2020-05-14,390,19,1117.0
404,2020-03-15,1,0,2020-05-14,447,30,1081.0
405,2020-03-15,1,0,2020-05-14,1382,11,6083.0
406,2020-03-15,1,0,2020-05-14,3198,139,6071.0
407,2020-03-15,1,0,2020-05-14,1287,40,24027.0
408,2020-03-15,1,0,2020-05-14,3514,192,24510.0
409,2020-03-15,1,0,2020-05-14,15,0,23015.0
410,2020-03-15,1,0,2020-05-14,516,18,22087.0
411,2020-03-15,1,0,2020-05-14,4974,487,25013.0
412,2020-03-15,3,0,2020-05-14,6774,435,25023.0
413,2020-03-15,1,0,2020-05-14,483,23,26139.0
414,2020-03-15,1,0,2020-05-14,1337,39,17201.0
415,2020-03-15,1,0,2020-05-14,112,8,17195.0
416,2020-03-15,1,0,2020-05-14,155,13,17027.0
417,2020-03-15,1,0,2020-05-14,117,6,15009.0
418,2020-03-15,1,0,2020-05-14,263,8,13217.0
419,2020-03-15,1,0,2020-05-14,978,88,18057.0
420,2020-03-15,1,0,2020-05-14,20,0,21049.0
421,2020-03-15,1,0,2020-05-14,2634,67,19153.0
422,2020-03-15,2,0,2020-05-14,115,4,19005.0
423,2020-03-16,1,0,2020-05-15,938,37,37063.0
424,2020-03-16,1,0,2020-05-15,212,24,39055.0
425,2020-03-16,1,0,2020-05-15,116,3,40017.0
426,2020-03-16,1,0,2020-05-15,51,5,41003.0
427,2020-03-16,1,0,2020-05-15,215,23,28095.0
428,2020-03-16,1,0,2020-05-15,133,7,36069.0
429,2020-03-16,1,0,2020-05-15,39,0,33003.0
430,2020-03-16,1,0,2020-05-15,73,8,29037.0
431,2020-03-16,1,0,2020-05-15,78,10,28045.0
432,2020-03-16,1,0,2020-05-15,777,49,34019.0
433,2020-03-16,1,0,2020-05-15,1440,82,36067.0
434,2020-03-16,2,0,2020-05-15,44,0,36003.0
435,2020-03-16,4,0,2020-05-15,4181,359,34035.0
436,2020-03-16,1,0,2020-05-15,62,3,51199.0
437,2020-03-16,1,0,2020-05-15,442,4,51179.0
438,2020-03-16,1,0,2020-05-15,8,0,50017.0
439,2020-03-16,1,0,2020-05-15,196,1,49051.0
440,2020-03-16,1,0,2020-05-15,5,0,55141.0
441,2020-03-16,1,0,2020-05-15,128,4,55087.0
442,2020-03-16,1,0,2020-05-15,86,0,49045.0
443,2020-03-16,1,0,2020-05-15,108,8,45039.0
444,2020-03-16,2,1,2020-05-15,66,5,48321.0
445,2020-03-16,1,0,2020-05-15,122,11,48037.0
446,2020-03-16,1,0,2020-05-15,66,2,47155.0
447,2020-03-16,1,0,2020-05-15,682,20,12033.0
448,2020-03-16,1,0,2020-05-15,249,14,12069.0
449,2020-03-16,1,0,2020-05-15,397,11,13117.0
450,2020-03-16,1,0,2020-05-15,952,8,5079.0
451,2020-03-16,1,0,2020-05-15,18,0,5041.0
452,2020-03-16,1,0,2020-05-15,16,0,5025.0
453,2020-03-16,1,0,2020-05-15,72,4,5023.0
454,2020-03-16,2,0,2020-05-15,85,2,2090.0
455,2020-03-16,1,0,2020-05-15,41,1,6057.0
456,2020-03-16,1,0,2020-05-15,2140,40,13139.0
457,2020-03-16,1,0,2020-05-15,65,1,24041.0
458,2020-03-16,1,0,2020-05-15,1371,88,24021.0
459,2020-03-16,1,0,2020-05-15,76,0,27013.0
460,2020-03-16,1,0,2020-05-15,117,2,27009.0
461,2020-03-16,1,0,2020-05-15,4277,237,17197.0
462,2020-03-16,1,0,2020-05-15,156,6,17143.0
463,2020-03-16,1,0,2020-05-15,749,48,22005.0
464,2020-03-16,1,0,2020-05-15,195,6,13285.0
465,2020-03-16,1,0,2020-05-15,240,10,13223.0
466,2020-03-16,1,0,2020-05-15,398,33,18005.0
467,2020-03-16,1,0,2020-05-15,255,33,18043.0
468,2020-03-17,1,0,2020-05-16,232,1,37163.0
469,2020-03-17,1,0,2020-05-16,1217,24,36105.0
470,2020-03-17,1,0,2020-05-16,1106,32,38017.0
471,2020-03-17,2,0,2020-05-16,20,0,39031.0
472,2020-03-17,2,0,2020-05-16,112,0,38015.0
473,2020-03-17,1,0,2020-05-16,181,5,37097.0
474,2020-03-17,1,0,2020-05-16,78,3,36121.0
475,2020-03-17,1,0,2020-05-16,111,16,39037.0
476,2020-03-17,1,0,2020-05-16,219,8,39085.0
477,2020-03-17,2,1,2020-05-16,64,2,41039.0
478,2020-03-17,1,0,2020-05-16,29,2,40117.0
479,2020-03-17,1,0,2020-05-16,1199,146,39099.0
480,2020-03-17,1,0,2020-05-16,438,30,36083.0
481,2020-03-17,1,0,2020-05-16,331,2,31153.0
482,2020-03-17,1,0,2020-05-16,8,0,31107.0
483,2020-03-17,2,0,2020-05-16,1811,113,34015.0
484,2020-03-17,2,0,2020-05-16,432,16,29095.0
485,2020-03-17,1,0,2020-05-16,55,1,29051.0
486,2020-03-17,1,0,2020-05-16,100,1,29019.0
487,2020-03-17,1,0,2020-05-16,91,4,36019.0
488,2020-03-17,1,0,2020-05-16,1077,118,34041.0
489,2020-03-17,1,0,2020-05-16,22,0,35055.0
490,2020-03-17,1,0,2020-05-16,518,83,42007.0
491,2020-03-17,1,0,2020-05-16,564,17,53021.0
492,2020-03-17,1,0,2020-05-16,43,3,51830.0
493,2020-03-17,2,0,2020-05-16,1226,113,51087.0
494,2020-03-17,1,0,2020-05-16,87,5,51075.0
495,2020-03-17,1,0,2020-05-16,71,2,51540.0
496,2020-03-17,1,0,2020-05-16,284,13,28059.0
497,2020-03-17,1,0,2020-05-16,1,0,56029.0
498,2020-03-17,2,0,2020-05-16,181,1,56021.0
499,2020-03-17,4,0,2020-05-16,820,18,55059.0
500,2020-03-17,1,0,2020-05-16,30,1,53045.0
501,2020-03-17,1,0,2020-05-16,98,1,54037.0
502,2020-03-17,1,0,2020-05-16,290,5,45091.0
503,2020-03-17,1,0,2020-05-16,1222,60,45079.0
504,2020-03-17,1,0,2020-05-16,9,1,45017.0
505,2020-03-17,2,0,2020-05-16,616,50,48303.0
506,2020-03-17,2,0,2020-05-16,247,12,48139.0
507,2020-03-17,1,0,2020-05-16,318,18,48041.0
508,2020-03-17,1,0,2020-05-16,359,10,12009.0
509,2020-03-17,1,0,2020-05-16,3658,112,10005.0
510,2020-03-17,1,0,2020-05-16,722,41,12105.0
511,2020-03-17,1,0,2020-05-16,1238,48,4017.0
512,2020-03-17,1,0,2020-05-16,16,0,2130.0
513,2020-03-17,1,0,2020-05-16,90,1,1115.0
514,2020-03-17,1,0,2020-05-16,275,4,1089.0
515,2020-03-17,1,0,2020-05-16,215,6,28047.0
516,2020-03-17,1,0,2020-05-16,1483,25,6029.0
517,2020-03-17,2,0,2020-05-16,321,8,6053.0
518,2020-03-17,1,0,2020-05-16,490,17,13245.0
519,2020-03-17,1,0,2020-05-16,288,8,23031.0
520,2020-03-17,1,0,2020-05-16,17,0,23017.0
521,2020-03-17,1,0,2020-05-16,120,8,23011.0
522,2020-03-17,1,0,2020-05-16,363,32,22117.0
523,2020-03-17,1,0,2020-05-16,180,6,13313.0
524,2020-03-17,1,0,2020-05-16,33,2,27103.0
525,2020-03-17,2,0,2020-05-16,117,5,27091.0
526,2020-03-17,1,0,2020-05-16,414,26,26075.0
527,2020-03-17,1,0,2020-05-16,99,10,26137.0
528,2020-03-17,2,0,2020-05-16,110,8,18047.0
529,2020-03-17,1,0,2020-05-16,76,0,15001.0
530,2020-03-17,1,0,2020-05-16,19,0,16065.0
531,2020-03-17,2,0,2020-05-16,2840,150,18089.0
532,2020-03-17,1,0,2020-05-16,14,3,21143.0
533,2020-03-17,1,0,2020-05-16,3009,208,22033.0
534,2020-03-17,1,0,2020-05-16,1299,2,20057.0
535,2020-03-17,1,0,2020-05-16,4,0,19001.0
536,2020-03-17,1,0,2020-05-16,1571,29,19013.0
537,2020-03-17,1,0,2020-05-16,60,0,20045.0
538,2020-03-18,1,0,2020-05-17,120,3,37129.0
539,2020-03-18,1,0,2020-05-17,139,3,39023.0
540,2020-03-18,2,0,2020-05-17,40,2,38059.0
541,2020-03-18,1,0,2020-05-17,15,0,39005.0
542,2020-03-18,1,0,2020-05-17,116,10,37125.0
543,2020-03-18,1,0,2020-05-17,232,27,36113.0
544,2020-03-18,1,0,2020-05-17,219,11,36115.0
545,2020-03-18,1,0,2020-05-17,48,0,37109.0
546,2020-03-18,1,0,2020-05-17,203,6,37071.0
547,2020-03-18,1,0,2020-05-17,846,47,37081.0
548,2020-03-18,1,0,2020-05-17,149,0,37093.0
549,2020-03-18,1,0,2020-05-17,258,5,39041.0
550,2020-03-18,1,0,2020-05-17,189,6,42001.0
551,2020-03-18,1,0,2020-05-17,41,1,39077.0
552,2020-03-18,1,0,2020-05-17,332,30,39109.0
553,2020-03-18,2,0,2020-05-17,53,0,33001.0
554,2020-03-18,1,0,2020-05-17,278,12,33013.0
555,2020-03-18,3,0,2020-05-17,1758,112,34001.0
556,2020-03-18,1,0,2020-05-17,701,52,29183.0
557,2020-03-18,1,0,2020-05-17,44,2,31111.0
558,2020-03-18,1,0,2020-05-17,252,8,31001.0
559,2020-03-18,1,0,2020-05-17,1654,97,29510.0
560,2020-03-18,1,0,2020-05-17,5,0,36041.0
561,2020-03-18,1,0,2020-05-17,71,0,36045.0
562,2020-03-18,1,0,2020-05-17,110,4,36051.0
563,2020-03-18,1,0,2020-05-17,41,0,36031.0
564,2020-03-18,1,0,2020-05-17,117,2,36017.0
565,2020-03-18,1,0,2020-05-17,3677,208,42011.0
566,2020-03-18,4,0,2020-05-17,758,18,51760.0
567,2020-03-18,1,1,2020-05-17,775,57,53005.0
568,2020-03-18,1,0,2020-05-17,22,1,51036.0
569,2020-03-18,1,0,2020-05-17,45,0,55063.0
570,2020-03-18,2,0,2020-05-17,148,4,55131.0
571,2020-03-18,1,0,2020-05-17,100,1,56039.0
572,2020-03-18,1,0,2020-05-17,12,0,54055.0
573,2020-03-18,1,0,2020-05-17,2096,22,55009.0
574,2020-03-18,2,0,2020-05-17,63,0,49005.0
575,2020-03-18,1,0,2020-05-17,164,11,45061.0
576,2020-03-18,1,0,2020-05-17,88,0,47021.0
577,2020-03-18,2,0,2020-05-17,1344,149,42069.0
578,2020-03-18,2,0,2020-05-17,851,16,42133.0
579,2020-03-18,1,0,2020-05-17,8,1,48285.0
580,2020-03-18,5,0,2020-05-17,98,4,48309.0
581,2020-03-18,1,0,2020-05-17,50,2,48325.0
582,2020-03-18,1,0,2020-05-17,477,18,48479.0
583,2020-03-18,1,0,2020-05-17,78,2,48485.0
584,2020-03-18,4,0,2020-05-17,481,19,48491.0
585,2020-03-18,1,0,2020-05-17,25,1,49003.0
586,2020-03-18,1,0,2020-05-17,42,1,48401.0
587,2020-03-18,1,0,2020-05-17,274,0,47147.0
588,2020-03-18,2,0,2020-05-17,739,41,47165.0
589,2020-03-18,1,0,2020-05-17,36,2,28111.0
590,2020-03-18,1,0,2020-05-17,279,6,12073.0
591,2020-03-18,1,0,2020-05-17,12,0,8125.0
592,2020-03-18,1,0,2020-05-17,909,125,9007.0
593,2020-03-18,3,0,2020-05-17,1197,52,10001.0
594,2020-03-18,1,0,2020-05-17,314,16,13153.0
595,2020-03-18,1,0,2020-05-17,251,16,12119.0
596,2020-03-18,1,0,2020-05-17,77,2,12131.0
597,2020-03-18,1,0,2020-05-17,205,6,13073.0
598,2020-03-18,1,0,2020-05-17,15,1,5011.0
599,2020-03-18,1,0,2020-05-17,93,3,5045.0
600,2020-03-18,1,0,2020-05-17,143,5,5143.0
601,2020-03-18,1,0,2020-05-17,130,3,1015.0
602,2020-03-18,1,0,2020-05-17,866,64,4005.0
603,2020-03-18,1,0,2020-05-17,78,2,1121.0
604,2020-03-18,1,0,2020-05-17,25,1,2122.0
605,2020-03-18,1,0,2020-05-17,14,0,6045.0
606,2020-03-18,1,0,2020-05-17,308,44,25011.0
607,2020-03-18,1,0,2020-05-17,93,1,23019.0
608,2020-03-18,2,0,2020-05-17,129,10,28011.0
609,2020-03-18,2,0,2020-05-17,76,3,28027.0
610,2020-03-18,1,0,2020-05-17,240,2,27131.0
611,2020-03-18,1,0,2020-05-17,386,5,28033.0
612,2020-03-18,1,0,2020-05-17,533,17,28089.0
613,2020-03-18,1,0,2020-05-17,412,36,18019.0
614,2020-03-18,1,0,2020-05-17,71,4,18041.0
615,2020-03-18,1,0,2020-05-17,118,6,18079.0
616,2020-03-18,1,0,2020-05-17,552,66,18095.0
617,2020-03-18,1,0,2020-05-17,52,1,17199.0
618,2020-03-18,1,0,2020-05-17,17,0,17189.0
619,2020-03-18,1,0,2020-05-17,318,14,16083.0
620,2020-03-18,1,0,2020-05-17,181,10,17077.0
621,2020-03-18,1,0,2020-05-17,893,37,17091.0
622,2020-03-18,3,0,2020-05-17,563,20,17093.0
623,2020-03-18,1,0,2020-05-17,120,8,17099.0
624,2020-03-18,1,0,2020-05-17,490,42,17119.0
625,2020-03-18,1,0,2020-05-17,20,0,21073.0
626,2020-03-18,1,0,2020-05-17,444,30,21117.0
627,2020-03-18,1,0,2020-05-17,776,2,21227.0
628,2020-03-18,2,0,2020-05-17,958,6,20103.0
629,2020-03-18,1,0,2020-05-17,172,8,19183.0
630,2020-03-18,1,0,2020-05-17,18,0,19191.0
631,2020-03-19,1,0,2020-05-18,48,0,36095.0
632,2020-03-19,1,0,2020-05-18,97,1,36117.0
633,2020-03-19,1,0,2020-05-18,18,1,40083.0
634,2020-03-19,1,0,2020-05-18,86,2,40087.0
635,2020-03-19,1,0,2020-05-18,303,30,40147.0
636,2020-03-19,1,0,2020-05-18,64,2,40051.0
637,2020-03-19,1,0,2020-05-18,12,0,40039.0
638,2020-03-19,2,0,2020-05-18,2082,112,39061.0
639,2020-03-19,1,0,2020-05-18,520,13,39113.0
640,2020-03-19,1,0,2020-05-18,161,2,39139.0
641,2020-03-19,1,0,2020-05-18,4,0,30007.0
642,2020-03-19,1,0,2020-05-18,37,2,30029.0
643,2020-03-19,1,0,2020-05-18,8,1,30057.0
644,2020-03-19,1,0,2020-05-18,7,0,30085.0
645,2020-03-19,1,0,2020-05-18,3,0,31127.0
646,2020-03-19,1,0,2020-05-18,21,1,32007.0
647,2020-03-19,1,0,2020-05-18,298,20,28051.0
648,2020-03-19,1,0,2020-05-18,342,9,28067.0
649,2020-03-19,1,0,2020-05-18,532,8,28123.0
650,2020-03-19,1,0,2020-05-18,46,0,28147.0
651,2020-03-19,1,0,2020-05-18,78,9,28157.0
652,2020-03-19,1,0,2020-05-18,83,0,28159.0
653,2020-03-19,1,0,2020-05-18,190,2,28163.0
654,2020-03-19,1,0,2020-05-18,10,0,35047.0
655,2020-03-19,1,0,2020-05-18,506,41,34009.0
656,2020-03-19,2,0,2020-05-18,1061,138,34037.0
657,2020-03-19,1,0,2020-05-18,21,0,53009.0
658,2020-03-19,3,1,2020-05-18,122,11,55089.0
659,2020-03-19,1,0,2020-05-18,77,3,55111.0
660,2020-03-19,2,0,2020-05-18,284,12,55127.0
661,2020-03-19,1,0,2020-05-18,70,0,55035.0
662,2020-03-19,4,0,2020-05-18,36,1,55021.0
663,2020-03-19,1,0,2020-05-18,116,5,54061.0
664,2020-03-19,2,0,2020-05-18,4,0,54093.0
665,2020-03-19,1,0,2020-05-18,3,1,55007.0
666,2020-03-19,1,0,2020-05-18,58,1,55015.0
667,2020-03-19,1,0,2020-05-18,22,1,48467.0
668,2020-03-19,1,0,2020-05-18,114,3,45035.0
669,2020-03-19,1,0,2020-05-18,35,0,45001.0
670,2020-03-19,1,0,2020-05-18,123,0,45081.0
671,2020-03-19,2,0,2020-05-18,2552,263,42071.0
672,2020-03-19,1,0,2020-05-18,877,21,42075.0
673,2020-03-19,2,0,2020-05-18,432,38,42129.0
674,2020-03-19,1,0,2020-05-18,2,0,48103.0
675,2020-03-19,1,0,2020-05-18,17,1,48123.0
676,2020-03-19,2,0,2020-05-18,148,4,48251.0
677,2020-03-19,1,0,2020-05-18,619,27,48061.0
678,2020-03-19,1,0,2020-05-18,93,1,47035.0
679,2020-03-19,1,0,2020-05-18,44,0,47045.0
680,2020-03-19,1,0,2020-05-18,213,2,47125.0
681,2020-03-19,2,0,2020-05-18,66,0,47179.0
682,2020-03-19,2,0,2020-05-18,327,8,47189.0
683,2020-03-19,4,0,2020-05-18,110,5,12053.0
684,2020-03-19,1,0,2020-05-18,106,9,12061.0
685,2020-03-19,1,0,2020-05-18,131,0,12063.0
686,2020-03-19,1,0,2020-05-18,371,7,12085.0
687,2020-03-19,1,0,2020-05-18,5,0,8049.0
688,2020-03-19,1,0,2020-05-18,565,32,8087.0
689,2020-03-19,4,0,2020-05-18,735,54,9013.0
690,2020-03-19,1,0,2020-05-18,322,14,9015.0
691,2020-03-19,2,0,2020-05-18,77,1,13127.0
692,2020-03-19,2,0,2020-05-18,95,1,13175.0
693,2020-03-19,1,0,2020-05-18,69,2,13225.0
694,2020-03-19,1,0,2020-05-18,250,7,13247.0
695,2020-03-19,1,0,2020-05-18,45,1,13103.0
696,2020-03-19,2,1,2020-05-18,231,28,13099.0
697,2020-03-19,1,0,2020-05-18,397,17,13021.0
698,2020-03-19,1,0,2020-05-18,78,0,4023.0
699,2020-03-19,1,0,2020-05-18,267,5,4025.0
700,2020-03-19,1,0,2020-05-18,150,0,5007.0
701,2020-03-19,1,0,2020-05-18,4,0,5009.0
702,2020-03-19,1,0,2020-05-18,35,0,5019.0
703,2020-03-19,1,0,2020-05-18,141,0,5031.0
704,2020-03-19,1,0,2020-05-18,16,0,5053.0
705,2020-03-19,1,0,2020-05-18,24,0,5055.0
706,2020-03-19,1,0,2020-05-18,26,0,5063.0
707,2020-03-19,1,0,2020-05-18,27,2,5111.0
708,2020-03-19,1,0,2020-05-18,237,7,5035.0
709,2020-03-19,1,0,2020-05-18,8,0,5113.0
710,2020-03-19,1,0,2020-05-18,329,22,1017.0
711,2020-03-19,1,0,2020-05-18,1735,101,1097.0
712,2020-03-19,1,0,2020-05-18,139,0,1127.0
713,2020-03-19,1,0,2020-05-18,76,0,5115.0
714,2020-03-19,1,1,2020-05-18,39,1,8025.0
715,2020-03-19,1,0,2020-05-18,6,0,5129.0
716,2020-03-19,1,0,2020-05-18,16,0,5131.0
717,2020-03-19,1,0,2020-05-18,32,1,5133.0
718,2020-03-19,1,0,2020-05-18,28,2,5141.0
719,2020-03-19,1,0,2020-05-18,246,13,24009.0
720,2020-03-19,1,0,2020-05-18,837,21,24045.0
721,2020-03-19,1,0,2020-05-18,527,38,22047.0
722,2020-03-19,3,0,2020-05-18,598,23,22055.0
723,2020-03-19,1,0,2020-05-18,350,25,22063.0
724,2020-03-19,1,0,2020-05-18,194,16,22075.0
725,2020-03-19,1,1,2020-05-18,284,23,22093.0
726,2020-03-19,2,0,2020-05-18,235,51,22097.0
727,2020-03-19,1,0,2020-05-18,117,5,22119.0
728,2020-03-19,2,0,2020-05-18,148,30,22121.0
729,2020-03-19,1,0,2020-05-18,355,33,22045.0
730,2020-03-19,1,0,2020-05-18,774,72,25015.0
731,2020-03-19,1,0,2020-05-18,65,0,27099.0
732,2020-03-19,1,0,2020-05-18,259,1,27139.0
733,2020-03-19,1,0,2020-05-18,135,10,26037.0
734,2020-03-19,2,0,2020-05-18,165,6,26045.0
735,2020-03-19,1,0,2020-05-18,1869,231,26049.0
736,2020-03-19,3,0,2020-05-18,386,25,26093.0
737,2020-03-19,1,0,2020-05-18,71,8,26111.0
738,2020-03-19,1,0,2020-05-18,27,1,18119.0
739,2020-03-19,1,0,2020-05-18,520,40,22019.0
740,2020-03-19,1,0,2020-05-18,308,2,18157.0
741,2020-03-19,1,0,2020-05-18,97,3,21047.0
742,2020-03-19,1,0,2020-05-18,293,4,21059.0
743,2020-03-19,1,0,2020-05-18,50,2,21199.0
744,2020-03-19,1,0,2020-05-18,34,0,21209.0
745,2020-03-19,1,0,2020-05-18,170,5,18177.0
746,2020-03-19,1,0,2020-05-18,230,11,22007.0
747,2020-03-19,1,0,2020-05-18,536,20,20173.0
748,2020-03-19,1,0,2020-05-18,95,3,21101.0
749,2020-03-19,1,0,2020-05-18,7,0,20107.0
750,2020-03-19,2,0,2020-05-18,3,0,20127.0
751,2020-03-19,1,0,2020-05-18,276,10,19061.0
752,2020-03-19,1,0,2020-05-18,532,33,19139.0
753,2020-03-19,1,0,2020-05-18,8,0,20021.0
754,2020-03-20,1,0,2020-05-19,560,27,37159.0
755,2020-03-20,1,0,2020-05-19,87,7,37139.0
756,2020-03-20,1,0,2020-05-19,32,4,37167.0
757,2020-03-20,1,0,2020-05-19,221,2,37147.0
758,2020-03-20,1,0,2020-05-19,3,0,38069.0
759,2020-03-20,1,0,2020-05-19,8,1,38071.0
760,2020-03-20,1,0,2020-05-19,244,26,39007.0
761,2020-03-20,1,0,2020-05-19,453,45,39029.0
762,2020-03-20,3,0,2020-05-19,283,37,37135.0
763,2020-03-20,1,0,2020-05-19,35,3,37031.0
764,2020-03-20,1,0,2020-05-19,306,11,37057.0
765,2020-03-20,4,0,2020-05-19,129,20,37069.0
766,2020-03-20,1,0,2020-05-19,6,0,41061.0
767,2020-03-20,1,0,2020-05-19,1,0,41023.0
768,2020-03-20,1,0,2020-05-19,132,5,42027.0
769,2020-03-20,1,0,2020-05-19,2524,15,39101.0
770,2020-03-20,1,0,2020-05-19,36,0,39159.0
771,2020-03-20,2,0,2020-05-19,285,15,39165.0
772,2020-03-20,1,0,2020-05-19,15,1,40049.0
773,2020-03-20,1,0,2020-05-19,86,7,29201.0
774,2020-03-20,1,0,2020-05-19,136,1,31019.0
775,2020-03-20,1,0,2020-05-19,912,7,31109.0
776,2020-03-20,1,0,2020-05-19,57,1,32023.0
777,2020-03-20,1,0,2020-05-19,49,2,33005.0
778,2020-03-20,1,0,2020-05-19,120,9,28129.0
779,2020-03-20,3,0,2020-05-19,69,11,28139.0
780,2020-03-20,2,0,2020-05-19,21,0,29043.0
781,2020-03-20,1,0,2020-05-19,26,2,29069.0
782,2020-03-20,1,0,2020-05-19,36,1,29169.0
783,2020-03-20,1,0,2020-05-19,350,32,36021.0
784,2020-03-20,1,0,2020-05-19,182,11,36035.0
785,2020-03-20,1,0,2020-05-19,182,4,36037.0
786,2020-03-20,3,0,2020-05-19,845,39,36063.0
787,2020-03-20,2,0,2020-05-19,785,38,36065.0
788,2020-03-20,1,0,2020-05-19,1759,56,34011.0
789,2020-03-20,1,0,2020-05-19,330,2,35013.0
790,2020-03-20,1,0,2020-05-19,1987,79,35031.0
791,2020-03-20,1,0,2020-05-19,644,27,42055.0
792,2020-03-20,1,0,2020-05-19,209,10,51700.0
793,2020-03-20,1,0,2020-05-19,370,6,51710.0
794,2020-03-20,1,0,2020-05-19,237,10,51740.0
795,2020-03-20,2,0,2020-05-19,69,0,53015.0
796,2020-03-20,1,0,2020-05-19,62,2,50001.0
797,2020-03-20,1,0,2020-05-19,50,1,50021.0
798,2020-03-20,1,0,2020-05-19,701,9,51001.0
799,2020-03-20,1,0,2020-05-19,28,1,51073.0
800,2020-03-20,1,0,2020-05-19,62,2,55055.0
801,2020-03-20,1,0,2020-05-19,34,1,55073.0
802,2020-03-20,1,0,2020-05-19,438,14,55105.0
803,2020-03-20,2,0,2020-05-19,48,0,55109.0
804,2020-03-20,1,0,2020-05-19,29,0,56005.0
805,2020-03-20,1,0,2020-05-19,64,0,56025.0
806,2020-03-20,1,0,2020-05-19,46,0,55045.0
807,2020-03-20,1,0,2020-05-19,20,0,55033.0
808,2020-03-20,1,0,2020-05-19,15,0,53055.0
809,2020-03-20,1,0,2020-05-19,10,1,53065.0
810,2020-03-20,1,0,2020-05-19,135,17,54035.0
811,2020-03-20,1,0,2020-05-19,203,16,54039.0
812,2020-03-20,3,0,2020-05-19,295,6,28121.0
813,2020-03-20,1,0,2020-05-19,42,0,55017.0
814,2020-03-20,1,0,2020-05-19,15,0,55031.0
815,2020-03-20,1,0,2020-05-19,147,4,42049.0
816,2020-03-20,2,0,2020-05-19,115,2,45075.0
817,2020-03-20,1,0,2020-05-19,94,3,45077.0
818,2020-03-20,1,1,2020-05-19,547,29,45041.0
819,2020-03-20,1,0,2020-05-19,323,17,45085.0
820,2020-03-20,1,0,2020-05-19,37,1,47001.0
821,2020-03-20,1,0,2020-05-19,76,3,47009.0
822,2020-03-20,1,0,2020-05-19,84,1,47011.0
823,2020-03-20,1,0,2020-05-19,227,5,45031.0
824,2020-03-20,1,0,2020-05-19,4,0,42105.0
825,2020-03-20,1,0,2020-05-19,156,7,45003.0
826,2020-03-20,1,0,2020-05-19,203,15,45015.0
827,2020-03-20,1,0,2020-05-19,293,34,45027.0
828,2020-03-20,2,0,2020-05-19,93,0,47043.0
829,2020-03-20,1,0,2020-05-19,27,2,48147.0
830,2020-03-20,1,0,2020-05-19,24,1,48219.0
831,2020-03-20,1,0,2020-05-19,18,0,48459.0
832,2020-03-20,1,0,2020-05-19,21,0,48067.0
833,2020-03-20,1,0,2020-05-19,46,2,47059.0
834,2020-03-20,1,0,2020-05-19,24,2,47063.0
835,2020-03-20,1,0,2020-05-19,71,0,47119.0
836,2020-03-20,1,0,2020-05-19,407,2,47167.0
837,2020-03-20,1,0,2020-05-19,51,7,48049.0
838,2020-03-20,1,0,2020-05-19,184,11,28113.0
839,2020-03-20,1,0,2020-05-19,99,3,12087.0
840,2020-03-20,1,0,2020-05-19,22,0,8113.0
841,2020-03-20,1,0,2020-05-19,880,66,9011.0
842,2020-03-20,14,0,2020-05-19,418,21,13045.0
843,2020-03-20,1,0,2020-05-19,36,0,13201.0
844,2020-03-20,1,0,2020-05-19,102,7,13207.0
845,2020-03-20,1,0,2020-05-19,451,16,13215.0
846,2020-03-20,1,0,2020-05-19,81,3,13219.0
847,2020-03-20,2,0,2020-05-19,39,3,13227.0
848,2020-03-20,1,0,2020-05-19,169,21,13243.0
849,2020-03-20,2,0,2020-05-19,246,14,13255.0
850,2020-03-20,2,0,2020-05-19,421,39,13261.0
851,2020-03-20,2,0,2020-05-19,199,24,13273.0
852,2020-03-20,1,0,2020-05-19,188,14,13277.0
853,2020-03-20,1,0,2020-05-19,85,12,13287.0
854,2020-03-20,2,0,2020-05-19,201,18,13321.0
855,2020-03-20,1,0,2020-05-19,13,1,13181.0
856,2020-03-20,2,0,2020-05-19,379,16,13051.0
857,2020-03-20,1,0,2020-05-19,86,1,13085.0
858,2020-03-20,1,0,2020-05-19,445,19,13097.0
859,2020-03-20,1,0,2020-05-19,20,1,13149.0
860,2020-03-20,1,0,2020-05-19,44,1,13171.0
861,2020-03-20,1,0,2020-05-19,433,4,4027.0
862,2020-03-20,1,0,2020-05-19,70,0,1043.0
863,2020-03-20,1,0,2020-05-19,63,2,1071.0
864,2020-03-20,1,0,2020-05-19,15,0,1075.0
865,2020-03-20,1,0,2020-05-19,116,2,1077.0
866,2020-03-20,1,0,2020-05-19,61,5,1129.0
867,2020-03-20,1,0,2020-05-19,214,24,8014.0
868,2020-03-20,1,0,2020-05-19,20,0,8093.0
869,2020-03-20,1,0,2020-05-19,8,0,6005.0
870,2020-03-20,4,0,2020-05-19,902,17,6025.0
871,2020-03-20,1,0,2020-05-19,165,6,24047.0
872,2020-03-20,2,0,2020-05-19,504,15,22079.0
873,2020-03-20,1,0,2020-05-19,742,30,22105.0
874,2020-03-20,1,0,2020-05-19,177,15,28001.0
875,2020-03-20,1,0,2020-05-19,21,1,28037.0
876,2020-03-20,1,0,2020-05-19,49,5,28053.0
877,2020-03-20,1,0,2020-05-19,109,3,28071.0
878,2020-03-20,1,0,2020-05-19,80,0,28077.0
879,2020-03-20,1,0,2020-05-19,96,5,28081.0
880,2020-03-20,1,0,2020-05-19,67,3,28093.0
881,2020-03-20,1,0,2020-05-19,6,0,16011.0
882,2020-03-20,1,0,2020-05-19,38,1,27025.0
883,2020-03-20,1,0,2020-05-19,318,21,27027.0
884,2020-03-20,2,0,2020-05-19,17,1,27045.0
885,2020-03-20,1,0,2020-05-19,1060,72,18003.0
886,2020-03-20,1,0,2020-05-19,201,21,18053.0
887,2020-03-20,1,0,2020-05-19,417,28,18145.0
888,2020-03-20,1,0,2020-05-19,226,3,18163.0
889,2020-03-20,1,0,2020-05-19,120,7,18167.0
890,2020-03-20,1,0,2020-05-19,280,6,16027.0
891,2020-03-20,3,0,2020-05-19,66,0,16055.0
892,2020-03-20,1,0,2020-05-19,42,1,17001.0
893,2020-03-20,1,0,2020-05-19,32,5,17021.0
894,2020-03-20,4,0,2020-05-19,189,6,17113.0
895,2020-03-20,1,0,2020-05-19,106,3,22025.0
896,2020-03-20,2,0,2020-05-19,226,16,22031.0
897,2020-03-20,1,0,2020-05-19,47,1,21035.0
898,2020-03-20,1,0,2020-05-19,62,1,20161.0
899,2020-03-20,1,0,2020-05-19,51,0,20155.0
900,2020-03-21,2,0,2020-05-20,160,5,39025.0
901,2020-03-21,2,0,2020-05-20,237,18,36101.0
902,2020-03-21,1,0,2020-05-20,183,7,37021.0
903,2020-03-21,1,0,2020-05-20,118,3,37035.0
904,2020-03-21,1,0,2020-05-20,27,1,41033.0
905,2020-03-21,1,0,2020-05-20,208,12,42019.0
906,2020-03-21,1,1,2020-05-20,124,4,39043.0
907,2020-03-21,1,0,2020-05-20,197,9,39089.0
908,2020-03-21,2,0,2020-05-20,30,1,39039.0
909,2020-03-21,1,0,2020-05-20,139,4,28151.0
910,2020-03-21,3,0,2020-05-20,17,2,30013.0
911,2020-03-21,1,0,2020-05-20,13,0,30081.0
912,2020-03-21,1,0,2020-05-20,72,0,29101.0
913,2020-03-21,1,0,2020-05-20,54,2,28107.0
914,2020-03-21,1,0,2020-05-20,79,0,28127.0
915,2020-03-21,1,0,2020-05-20,45,2,28143.0
916,2020-03-21,1,0,2020-05-20,65,4,28145.0
917,2020-03-21,1,0,2020-05-20,7,1,29013.0
918,2020-03-21,1,0,2020-05-20,27,0,29097.0
919,2020-03-21,1,0,2020-05-20,18,0,35025.0
920,2020-03-21,1,0,2020-05-20,242,13,33017.0
921,2020-03-21,1,0,2020-05-20,120,3,51093.0
922,2020-03-21,1,0,2020-05-20,178,19,51117.0
923,2020-03-21,1,0,2020-05-20,274,25,51800.0
924,2020-03-21,1,0,2020-05-20,30,1,51067.0
925,2020-03-21,2,0,2020-05-20,99,5,50011.0
926,2020-03-21,2,0,2020-05-20,77,3,50025.0
927,2020-03-21,1,0,2020-05-20,142,4,51003.0
928,2020-03-21,1,0,2020-05-20,31,3,51023.0
929,2020-03-21,1,0,2020-05-20,16,1,56007.0
930,2020-03-21,4,0,2020-05-20,135,6,28087.0
931,2020-03-21,2,0,2020-05-20,25,0,54051.0
932,2020-03-21,1,0,2020-05-20,30,0,54079.0
933,2020-03-21,1,0,2020-05-20,28,1,45053.0
934,2020-03-21,1,0,2020-05-20,80,0,45069.0
935,2020-03-21,1,0,2020-05-20,33,1,45071.0
936,2020-03-21,2,0,2020-05-20,72,1,45047.0
937,2020-03-21,1,0,2020-05-20,25,1,47017.0
938,2020-03-21,1,0,2020-05-20,20,0,47029.0
939,2020-03-21,1,0,2020-05-20,50,0,42093.0
940,2020-03-21,1,0,2020-05-20,135,2,45033.0
941,2020-03-21,1,0,2020-05-20,45,2,45037.0
942,2020-03-21,1,0,2020-05-20,139,7,48117.0
943,2020-03-21,1,0,2020-05-20,28,1,48069.0
944,2020-03-21,1,0,2020-05-20,123,12,48329.0
945,2020-03-21,1,0,2020-05-20,3,1,48359.0
946,2020-03-21,2,0,2020-05-20,2196,24,48375.0
947,2020-03-21,1,0,2020-05-20,95,2,47047.0
948,2020-03-21,3,0,2020-05-20,51,2,47123.0
949,2020-03-21,5,0,2020-05-20,286,5,47141.0
950,2020-03-21,1,0,2020-05-20,9,0,47145.0
951,2020-03-21,2,0,2020-05-20,11,0,47151.0
952,2020-03-21,1,0,2020-05-20,152,2,48021.0
953,2020-03-21,1,0,2020-05-20,222,18,28085.0
954,2020-03-21,2,0,2020-05-20,228,5,12083.0
955,2020-03-21,1,0,2020-05-20,135,3,12107.0
956,2020-03-21,1,0,2020-05-20,336,28,12111.0
957,2020-03-21,2,0,2020-05-20,296,14,13009.0
958,2020-03-21,1,0,2020-05-20,86,3,12005.0
959,2020-03-21,1,0,2020-05-20,107,8,12055.0
960,2020-03-21,1,0,2020-05-20,88,1,13187.0
961,2020-03-21,1,0,2020-05-20,108,10,1093.0
962,2020-03-21,3,0,2020-05-20,1080,22,4001.0
963,2020-03-21,1,0,2020-05-20,46,1,4003.0
964,2020-03-21,2,0,2020-05-20,28,1,6115.0
965,2020-03-21,2,0,2020-05-20,69,18,8015.0
966,2020-03-21,3,0,2020-05-20,48,2,8039.0
967,2020-03-21,1,0,2020-05-20,3,0,8053.0
968,2020-03-21,1,0,2020-05-20,136,11,8085.0
969,2020-03-21,2,0,2020-05-20,6,0,6093.0
970,2020-03-21,1,0,2020-05-20,30,0,6007.0
971,2020-03-21,2,0,2020-05-20,67,0,6017.0
972,2020-03-21,1,0,2020-05-20,12,0,25019.0
973,2020-03-21,1,0,2020-05-20,364,9,24043.0
974,2020-03-21,1,0,2020-05-20,191,5,26005.0
975,2020-03-21,1,0,2020-05-20,57,1,26015.0
976,2020-03-21,2,0,2020-05-20,552,34,26021.0
977,2020-03-21,1,0,2020-05-20,320,19,26025.0
978,2020-03-21,1,0,2020-05-20,17,2,26035.0
979,2020-03-21,1,0,2020-05-20,64,1,24039.0
980,2020-03-21,1,0,2020-05-20,281,29,22101.0
981,2020-03-21,1,0,2020-05-20,28,0,23023.0
982,2020-03-21,1,0,2020-05-20,210,0,24011.0
983,2020-03-21,1,0,2020-05-20,16,0,27157.0
984,2020-03-21,1,0,2020-05-20,259,10,28007.0
985,2020-03-21,1,0,2020-05-20,86,3,28025.0
986,2020-03-21,2,0,2020-05-20,116,0,27147.0
987,2020-03-21,1,0,2020-05-20,63,2,28043.0
988,2020-03-21,3,0,2020-05-20,81,7,28057.0
989,2020-03-21,1,0,2020-05-20,276,3,17037.0
990,2020-03-21,1,0,2020-05-20,367,7,28079.0
991,2020-03-21,1,0,2020-05-20,19,1,28039.0
992,2020-03-21,1,0,2020-05-20,110,13,27137.0
993,2020-03-21,1,0,2020-05-20,957,100,26145.0
994,2020-03-21,1,0,2020-05-20,174,22,26157.0
995,2020-03-21,1,0,2020-05-20,11,2,26165.0
996,2020-03-21,1,0,2020-05-20,40,0,27039.0
997,2020-03-21,1,0,2020-05-20,36,0,27063.0
998,2020-03-21,1,0,2020-05-20,134,1,18103.0
999,2020-03-21,1,0,2020-05-20,52,1,18175.0
1000,2020-03-21,1,0,2020-05-20,25,0,19065.0
1001,2020-03-21,1,0,2020-05-20,49,1,19087.0
1002,2020-03-21,1,0,2020-05-20,306,27,18059.0
1003,2020-03-21,1,1,2020-05-20,297,24,18035.0
1004,2020-03-21,1,0,2020-05-20,782,27,18039.0
1005,2020-03-21,3,0,2020-05-20,902,73,19113.0
1006,2020-03-21,1,0,2020-05-20,176,20,18061.0
1007,2020-03-21,1,0,2020-05-20,16,0,21215.0
1008,2020-03-21,1,0,2020-05-20,96,9,22009.0
1009,2020-03-21,1,0,2020-05-20,52,4,22011.0
1010,2020-03-21,1,0,2020-05-20,84,20,22013.0
1011,2020-03-21,1,0,2020-05-20,58,10,22027.0
1012,2020-03-21,2,0,2020-05-20,67,1,22039.0
1013,2020-03-21,2,0,2020-05-20,980,34,22073.0
1014,2020-03-21,1,0,2020-05-20,83,1,19169.0
1015,2020-03-21,1,0,2020-05-20,45,1,21151.0
1016,2020-03-21,1,1,2020-05-20,15,1,21005.0
1017,2020-03-22,1,0,2020-05-21,59,0,37165.0
1018,2020-03-22,1,0,2020-05-21,643,13,37155.0
1019,2020-03-22,9,0,2020-05-21,373,17,37179.0
1020,2020-03-22,1,0,2020-05-21,160,3,37127.0
1021,2020-03-22,1,0,2020-05-21,26,2,39019.0
1022,2020-03-22,1,0,2020-05-21,43,0,39027.0
1023,2020-03-22,1,0,2020-05-21,344,3,37105.0
1024,2020-03-22,4,0,2020-05-21,20,1,37039.0
1025,2020-03-22,1,0,2020-05-21,302,41,37089.0
1026,2020-03-22,1,0,2020-05-21,222,6,37077.0
1027,2020-03-22,1,0,2020-05-21,57,2,37059.0
1028,2020-03-22,2,0,2020-05-21,524,14,37051.0
1029,2020-03-22,1,0,2020-05-21,32,6,40101.0
1030,2020-03-22,1,0,2020-05-21,7,0,40103.0
1031,2020-03-22,1,0,2020-05-21,195,2,36089.0
1032,2020-03-22,1,0,2020-05-21,47,1,39063.0
1033,2020-03-22,1,0,2020-05-21,86,5,39057.0
1034,2020-03-22,1,0,2020-05-21,7,1,39053.0
1035,2020-03-22,1,0,2020-05-21,259,43,39173.0
1036,2020-03-22,1,0,2020-05-21,303,55,39133.0
1037,2020-03-22,1,0,2020-05-21,813,7,31047.0
1038,2020-03-22,1,0,2020-05-21,58,1,28137.0
1039,2020-03-22,2,0,2020-05-21,71,3,28133.0
1040,2020-03-22,1,0,2020-05-21,26,2,28115.0
1041,2020-03-22,2,0,2020-05-21,114,8,28105.0
1042,2020-03-22,1,0,2020-05-21,76,1,28097.0
1043,2020-03-22,1,0,2020-05-21,25,1,28155.0
1044,2020-03-22,1,0,2020-05-21,36,0,36023.0
1045,2020-03-22,1,0,2020-05-21,294,3,36053.0
1046,2020-03-22,1,0,2020-05-21,16,1,33019.0
1047,2020-03-22,1,0,2020-05-21,1451,99,35045.0
1048,2020-03-22,1,0,2020-05-21,484,24,34033.0
1049,2020-03-22,1,0,2020-05-21,342,29,42037.0
1050,2020-03-22,2,0,2020-05-21,526,5,51047.0
1051,2020-03-22,1,0,2020-05-21,83,6,51065.0
1052,2020-03-22,2,0,2020-05-21,10,0,51105.0
1053,2020-03-22,1,0,2020-05-21,64,0,51109.0
1054,2020-03-22,2,0,2020-05-21,434,6,51165.0
1055,2020-03-22,1,0,2020-05-21,41,1,51019.0
1056,2020-03-22,1,0,2020-05-21,25,0,51009.0
1057,2020-03-22,1,0,2020-05-21,19,0,53075.0
1058,2020-03-22,1,0,2020-05-21,211,0,46013.0
1059,2020-03-22,1,0,2020-05-21,63,8,45029.0
1060,2020-03-22,1,0,2020-05-21,97,4,42085.0
1061,2020-03-22,1,0,2020-05-21,93,4,42051.0
1062,2020-03-22,1,0,2020-05-21,1034,52,42043.0
1063,2020-03-22,1,0,2020-05-21,548,25,42107.0
1064,2020-03-22,1,0,2020-05-21,7,0,47083.0
1065,2020-03-22,1,0,2020-05-21,59,1,47053.0
1066,2020-03-22,1,0,2020-05-21,44,1,47051.0
1067,2020-03-22,1,0,2020-05-21,12,0,47023.0
1068,2020-03-22,1,0,2020-05-21,110,0,47105.0
1069,2020-03-22,1,0,2020-05-21,35,1,47115.0
1070,2020-03-22,1,0,2020-05-21,13,0,47135.0
1071,2020-03-22,1,0,2020-05-21,124,12,47107.0
1072,2020-03-22,1,1,2020-05-21,276,9,13013.0
1073,2020-03-22,2,0,2020-05-21,205,18,13035.0
1074,2020-03-22,1,0,2020-05-21,218,13,13069.0
1075,2020-03-22,1,0,2020-05-21,46,1,13065.0
1076,2020-03-22,1,0,2020-05-21,20,2,13055.0
1077,2020-03-22,1,0,2020-05-21,94,7,12027.0
1078,2020-03-22,2,0,2020-05-21,119,2,12023.0
1079,2020-03-22,1,0,2020-05-21,50,2,12007.0
1080,2020-03-22,1,0,2020-05-21,172,4,12035.0
1081,2020-03-22,1,0,2020-05-21,11,0,13289.0
1082,2020-03-22,1,0,2020-05-21,23,0,17085.0
1083,2020-03-22,2,0,2020-05-21,496,7,17019.0
1084,2020-03-22,1,0,2020-05-21,2,0,16085.0
1085,2020-03-22,1,0,2020-05-21,13,0,13267.0
1086,2020-03-22,1,0,2020-05-21,23,5,26055.0
1087,2020-03-22,1,0,2020-05-21,17,1,26051.0
1088,2020-03-22,1,0,2020-05-21,21,2,26047.0
1089,2020-03-22,1,0,2020-05-21,357,13,24037.0
1090,2020-03-22,1,0,2020-05-21,331,20,24015.0
1091,2020-03-22,1,0,2020-05-21,122,12,28017.0
1092,2020-03-22,1,0,2020-05-21,29,2,17105.0
1093,2020-03-22,1,0,2020-05-21,21,0,26143.0
1094,2020-03-22,1,0,2020-05-21,38,1,27079.0
1095,2020-03-22,1,0,2020-05-21,21,1,18159.0
1096,2020-03-22,1,0,2020-05-21,110,6,18137.0
1097,2020-03-22,1,0,2020-05-21,132,6,18133.0
1098,2020-03-22,1,0,2020-05-21,259,24,18109.0
1099,2020-03-22,1,0,2020-05-21,156,10,18105.0
1100,2020-03-22,1,1,2020-05-21,106,3,18143.0
1101,2020-03-22,1,0,2020-05-21,89,8,19157.0
1102,2020-03-22,1,0,2020-05-21,7,0,19109.0
1103,2020-03-22,2,0,2020-05-21,19,1,19033.0
1104,2020-03-22,1,0,2020-05-21,323,9,19163.0
1105,2020-03-22,1,0,2020-05-21,167,2,17177.0
1106,2020-03-22,1,0,2020-05-21,652,25,17161.0
1107,2020-03-22,1,0,2020-05-21,181,0,19167.0
1108,2020-03-22,3,0,2020-05-21,378,23,19171.0
1109,2020-03-22,1,0,2020-05-21,269,15,22001.0
1110,2020-03-22,1,0,2020-05-21,60,3,21185.0
1111,2020-03-22,1,0,2020-05-21,50,0,21113.0
1112,2020-03-22,1,0,2020-05-21,3,0,20123.0
1113,2020-03-22,1,0,2020-05-21,36,0,20085.0
1114,2020-03-22,1,0,2020-05-21,2448,23,19193.0
1115,2020-03-22,1,0,2020-05-21,44,2,21003.0
1116,2020-03-22,1,0,2020-05-21,3,0,21025.0
1117,2020-03-22,1,0,2020-05-21,88,2,21093.0
1118,2020-03-23,1,0,2020-05-22,11,0,38099.0
1119,2020-03-23,1,0,2020-05-22,215,18,37181.0
1120,2020-03-23,3,0,2020-05-22,246,12,37001.0
1121,2020-03-23,1,0,2020-05-22,11,2,40123.0
1122,2020-03-23,1,0,2020-05-22,67,6,36077.0
1123,2020-03-23,1,0,2020-05-22,12,0,41027.0
1124,2020-03-23,1,0,2020-05-22,116,17,39167.0
1125,2020-03-23,1,0,2020-05-22,23,1,39083.0
1126,2020-03-23,1,0,2020-05-22,33,0,39091.0
1127,2020-03-23,1,0,2020-05-22,63,9,39143.0
1128,2020-03-23,1,0,2020-05-22,128,7,39097.0
1129,2020-03-23,1,0,2020-05-22,96,0,36075.0
1130,2020-03-23,1,0,2020-05-22,12,2,29213.0
1131,2020-03-23,1,0,2020-05-22,31,2,29187.0
1132,2020-03-23,1,0,2020-05-22,48,0,29157.0
1133,2020-03-23,1,0,2020-05-22,44,1,29135.0
1134,2020-03-23,1,0,2020-05-22,69,3,29107.0
1135,2020-03-23,1,0,2020-05-22,309,3,31119.0
1136,2020-03-23,2,0,2020-05-22,26,1,31177.0
1137,2020-03-23,1,0,2020-05-22,23,1,28135.0
1138,2020-03-23,1,0,2020-05-22,16,0,29049.0
1139,2020-03-23,3,0,2020-05-22,133,1,29047.0
1140,2020-03-23,1,0,2020-05-22,36,1,29029.0
1141,2020-03-23,1,0,2020-05-22,23,1,29027.0
1142,2020-03-23,2,0,2020-05-22,38,0,29001.0
1143,2020-03-23,1,0,2020-05-22,26,0,32005.0
1144,2020-03-23,2,0,2020-05-22,73,1,36011.0
1145,2020-03-23,4,0,2020-05-22,35,2,35005.0
1146,2020-03-23,1,0,2020-05-22,46,2,51590.0
1147,2020-03-23,1,0,2020-05-22,13,0,51163.0
1148,2020-03-23,1,0,2020-05-22,40,0,49021.0
1149,2020-03-23,1,0,2020-05-22,50,0,53001.0
1150,2020-03-23,1,0,2020-05-22,17,0,48343.0
1151,2020-03-23,2,0,2020-05-22,137,1,55027.0
1152,2020-03-23,1,0,2020-05-22,141,3,53017.0
1153,2020-03-23,2,0,2020-05-22,54,3,45043.0
1154,2020-03-23,1,0,2020-05-22,44,0,45023.0
1155,2020-03-23,1,0,2020-05-22,25,0,46029.0
1156,2020-03-23,2,0,2020-05-22,42,0,45073.0
1157,2020-03-23,1,0,2020-05-22,55,2,42021.0
1158,2020-03-23,1,0,2020-05-22,17,0,46065.0
1159,2020-03-23,1,0,2020-05-22,10,0,46085.0
1160,2020-03-23,1,0,2020-05-22,127,1,46103.0
1161,2020-03-23,1,0,2020-05-22,97,0,13047.0
1162,2020-03-23,1,0,2020-05-22,120,4,13033.0
1163,2020-03-23,1,0,2020-05-22,72,1,13303.0
1164,2020-03-23,1,0,2020-05-22,32,1,13195.0
1165,2020-03-23,1,0,2020-05-22,63,0,13179.0
1166,2020-03-23,1,0,2020-05-22,79,4,13145.0
1167,2020-03-23,1,0,2020-05-22,35,0,13211.0
1168,2020-03-23,1,0,2020-05-22,88,3,13229.0
1169,2020-03-23,1,0,2020-05-22,156,3,1069.0
1170,2020-03-23,1,0,2020-05-22,422,5,1059.0
1171,2020-03-23,1,0,2020-05-22,103,8,28091.0
1172,2020-03-23,2,0,2020-05-22,22,1,2170.0
1173,2020-03-23,1,0,2020-05-22,31,0,2110.0
1174,2020-03-23,1,0,2020-05-22,387,62,1123.0
1175,2020-03-23,2,0,2020-05-22,491,3,8075.0
1176,2020-03-23,1,0,2020-05-22,73,1,8067.0
1177,2020-03-23,1,0,2020-05-22,91,11,17133.0
1178,2020-03-23,3,1,2020-05-22,32,2,8119.0
1179,2020-03-23,3,0,2020-05-22,778,47,26077.0
1180,2020-03-23,1,0,2020-05-22,2,0,26033.0
1181,2020-03-23,1,0,2020-05-22,20,0,23013.0
1182,2020-03-23,1,0,2020-05-22,288,22,22099.0
1183,2020-03-23,1,0,2020-05-22,141,12,24035.0
1184,2020-03-23,3,0,2020-05-22,7,0,24023.0
1185,2020-03-23,1,0,2020-05-22,215,4,28073.0
1186,2020-03-23,1,0,2020-05-22,193,1,27141.0
1187,2020-03-23,1,0,2020-05-22,3,0,27011.0
1188,2020-03-23,1,0,2020-05-22,75,0,26123.0
1189,2020-03-23,1,0,2020-05-22,561,26,26121.0
1190,2020-03-23,1,0,2020-05-22,10,2,27021.0
1191,2020-03-23,1,0,2020-05-22,3,0,27073.0
1192,2020-03-23,1,0,2020-05-22,462,3,19179.0
1193,2020-03-23,2,0,2020-05-22,11,0,19081.0
1194,2020-03-23,1,0,2020-05-22,171,2,18037.0
1195,2020-03-23,1,0,2020-05-22,7,1,20011.0
1196,2020-03-23,2,0,2020-05-22,182,10,22003.0
1197,2020-03-23,1,0,2020-05-22,114,2,22083.0
1198,2020-03-23,2,0,2020-05-22,145,13,22069.0
1199,2020-03-23,2,0,2020-05-22,133,14,22061.0
1200,2020-03-23,1,0,2020-05-22,26,1,22043.0
1201,2020-03-23,2,0,2020-05-22,379,3,20111.0
1202,2020-03-23,1,0,2020-05-22,114,3,21141.0
1203,2020-03-24,2,0,2020-05-22,528,7,37151.0
1204,2020-03-24,1,0,2020-05-22,78,3,37123.0
1205,2020-03-24,1,0,2020-05-22,9,0,37175.0
1206,2020-03-24,1,0,2020-05-22,12,0,38025.0
1207,2020-03-24,2,0,2020-05-22,175,19,36073.0
1208,2020-03-24,1,0,2020-05-22,26,1,39021.0
1209,2020-03-24,1,0,2020-05-22,143,17,40145.0
1210,2020-03-24,1,0,2020-05-22,29,4,40097.0
1211,2020-03-24,1,0,2020-05-22,44,0,41007.0
1212,2020-03-24,1,0,2020-05-22,16,1,39071.0
1213,2020-03-24,2,0,2020-05-22,229,3,39045.0
1214,2020-03-24,1,0,2020-05-22,104,3,39033.0
1215,2020-03-24,1,0,2020-05-22,72,4,29155.0
1216,2020-03-24,4,0,2020-05-22,334,15,29099.0
1217,2020-03-24,1,0,2020-05-22,137,16,29071.0
1218,2020-03-24,1,0,2020-05-22,3,0,30043.0
1219,2020-03-24,1,0,2020-05-22,152,4,28103.0
1220,2020-03-24,1,0,2020-05-22,214,3,28101.0
1221,2020-03-24,1,0,2020-05-22,58,2,42005.0
1222,2020-03-24,1,0,2020-05-22,57,2,29031.0
1223,2020-03-24,1,0,2020-05-22,45,0,35009.0
1224,2020-03-24,1,0,2020-05-22,124,4,35006.0
1225,2020-03-24,1,0,2020-05-22,135,5,36015.0
1226,2020-03-24,1,0,2020-05-22,25,1,31155.0
1227,2020-03-24,1,0,2020-05-22,43,3,42015.0
1228,2020-03-24,1,0,2020-05-22,419,13,51550.0
1229,2020-03-24,1,0,2020-05-22,29,0,51083.0
1230,2020-03-24,3,0,2020-05-22,157,7,48469.0
1231,2020-03-24,1,0,2020-05-22,67,1,48367.0
1232,2020-03-24,1,0,2020-05-22,260,3,48355.0
1233,2020-03-24,2,0,2020-05-22,9,0,50019.0
1234,2020-03-24,1,0,2020-05-22,14,0,50005.0
1235,2020-03-24,1,0,2020-05-22,25,0,56037.0
1236,2020-03-24,1,0,2020-05-22,51,2,54107.0
1237,2020-03-24,1,0,2020-05-22,19,0,54077.0
1238,2020-03-24,3,0,2020-05-22,39,1,54033.0
1239,2020-03-24,2,0,2020-05-22,264,6,54003.0
1240,2020-03-24,1,0,2020-05-22,118,1,45025.0
1241,2020-03-24,1,0,2020-05-22,14,0,46011.0
1242,2020-03-24,1,0,2020-05-22,94,4,42067.0
1243,2020-03-24,1,0,2020-05-22,33,0,42033.0
1244,2020-03-24,1,0,2020-05-22,224,22,42025.0
1245,2020-03-24,1,0,2020-05-22,37,0,42111.0
1246,2020-03-24,2,0,2020-05-22,58,0,48071.0
1247,2020-03-24,3,0,2020-05-22,82,6,48091.0
1248,2020-03-24,7,0,2020-05-22,476,27,48245.0
1249,2020-03-24,2,0,2020-05-22,482,10,48215.0
1250,2020-03-24,1,0,2020-05-22,268,1,48181.0
1251,2020-03-24,1,0,2020-05-22,6,0,48145.0
1252,2020-03-24,1,0,2020-05-22,32,0,47041.0
1253,2020-03-24,1,0,2020-05-22,8,0,47025.0
1254,2020-03-24,1,0,2020-05-22,31,1,47061.0
1255,2020-03-24,1,0,2020-05-22,10,2,47071.0
1256,2020-03-24,1,0,2020-05-22,18,0,47133.0
1257,2020-03-24,1,0,2020-05-22,163,2,47113.0
1258,2020-03-24,1,0,2020-05-22,26,0,47103.0
1259,2020-03-24,1,0,2020-05-22,53,1,13039.0
1260,2020-03-24,2,0,2020-05-22,68,5,13029.0
1261,2020-03-24,1,0,2020-05-22,55,1,13017.0
1262,2020-03-24,3,1,2020-05-22,32,1,13007.0
1263,2020-03-24,1,0,2020-05-22,39,1,13111.0
1264,2020-03-24,3,0,2020-05-22,210,7,13081.0
1265,2020-03-24,1,0,2020-05-22,280,13,13071.0
1266,2020-03-24,2,0,2020-05-22,17,0,16005.0
1267,2020-03-24,1,0,2020-05-22,22,1,16031.0
1268,2020-03-24,1,0,2020-05-22,84,2,17063.0
1269,2020-03-24,1,0,2020-05-22,31,1,13159.0
1270,2020-03-24,1,0,2020-05-22,23,1,13155.0
1271,2020-03-24,1,0,2020-05-22,63,7,13133.0
1272,2020-03-24,1,0,2020-05-22,96,6,13193.0
1273,2020-03-24,1,0,2020-05-22,78,2,13199.0
1274,2020-03-24,2,0,2020-05-22,122,2,13257.0
1275,2020-03-24,2,0,2020-05-22,42,2,13253.0
1276,2020-03-24,1,0,2020-05-22,38,2,13235.0
1277,2020-03-24,4,0,2020-05-22,397,32,13205.0
1278,2020-03-24,1,0,2020-05-22,42,0,5037.0
1279,2020-03-24,1,0,2020-05-22,12,0,5033.0
1280,2020-03-24,1,0,2020-05-22,14,1,5029.0
1281,2020-03-24,1,0,2020-05-22,20,2,5027.0
1282,2020-03-24,1,0,2020-05-22,29,0,5059.0
1283,2020-03-24,1,0,2020-05-22,81,5,5075.0
1284,2020-03-24,1,0,2020-05-22,1,0,5147.0
1285,2020-03-24,4,0,2020-05-22,37,1,5145.0
1286,2020-03-24,1,0,2020-05-22,144,4,5139.0
1287,2020-03-24,2,0,2020-05-22,8,0,5137.0
1288,2020-03-24,1,0,2020-05-22,4,0,5109.0
1289,2020-03-24,1,0,2020-05-22,149,3,1001.0
1290,2020-03-24,2,0,2020-05-22,144,1,1103.0
1291,2020-03-24,2,0,2020-05-22,13,0,6009.0
1292,2020-03-24,1,0,2020-05-22,3,0,8055.0
1293,2020-03-24,1,0,2020-05-22,26,0,8043.0
1294,2020-03-24,1,0,2020-05-22,61,1,8029.0
1295,2020-03-24,2,0,2020-05-22,34,1,6051.0
1296,2020-03-24,1,0,2020-05-22,251,6,6047.0
1297,2020-03-24,2,0,2020-05-22,23,3,22115.0
1298,2020-03-24,1,0,2020-05-22,51,14,23027.0
1299,2020-03-24,1,0,2020-05-22,29,2,28019.0
1300,2020-03-24,1,0,2020-05-22,11,0,26101.0
1301,2020-03-24,1,0,2020-05-22,183,30,26087.0
1302,2020-03-24,1,0,2020-05-22,18,2,26079.0
1303,2020-03-24,2,0,2020-05-22,67,7,26073.0
1304,2020-03-24,1,0,2020-05-22,168,24,26059.0
1305,2020-03-24,1,0,2020-05-22,31,1,18153.0
1306,2020-03-24,1,0,2020-05-22,31,3,18149.0
1307,2020-03-24,1,0,2020-05-22,466,20,18127.0
1308,2020-03-24,1,0,2020-05-22,13,0,18115.0
1309,2020-03-24,1,0,2020-05-22,203,14,18107.0
1310,2020-03-24,1,0,2020-05-22,159,27,18173.0
1311,2020-03-24,1,0,2020-05-22,250,15,19099.0
1312,2020-03-24,1,0,2020-05-22,44,1,19031.0
1313,2020-03-24,1,0,2020-05-22,31,0,19019.0
1314,2020-03-24,1,0,2020-05-22,142,22,18093.0
1315,2020-03-24,1,0,2020-05-22,33,1,18013.0
1316,2020-03-24,1,0,2020-05-22,355,2,18071.0
1317,2020-03-24,2,0,2020-05-22,13,1,18051.0
1318,2020-03-24,6,0,2020-05-22,230,34,18031.0
1319,2020-03-24,2,0,2020-05-22,161,21,18029.0
1320,2020-03-24,2,0,2020-05-22,476,7,21177.0
1321,2020-03-24,2,0,2020-05-22,8,0,21165.0
1322,2020-03-24,2,0,2020-05-22,85,2,21145.0
1323,2020-03-24,1,0,2020-05-22,3,0,21159.0
1324,2020-03-24,1,0,2020-05-22,44,3,21213.0
1325,2020-03-24,1,0,2020-05-22,11,0,20043.0
1326,2020-03-24,1,0,2020-05-22,99,0,19181.0
1327,2020-03-24,1,0,2020-05-22,6,0,20207.0
1328,2020-03-24,1,0,2020-05-22,24,0,20149.0
1329,2020-03-25,2,0,2020-05-22,61,2,38089.0
1330,2020-03-25,1,0,2020-05-22,1,0,38031.0
1331,2020-03-25,1,0,2020-05-22,28,0,39087.0
1332,2020-03-25,1,0,2020-05-22,34,0,39047.0
1333,2020-03-25,1,0,2020-05-22,545,12,37061.0
1334,2020-03-25,1,0,2020-05-22,61,1,37091.0
1335,2020-03-25,1,0,2020-05-22,175,7,37107.0
1336,2020-03-25,1,0,2020-05-22,63,2,37045.0
1337,2020-03-25,2,0,2020-05-22,35,1,37111.0
1338,2020-03-25,1,0,2020-05-22,135,12,37131.0
1339,2020-03-25,1,0,2020-05-22,170,3,39107.0
1340,2020-03-25,1,0,2020-05-22,8,0,41041.0
1341,2020-03-25,1,0,2020-05-22,155,12,42081.0
1342,2020-03-25,1,0,2020-05-22,73,8,42073.0
1343,2020-03-25,2,0,2020-05-22,27,0,42059.0
1344,2020-03-25,1,0,2020-05-22,21,1,40019.0
1345,2020-03-25,1,0,2020-05-22,19,1,40013.0
1346,2020-03-25,2,0,2020-05-22,79,3,40001.0
1347,2020-03-25,1,0,2020-05-22,242,50,39169.0
1348,2020-03-25,1,0,2020-05-22,16,2,39147.0
1349,2020-03-25,1,0,2020-05-22,2033,32,39129.0
1350,2020-03-25,5,0,2020-05-22,88,7,40037.0
1351,2020-03-25,1,0,2020-05-22,97,16,40041.0
1352,2020-03-25,1,0,2020-05-22,37,1,40137.0
1353,2020-03-25,1,0,2020-05-22,56,4,40125.0
1354,2020-03-25,1,0,2020-05-22,93,8,40113.0
1355,2020-03-25,1,0,2020-05-22,96,2,37027.0
1356,2020-03-25,1,0,2020-05-22,314,1,31053.0
1357,2020-03-25,1,0,2020-05-22,1,0,30041.0
1358,2020-03-25,1,0,2020-05-22,51,0,32019.0
1359,2020-03-25,1,0,2020-05-22,9,0,29053.0
1360,2020-03-25,1,0,2020-05-22,1,0,29205.0
1361,2020-03-25,1,0,2020-05-22,8,0,29175.0
1362,2020-03-25,1,0,2020-05-22,2,0,29173.0
1363,2020-03-25,2,0,2020-05-22,66,1,29165.0
1364,2020-03-25,1,0,2020-05-22,18,1,29145.0
1365,2020-03-25,1,0,2020-05-22,15,0,29119.0
1366,2020-03-25,1,0,2020-05-22,7,0,29139.0
1367,2020-03-25,1,0,2020-05-22,19,0,36033.0
1368,2020-03-25,2,0,2020-05-22,248,14,37023.0
1369,2020-03-25,2,0,2020-05-22,108,3,37015.0
1370,2020-03-25,1,1,2020-05-22,17,1,35015.0
1371,2020-03-25,1,0,2020-05-22,63,3,36013.0
1372,2020-03-25,2,0,2020-05-22,36,0,35039.0
1373,2020-03-25,1,0,2020-05-22,109,0,51630.0
1374,2020-03-25,2,0,2020-05-22,249,3,51069.0
1375,2020-03-25,3,0,2020-05-22,358,12,51171.0
1376,2020-03-25,1,0,2020-05-22,90,5,51161.0
1377,2020-03-25,1,0,2020-05-22,73,0,51137.0
1378,2020-03-25,1,0,2020-05-22,19,0,51135.0
1379,2020-03-25,1,0,2020-05-22,13,0,51125.0
1380,2020-03-25,1,0,2020-05-22,5,0,51115.0
1381,2020-03-25,2,0,2020-05-22,764,7,51683.0
1382,2020-03-25,1,0,2020-05-22,27,1,51113.0
1383,2020-03-25,1,0,2020-05-22,38,5,48493.0
1384,2020-03-25,3,0,2020-05-22,45,0,48481.0
1385,2020-03-25,1,0,2020-05-22,430,27,48471.0
1386,2020-03-25,1,0,2020-05-22,63,1,48451.0
1387,2020-03-25,1,0,2020-05-22,13,0,48445.0
1388,2020-03-25,1,0,2020-05-22,28,0,48409.0
1389,2020-03-25,1,0,2020-05-22,7,0,48395.0
1390,2020-03-25,4,0,2020-05-22,29,1,50015.0
1391,2020-03-25,1,0,2020-05-22,22,1,55057.0
1392,2020-03-25,3,0,2020-05-22,11,0,55049.0
1393,2020-03-25,1,0,2020-05-22,81,10,55043.0
1394,2020-03-25,1,0,2020-05-22,16,1,55081.0
1395,2020-03-25,1,0,2020-05-22,10,0,56001.0
1396,2020-03-25,1,0,2020-05-22,44,2,53047.0
1397,2020-03-25,1,0,2020-05-22,1,0,53019.0
1398,2020-03-25,1,0,2020-05-22,15,0,54081.0
1399,2020-03-25,2,0,2020-05-22,38,1,54069.0
1400,2020-03-25,1,0,2020-05-22,48,2,54049.0
1401,2020-03-25,1,0,2020-05-22,16,1,54045.0
1402,2020-03-25,1,0,2020-05-22,89,2,48361.0
1403,2020-03-25,1,0,2020-05-22,218,0,46083.0
1404,2020-03-25,1,0,2020-05-22,6,0,46093.0
1405,2020-03-25,1,0,2020-05-22,198,10,45089.0
1406,2020-03-25,1,0,2020-05-22,31,0,45087.0
1407,2020-03-25,1,0,2020-05-22,263,4,47003.0
1408,2020-03-25,1,0,2020-05-22,60,4,45067.0
1409,2020-03-25,9,0,2020-05-22,482,32,44009.0
1410,2020-03-25,37,0,2020-05-22,10320,342,44007.0
1411,2020-03-25,8,0,2020-05-22,212,4,44005.0
1412,2020-03-25,7,0,2020-05-22,985,46,44003.0
1413,2020-03-25,5,0,2020-05-22,209,1,44001.0
1414,2020-03-25,1,0,2020-05-22,3,0,42123.0
1415,2020-03-25,2,0,2020-05-22,125,5,48199.0
1416,2020-03-25,1,0,2020-05-22,50,4,48189.0
1417,2020-03-25,4,0,2020-05-22,116,0,48187.0
1418,2020-03-25,2,0,2020-05-22,91,1,48185.0
1419,2020-03-25,1,0,2020-05-22,6,0,48165.0
1420,2020-03-25,1,0,2020-05-22,15,1,48143.0
1421,2020-03-25,2,0,2020-05-22,5,0,48133.0
1422,2020-03-25,1,0,2020-05-22,31,2,48149.0
1423,2020-03-25,1,0,2020-05-22,12,0,48223.0
1424,2020-03-25,2,0,2020-05-22,27,1,48331.0
1425,2020-03-25,1,0,2020-05-22,94,1,48323.0
1426,2020-03-25,1,0,2020-05-22,18,1,48293.0
1427,2020-03-25,1,0,2020-05-22,81,3,48291.0
1428,2020-03-25,1,0,2020-05-22,126,9,48277.0
1429,2020-03-25,3,0,2020-05-22,24,0,48259.0
1430,2020-03-25,2,0,2020-05-22,173,2,48257.0
1431,2020-03-25,1,0,2020-05-22,71,3,48231.0
1432,2020-03-25,1,0,2020-05-22,3,0,48299.0
1433,2020-03-25,1,0,2020-05-22,31,2,47073.0
1434,2020-03-25,1,0,2020-05-22,3,0,47101.0
1435,2020-03-25,1,0,2020-05-22,226,2,48099.0
1436,2020-03-25,1,0,2020-05-22,29,0,48053.0
1437,2020-03-25,1,0,2020-05-22,21,0,48015.0
1438,2020-03-25,2,0,2020-05-22,35,1,48013.0
1439,2020-03-25,1,0,2020-05-22,22,0,47185.0
1440,2020-03-25,1,0,2020-05-22,7,0,48031.0
1441,2020-03-25,1,0,2020-05-22,48,2,13091.0
1442,2020-03-25,1,0,2020-05-22,145,4,13087.0
1443,2020-03-25,1,0,2020-05-22,251,1,12039.0
1444,2020-03-25,1,0,2020-05-22,145,4,13157.0
1445,2020-03-25,1,0,2020-05-22,23,2,16075.0
1446,2020-03-25,1,0,2020-05-22,81,19,16069.0
1447,2020-03-25,2,0,2020-05-22,7,0,16051.0
1448,2020-03-25,1,0,2020-05-22,3,0,16049.0
1449,2020-03-25,1,0,2020-05-22,3,0,16043.0
1450,2020-03-25,1,0,2020-05-22,5,0,17123.0
1451,2020-03-25,1,0,2020-05-22,27,0,17041.0
1452,2020-03-25,1,0,2020-05-22,32,1,13317.0
1453,2020-03-25,1,0,2020-05-22,92,3,13311.0
1454,2020-03-25,1,0,2020-05-22,12,1,13183.0
1455,2020-03-25,1,0,2020-05-22,32,0,13169.0
1456,2020-03-25,1,0,2020-05-22,201,13,13299.0
1457,2020-03-25,1,0,2020-05-22,308,31,13275.0
1458,2020-03-25,1,0,2020-05-22,21,2,13269.0
1459,2020-03-25,1,0,2020-05-22,19,1,5043.0
1460,2020-03-25,3,0,2020-05-22,225,10,1055.0
1461,2020-03-25,2,0,2020-05-22,182,3,1047.0
1462,2020-03-25,1,0,2020-05-22,117,2,1033.0
1463,2020-03-25,1,0,2020-05-22,13,1,1029.0
1464,2020-03-25,1,0,2020-05-22,85,1,1021.0
1465,2020-03-25,1,0,2020-05-22,33,2,1019.0
1466,2020-03-25,1,0,2020-05-22,329,11,1013.0
1467,2020-03-25,1,0,2020-05-22,49,1,1009.0
1468,2020-03-25,1,0,2020-05-22,27,2,1027.0
1469,2020-03-25,1,0,2020-05-22,110,6,1131.0
1470,2020-03-25,1,0,2020-05-22,40,0,1079.0
1471,2020-03-25,1,0,2020-05-22,127,0,1109.0
1472,2020-03-25,1,0,2020-05-22,86,4,1107.0
1473,2020-03-25,1,0,2020-05-22,642,9,1095.0
1474,2020-03-25,1,0,2020-05-22,120,0,1113.0
1475,2020-03-25,1,0,2020-05-22,14,1,8089.0
1476,2020-03-25,1,0,2020-05-22,20,1,6027.0
1477,2020-03-25,2,0,2020-05-22,40,2,6101.0
1478,2020-03-25,1,0,2020-05-22,34,1,17137.0
1479,2020-03-25,1,0,2020-05-22,26,1,25007.0
1480,2020-03-25,1,0,2020-05-22,52,10,26103.0
1481,2020-03-25,1,0,2020-05-22,144,3,26091.0
1482,2020-03-25,1,0,2020-05-22,76,9,26069.0
1483,2020-03-25,1,0,2020-05-22,112,2,22127.0
1484,2020-03-25,2,0,2020-05-22,287,16,22111.0
1485,2020-03-25,1,0,2020-05-22,146,15,24029.0
1486,2020-03-25,1,0,2020-05-22,60,4,28013.0
1487,2020-03-25,1,0,2020-05-22,37,3,28117.0
1488,2020-03-25,2,0,2020-05-22,120,6,26159.0
1489,2020-03-25,1,0,2020-05-22,43,2,27049.0
1490,2020-03-25,2,0,2020-05-22,76,15,27169.0
1491,2020-03-25,1,0,2020-05-22,39,5,26151.0
1492,2020-03-25,2,0,2020-05-22,37,1,19011.0
1493,2020-03-25,1,0,2020-05-22,58,2,18139.0
1494,2020-03-25,1,0,2020-05-22,27,2,18033.0
1495,2020-03-25,1,0,2020-05-22,51,1,18073.0
1496,2020-03-25,1,0,2020-05-22,8,0,21231.0
1497,2020-03-25,1,0,2020-05-22,110,5,22067.0
1498,2020-03-25,1,0,2020-05-22,73,7,22053.0
1499,2020-03-25,1,0,2020-05-22,82,11,22049.0
1500,2020-03-25,1,0,2020-05-22,13,0,21147.0
1501,2020-03-25,3,0,2020-05-22,249,6,20177.0
1502,2020-03-25,1,0,2020-05-22,3,0,20133.0
1503,2020-03-25,1,0,2020-05-22,6,1,20037.0
1504,2020-03-25,1,0,2020-05-22,21,2,21125.0
1505,2020-03-25,2,0,2020-05-22,120,8,21085.0
1506,2020-03-26,1,0,2020-05-22,13,1,39009.0
1507,2020-03-26,1,0,2020-05-22,43,0,39119.0
1508,2020-03-26,1,0,2020-05-22,62,2,39081.0
1509,2020-03-26,1,0,2020-05-22,1,0,38051.0
1510,2020-03-26,1,0,2020-05-22,2,1,38049.0
1511,2020-03-26,1,0,2020-05-22,46,1,42013.0
1512,2020-03-26,1,0,2020-05-22,18,1,41065.0
1513,2020-03-26,1,0,2020-05-22,6,0,41057.0
1514,2020-03-26,1,0,2020-05-22,89,4,42063.0
1515,2020-03-26,1,0,2020-05-22,21,0,42039.0
1516,2020-03-26,1,0,2020-05-22,15,0,40035.0
1517,2020-03-26,3,0,2020-05-22,236,3,40031.0
1518,2020-03-26,1,0,2020-05-22,33,2,39175.0
1519,2020-03-26,1,0,2020-05-22,21,2,40081.0
1520,2020-03-26,1,0,2020-05-22,14,3,40135.0
1521,2020-03-26,1,0,2020-05-22,35,2,40115.0
1522,2020-03-26,2,0,2020-05-22,22,0,40111.0
1523,2020-03-26,1,0,2020-05-22,4,1,29035.0
1524,2020-03-26,1,0,2020-05-22,29,6,30101.0
1525,2020-03-26,1,0,2020-05-22,7,1,30053.0
1526,2020-03-26,1,0,2020-05-22,1,0,30059.0
1527,2020-03-26,1,0,2020-05-22,1465,39,31079.0
1528,2020-03-26,1,0,2020-05-22,11,0,31099.0
1529,2020-03-26,1,0,2020-05-22,67,3,29207.0
1530,2020-03-26,1,0,2020-05-22,6,0,29017.0
1531,2020-03-26,1,0,2020-05-22,10,0,29015.0
1532,2020-03-26,3,0,2020-05-22,79,4,28161.0
1533,2020-03-26,2,0,2020-05-22,32,0,37013.0
1534,2020-03-26,1,0,2020-05-22,77,1,51680.0
1535,2020-03-26,1,0,2020-05-22,50,4,51099.0
1536,2020-03-26,1,0,2020-05-22,21,1,51079.0
1537,2020-03-26,4,0,2020-05-22,267,5,51061.0
1538,2020-03-26,1,0,2020-05-22,169,3,51650.0
1539,2020-03-26,1,0,2020-05-22,137,2,51175.0
1540,2020-03-26,1,0,2020-05-22,4,0,51750.0
1541,2020-03-26,2,0,2020-05-22,56,0,51149.0
1542,2020-03-26,1,0,2020-05-22,7,0,51735.0
1543,2020-03-26,1,0,2020-05-22,27,1,51143.0
1544,2020-03-26,1,0,2020-05-22,206,16,51131.0
1545,2020-03-26,2,0,2020-05-22,110,2,51187.0
1546,2020-03-26,2,0,2020-05-22,10,0,49029.0
1547,2020-03-26,1,0,2020-05-22,13,0,48465.0
1548,2020-03-26,1,0,2020-05-22,22,1,51007.0
1549,2020-03-26,1,0,2020-05-22,51,4,51191.0
1550,2020-03-26,1,0,2020-05-22,28,4,55019.0
1551,2020-03-26,1,0,2020-05-22,8,0,55097.0
1552,2020-03-26,1,0,2020-05-22,16,1,56019.0
1553,2020-03-26,1,0,2020-05-22,10,0,56017.0
1554,2020-03-26,1,0,2020-05-22,6,0,55125.0
1555,2020-03-26,1,0,2020-05-22,7,0,54097.0
1556,2020-03-26,1,0,2020-05-22,15,0,54053.0
1557,2020-03-26,1,0,2020-05-22,7,1,47005.0
1558,2020-03-26,1,0,2020-05-22,15,0,47015.0
1559,2020-03-26,1,0,2020-05-22,97,3,47111.0
1560,2020-03-26,1,0,2020-05-22,93,15,42115.0
1561,2020-03-26,1,0,2020-05-22,4,0,48255.0
1562,2020-03-26,1,0,2020-05-22,16,1,48239.0
1563,2020-03-26,2,0,2020-05-22,147,9,48397.0
1564,2020-03-26,1,0,2020-05-22,244,17,48347.0
1565,2020-03-26,1,0,2020-05-22,3,1,48317.0
1566,2020-03-26,1,0,2020-05-22,3,0,47171.0
1567,2020-03-26,1,0,2020-05-22,168,2,48005.0
1568,2020-03-26,1,0,2020-05-22,22,0,47121.0
1569,2020-03-26,2,0,2020-05-22,37,3,48057.0
1570,2020-03-26,1,0,2020-05-22,123,5,13037.0
1571,2020-03-26,1,0,2020-05-22,36,2,13143.0
1572,2020-03-26,1,0,2020-05-22,35,1,13119.0
1573,2020-03-26,1,0,2020-05-22,24,1,12133.0
1574,2020-03-26,1,0,2020-05-22,2,0,16037.0
1575,2020-03-26,2,0,2020-05-22,66,4,17179.0
1576,2020-03-26,1,0,2020-05-22,11,0,17055.0
1577,2020-03-26,1,0,2020-05-22,62,5,13189.0
1578,2020-03-26,1,0,2020-05-22,50,4,13279.0
1579,2020-03-26,1,0,2020-05-22,12,0,5017.0
1580,2020-03-26,2,0,2020-05-22,288,33,4015.0
1581,2020-03-26,2,0,2020-05-22,48,2,4012.0
1582,2020-03-26,2,0,2020-05-22,25,0,5121.0
1583,2020-03-26,4,0,2020-05-22,46,0,5085.0
1584,2020-03-26,2,0,2020-05-22,15,0,5061.0
1585,2020-03-26,1,0,2020-05-22,209,3,1049.0
1586,2020-03-26,1,0,2020-05-22,53,2,1041.0
1587,2020-03-26,2,0,2020-05-22,33,1,1037.0
1588,2020-03-26,2,0,2020-05-22,89,1,1011.0
1589,2020-03-26,1,0,2020-05-22,135,4,1023.0
1590,2020-03-26,1,0,2020-05-22,125,6,1091.0
1591,2020-03-26,1,0,2020-05-22,172,10,1085.0
1592,2020-03-26,1,0,2020-05-22,26,3,8063.0
1593,2020-03-26,2,0,2020-05-22,15,1,8105.0
1594,2020-03-26,1,0,2020-05-22,15,0,8121.0
1595,2020-03-26,1,1,2020-05-22,5,1,26053.0
1596,2020-03-26,1,0,2020-05-22,16,1,26113.0
1597,2020-03-26,1,1,2020-05-22,19,2,26107.0
1598,2020-03-26,2,0,2020-05-22,135,3,26067.0
1599,2020-03-26,1,0,2020-05-22,36,1,23007.0
1600,2020-03-26,1,0,2020-05-22,50,3,22113.0
1601,2020-03-26,1,0,2020-05-22,73,2,26127.0
1602,2020-03-26,3,0,2020-05-22,647,51,28075.0
1603,2020-03-26,2,0,2020-05-22,23,0,28119.0
1604,2020-03-26,1,0,2020-05-22,20,0,26129.0
1605,2020-03-26,1,0,2020-05-22,13,0,28009.0
1606,2020-03-26,1,0,2020-05-22,247,22,26155.0
1607,2020-03-26,1,0,2020-05-22,443,1,27067.0
1608,2020-03-26,1,0,2020-05-22,11,3,27167.0
1609,2020-03-26,1,0,2020-05-22,12,0,27143.0
1610,2020-03-26,1,0,2020-05-22,54,1,19057.0
1611,2020-03-26,1,0,2020-05-22,30,3,19043.0
1612,2020-03-26,1,0,2020-05-22,8,3,19007.0
1613,2020-03-26,1,0,2020-05-22,13,1,18171.0
1614,2020-03-26,1,0,2020-05-22,10,0,19145.0
1615,2020-03-26,1,0,2020-05-22,19,0,19133.0
1616,2020-03-26,1,0,2020-05-22,48,4,19123.0
1617,2020-03-26,1,0,2020-05-22,17,2,18045.0
1618,2020-03-26,1,0,2020-05-22,16,0,18129.0
1619,2020-03-26,1,0,2020-05-22,124,23,18117.0
1620,2020-03-26,1,0,2020-05-22,54,1,18099.0
1621,2020-03-26,1,0,2020-05-22,10,0,21225.0
1622,2020-03-26,1,0,2020-05-22,33,0,21233.0
1623,2020-03-26,1,0,2020-05-22,182,22,22077.0
1624,2020-03-26,4,0,2020-05-22,184,27,22037.0
1625,2020-03-26,1,0,2020-05-22,54,0,22065.0
1626,2020-03-26,1,0,2020-05-22,45,1,22059.0
1627,2020-03-26,2,0,2020-05-22,379,11,21015.0
1628,2020-03-26,1,0,2020-05-22,6,1,20191.0
1629,2020-03-26,1,0,2020-05-22,21,0,20087.0
1630,2020-03-26,1,0,2020-05-22,12,0,21167.0
1631,2020-03-26,1,0,2020-05-22,8,0,21161.0
1632,2020-03-26,1,0,2020-05-22,220,29,21107.0
1633,2020-03-27,2,0,2020-05-22,35,0,39051.0
1634,2020-03-27,3,0,2020-05-22,58,2,37079.0
1635,2020-03-27,1,0,2020-05-22,36,2,39149.0
1636,2020-03-27,1,0,2020-05-22,122,1,37171.0
1637,2020-03-27,1,0,2020-05-22,34,1,37145.0
1638,2020-03-27,1,0,2020-05-22,12,0,41049.0
1639,2020-03-27,1,0,2020-05-22,155,2,42097.0
1640,2020-03-27,1,0,2020-05-22,14,0,40023.0
1641,2020-03-27,1,0,2020-05-22,5,1,40077.0
1642,2020-03-27,1,0,2020-05-22,28,1,40021.0
1643,2020-03-27,1,0,2020-05-22,132,10,40015.0
1644,2020-03-27,1,0,2020-05-22,16,0,41009.0
1645,2020-03-27,2,0,2020-05-22,40,3,40121.0
1646,2020-03-27,1,0,2020-05-22,8,0,29009.0
1647,2020-03-27,1,0,2020-05-22,8,0,30067.0
1648,2020-03-27,1,0,2020-05-22,5,0,30047.0
1649,2020-03-27,1,0,2020-05-22,11,0,29229.0
1650,2020-03-27,1,0,2020-05-22,15,0,29177.0
1651,2020-03-27,2,0,2020-05-22,599,2,29021.0
1652,2020-03-27,1,0,2020-05-22,3,0,29005.0
1653,2020-03-27,1,0,2020-05-22,69,1,29159.0
1654,2020-03-27,2,0,2020-05-22,78,1,29113.0
1655,2020-03-27,1,0,2020-05-22,6,0,29041.0
1656,2020-03-27,1,0,2020-05-22,71,1,35061.0
1657,2020-03-27,1,0,2020-05-22,31,0,35041.0
1658,2020-03-27,1,0,2020-05-22,85,0,51640.0
1659,2020-03-27,1,0,2020-05-22,140,9,51770.0
1660,2020-03-27,1,0,2020-05-22,10,0,49047.0
1661,2020-03-27,1,0,2020-05-22,4,1,48503.0
1662,2020-03-27,1,0,2020-05-22,15,1,48489.0
1663,2020-03-27,1,0,2020-05-22,6,0,48463.0
1664,2020-03-27,1,0,2020-05-22,4,0,51520.0
1665,2020-03-27,1,0,2020-05-22,30,2,55075.0
1666,2020-03-27,1,1,2020-05-22,2,1,55051.0
1667,2020-03-27,1,0,2020-05-22,5,0,56015.0
1668,2020-03-27,2,0,2020-05-22,14,4,55103.0
1669,2020-03-27,1,0,2020-05-22,20,1,55135.0
1670,2020-03-27,1,0,2020-05-22,3,0,53059.0
1671,2020-03-27,1,0,2020-05-22,4,0,54073.0
1672,2020-03-27,1,0,2020-05-22,17,0,54029.0
1673,2020-03-27,1,0,2020-05-22,9,0,54025.0
1674,2020-03-27,1,0,2020-05-22,322,5,48441.0
1675,2020-03-27,1,0,2020-05-22,73,0,46127.0
1676,2020-03-27,1,0,2020-05-22,17,0,46121.0
1677,2020-03-27,1,0,2020-05-22,19,1,56043.0
1678,2020-03-27,2,0,2020-05-22,9,0,46081.0
1679,2020-03-27,1,0,2020-05-22,1,0,46049.0
1680,2020-03-27,1,0,2020-05-22,20,0,46003.0
1681,2020-03-27,1,0,2020-05-22,230,23,48203.0
1682,2020-03-27,2,0,2020-05-22,23,3,48221.0
1683,2020-03-27,2,0,2020-05-22,22,0,48427.0
1684,2020-03-27,1,0,2020-05-22,180,5,48419.0
1685,2020-03-27,3,0,2020-05-22,645,6,48381.0
1686,2020-03-27,1,0,2020-05-22,40,2,48349.0
1687,2020-03-27,1,0,2020-05-22,9,1,48337.0
1688,2020-03-27,1,0,2020-05-22,29,1,47159.0
1689,2020-03-27,1,0,2020-05-22,44,2,48073.0
1690,2020-03-27,1,0,2020-05-22,7,0,28125.0
1691,2020-03-27,1,0,2020-05-22,20,0,13053.0
1692,2020-03-27,1,0,2020-05-22,479,18,13137.0
1693,2020-03-27,1,0,2020-05-22,26,0,13147.0
1694,2020-03-27,1,0,2020-05-22,27,0,12075.0
1695,2020-03-27,1,0,2020-05-22,164,18,12121.0
1696,2020-03-27,1,0,2020-05-22,124,4,17075.0
1697,2020-03-27,1,0,2020-05-22,65,0,17073.0
1698,2020-03-27,1,0,2020-05-22,15,1,17011.0
1699,2020-03-27,1,0,2020-05-22,17,0,16045.0
1700,2020-03-27,2,0,2020-05-22,271,33,13293.0
1701,2020-03-27,1,0,2020-05-22,6,0,5005.0
1702,2020-03-27,2,0,2020-05-22,52,0,1133.0
1703,2020-03-27,1,0,2020-05-22,39,3,1053.0
1704,2020-03-27,2,0,2020-05-22,63,1,1039.0
1705,2020-03-27,1,0,2020-05-22,88,4,1063.0
1706,2020-03-27,1,0,2020-05-22,123,7,1111.0
1707,2020-03-27,1,0,2020-05-22,3,0,8073.0
1708,2020-03-27,1,0,2020-05-22,3,0,8023.0
1709,2020-03-27,1,0,2020-05-22,51,2,8003.0
1710,2020-03-27,1,0,2020-05-22,506,2,6031.0
1711,2020-03-27,1,0,2020-05-22,5,0,6011.0
1712,2020-03-27,1,0,2020-05-22,87,2,18015.0
1713,2020-03-27,1,0,2020-05-22,58,5,26039.0
1714,2020-03-27,1,0,2020-05-22,73,2,26027.0
1715,2020-03-27,1,0,2020-05-22,42,1,26063.0
1716,2020-03-27,1,0,2020-05-22,63,5,26057.0
1717,2020-03-27,1,0,2020-05-22,194,8,22125.0
1718,2020-03-27,1,0,2020-05-22,116,10,28069.0
1719,2020-03-27,1,0,2020-05-22,40,0,28063.0
1720,2020-03-27,1,0,2020-05-22,477,27,28099.0
1721,2020-03-27,1,0,2020-05-22,10,0,27007.0
1722,2020-03-27,1,0,2020-05-22,11,0,27043.0
1723,2020-03-27,1,0,2020-05-22,5,1,27087.0
1724,2020-03-27,1,0,2020-05-22,4,0,27081.0
1725,2020-03-27,1,0,2020-05-22,8,0,19059.0
1726,2020-03-27,1,0,2020-05-22,61,1,19045.0
1727,2020-03-27,1,0,2020-05-22,15,0,19023.0
1728,2020-03-27,1,0,2020-05-22,31,2,18183.0
1729,2020-03-27,1,0,2020-05-22,13,0,19083.0
1730,2020-03-27,1,0,2020-05-22,25,1,19187.0
1731,2020-03-27,1,0,2020-05-22,5,0,19137.0
1732,2020-03-27,1,0,2020-05-22,854,10,19127.0
1733,2020-03-27,1,0,2020-05-22,32,0,19095.0
1734,2020-03-27,1,0,2020-05-22,85,0,19197.0
1735,2020-03-27,1,0,2020-05-22,20,2,18069.0
1736,2020-03-27,1,0,2020-05-22,156,5,18065.0
1737,2020-03-27,1,0,2020-05-22,46,1,18049.0
1738,2020-03-27,1,0,2020-05-22,195,2,18023.0
1739,2020-03-27,1,0,2020-05-22,73,2,18085.0
1740,2020-03-27,1,0,2020-05-22,56,3,18135.0
1741,2020-03-27,2,0,2020-05-22,59,2,18087.0
1742,2020-03-27,3,0,2020-05-22,25,0,21239.0
1743,2020-03-27,1,0,2020-05-22,4,0,20143.0
1744,2020-03-27,1,0,2020-05-22,7,0,20139.0
1745,2020-03-27,1,0,2020-05-22,27,0,20113.0
1746,2020-03-27,1,0,2020-05-22,15,2,20079.0
1747,2020-03-27,1,0,2020-05-22,1,0,20063.0
1748,2020-03-27,1,0,2020-05-22,50,8,20031.0
1749,2020-03-27,1,0,2020-05-22,5,1,20027.0
1750,2020-03-27,1,0,2020-05-22,6,0,21123.0
1751,2020-03-27,2,0,2020-05-22,144,11,21037.0
1752,2020-03-27,2,0,2020-05-22,101,4,21029.0
1753,2020-03-28,1,0,2020-05-22,5,0,39161.0
1754,2020-03-28,1,0,2020-05-22,6,0,39131.0
1755,2020-03-28,1,0,2020-05-22,66,7,39123.0
1756,2020-03-28,2,0,2020-05-22,35,4,37149.0
1757,2020-03-28,1,0,2020-05-22,22,2,37143.0
1758,2020-03-28,2,0,2020-05-22,178,31,39003.0
1759,2020-03-28,1,0,2020-05-22,2,0,38085.0
1760,2020-03-28,2,0,2020-05-22,39,0,38061.0
1761,2020-03-28,1,0,2020-05-22,56,3,39011.0
1762,2020-03-28,2,0,2020-05-22,7,0,38055.0
1763,2020-03-28,1,0,2020-05-22,1,0,38023.0
1764,2020-03-28,2,0,2020-05-22,4,0,38003.0
1765,2020-03-28,1,0,2020-05-22,43,1,42099.0
1766,2020-03-28,1,0,2020-05-22,25,2,42031.0
1767,2020-03-28,1,0,2020-05-22,2,0,42023.0
1768,2020-03-28,1,0,2020-05-22,35,1,42109.0
1769,2020-03-28,1,0,2020-05-22,223,1,42061.0
1770,2020-03-28,1,0,2020-05-22,11,1,42083.0
1771,2020-03-28,1,0,2020-05-22,13,1,40079.0
1772,2020-03-28,1,0,2020-05-22,23,0,40105.0
1773,2020-03-28,1,0,2020-05-22,13,0,31073.0
1774,2020-03-28,1,0,2020-05-22,78,4,32013.0
1775,2020-03-28,1,0,2020-05-22,516,1,31141.0
1776,2020-03-28,1,0,2020-05-22,25,0,29219.0
1777,2020-03-28,1,0,2020-05-22,7,0,29181.0
1778,2020-03-28,1,0,2020-05-22,11,0,36097.0
1779,2020-03-28,1,0,2020-05-22,176,9,37065.0
1780,2020-03-28,1,0,2020-05-22,74,1,36009.0
1781,2020-03-28,1,0,2020-05-22,16,2,42117.0
1782,2020-03-28,1,0,2020-05-22,10,0,51103.0
1783,2020-03-28,1,0,2020-05-22,66,0,51670.0
1784,2020-03-28,1,0,2020-05-22,67,1,51121.0
1785,2020-03-28,1,0,2020-05-22,26,0,51145.0
1786,2020-03-28,2,0,2020-05-22,22,1,51133.0
1787,2020-03-28,1,0,2020-05-22,26,1,51127.0
1788,2020-03-28,1,0,2020-05-22,254,4,49037.0
1789,2020-03-28,1,0,2020-05-22,3,0,49017.0
1790,2020-03-28,5,0,2020-05-22,187,22,48477.0
1791,2020-03-28,1,0,2020-05-22,7,0,55085.0
1792,2020-03-28,1,0,2020-05-22,3,0,56035.0
1793,2020-03-28,1,0,2020-05-22,24,0,56009.0
1794,2020-03-28,1,0,2020-05-22,19,1,47019.0
1795,2020-03-28,2,0,2020-05-22,607,1,47007.0
1796,2020-03-28,1,0,2020-05-22,45,0,46135.0
1797,2020-03-28,2,0,2020-05-22,3,0,46067.0
1798,2020-03-28,1,0,2020-05-22,3,0,46057.0
1799,2020-03-28,1,0,2020-05-22,15,0,47091.0
1800,2020-03-28,1,0,2020-05-22,1,0,46039.0
1801,2020-03-28,1,0,2020-05-22,187,0,47069.0
1802,2020-03-28,2,0,2020-05-22,57,3,45059.0
1803,2020-03-28,1,0,2020-05-22,17,0,47129.0
1804,2020-03-28,1,0,2020-05-22,11,0,48279.0
1805,2020-03-28,1,0,2020-05-22,5,1,48305.0
1806,2020-03-28,1,0,2020-05-22,26,0,47183.0
1807,2020-03-28,1,0,2020-05-22,4,0,47173.0
1808,2020-03-28,1,0,2020-05-22,1390,4,47169.0
1809,2020-03-28,1,0,2020-05-22,41,0,48055.0
1810,2020-03-28,1,0,2020-05-22,20,0,48051.0
1811,2020-03-28,1,0,2020-05-22,18,1,13165.0
1812,2020-03-28,2,0,2020-05-22,72,1,13213.0
1813,2020-03-28,1,0,2020-05-22,250,12,12051.0
1814,2020-03-28,1,0,2020-05-22,49,2,13031.0
1815,2020-03-28,1,0,2020-05-22,184,17,17115.0
1816,2020-03-28,1,0,2020-05-22,19,2,17051.0
1817,2020-03-28,1,0,2020-05-22,13,2,17015.0
1818,2020-03-28,1,0,2020-05-22,24,1,18025.0
1819,2020-03-28,1,0,2020-05-22,48,2,13231.0
1820,2020-03-28,2,0,2020-05-22,186,10,13297.0
1821,2020-03-28,1,0,2020-05-22,9,0,13309.0
1822,2020-03-28,1,0,2020-05-22,30,0,16063.0
1823,2020-03-28,1,0,2020-05-22,32,0,16019.0
1824,2020-03-28,1,0,2020-05-22,24,1,4007.0
1825,2020-03-28,1,0,2020-05-22,36,0,5071.0
1826,2020-03-28,1,0,2020-05-22,23,2,1099.0
1827,2020-03-28,2,0,2020-05-22,6,0,8081.0
1828,2020-03-28,1,0,2020-05-22,12,0,6021.0
1829,2020-03-28,1,0,2020-05-22,12,0,8009.0
1830,2020-03-28,1,0,2020-05-22,10,0,26133.0
1831,2020-03-28,1,0,2020-05-22,125,1,28031.0
1832,2020-03-28,1,0,2020-05-22,123,16,28023.0
1833,2020-03-28,1,0,2020-05-22,2,0,27029.0
1834,2020-03-28,1,0,2020-05-22,49,1,28005.0
1835,2020-03-28,1,0,2020-05-22,53,0,19015.0
1836,2020-03-28,1,0,2020-05-22,13,0,19107.0
1837,2020-03-28,1,0,2020-05-22,7,0,19173.0
1838,2020-03-28,1,0,2020-05-22,206,8,18181.0
1839,2020-03-28,1,0,2020-05-22,28,0,19165.0
1840,2020-03-28,1,0,2020-05-22,71,2,18169.0
1841,2020-03-28,1,0,2020-05-22,9,0,18165.0
1842,2020-03-28,1,0,2020-05-22,20,0,18155.0
1843,2020-03-28,1,0,2020-05-22,73,11,18111.0
1844,2020-03-28,2,0,2020-05-22,6,0,21229.0
1845,2020-03-28,1,0,2020-05-22,89,4,21211.0
1846,2020-03-28,1,0,2020-05-22,1,0,21181.0
1847,2020-03-28,4,0,2020-05-22,287,10,22041.0
1848,2020-03-28,1,0,2020-05-22,62,0,22035.0
1849,2020-03-28,1,0,2020-05-22,6,0,20121.0
1850,2020-03-28,1,0,2020-05-22,20,0,21021.0
1851,2020-03-28,1,0,2020-05-22,36,3,21081.0
1852,2020-03-28,1,0,2020-05-22,18,0,21071.0
1853,2020-03-28,1,0,2020-05-22,6,0,21041.0
1854,2020-03-28,1,0,2020-05-22,219,6,21031.0
1855,2020-03-28,2,0,2020-05-22,16,2,21027.0
1856,2020-03-28,1,0,2020-05-22,11,0,21023.0
1857,2020-03-29,1,0,2020-05-22,10,0,37137.0
1858,2020-03-29,1,0,2020-05-22,26,3,37187.0
1859,2020-03-29,1,0,2020-05-22,128,1,37197.0
1860,2020-03-29,1,0,2020-05-22,8,0,42121.0
1861,2020-03-29,2,0,2020-05-22,57,1,42087.0
1862,2020-03-29,2,0,2020-05-22,25,1,40047.0
1863,2020-03-29,1,0,2020-05-22,21,2,40133.0
1864,2020-03-29,1,0,2020-05-22,851,5,40139.0
1865,2020-03-29,1,0,2020-05-22,73,5,40131.0
1866,2020-03-29,1,0,2020-05-22,58,0,31157.0
1867,2020-03-29,1,0,2020-05-22,3,0,30023.0
1868,2020-03-29,1,0,2020-05-22,12,0,37005.0
1869,2020-03-29,2,0,2020-05-22,139,1,37083.0
1870,2020-03-29,1,0,2020-05-22,11,0,37053.0
1871,2020-03-29,1,0,2020-05-22,278,21,37047.0
1872,2020-03-29,1,0,2020-05-22,49,1,37033.0
1873,2020-03-29,2,0,2020-05-22,19,0,36049.0
1874,2020-03-29,1,0,2020-05-22,228,4,51685.0
1875,2020-03-29,1,0,2020-05-22,55,7,51081.0
1876,2020-03-29,1,0,2020-05-22,6,0,51185.0
1877,2020-03-29,3,0,2020-05-22,45,0,48473.0
1878,2020-03-29,1,0,2020-05-22,10,2,51005.0
1879,2020-03-29,1,0,2020-05-22,4,0,54105.0
1880,2020-03-29,1,0,2020-05-22,8,0,54103.0
1881,2020-03-29,1,0,2020-05-22,17,1,51197.0
1882,2020-03-29,1,0,2020-05-22,121,1,51840.0
1883,2020-03-29,1,0,2020-05-22,17,0,54065.0
1884,2020-03-29,1,0,2020-05-22,59,0,54011.0
1885,2020-03-29,1,0,2020-05-22,64,0,47031.0
1886,2020-03-29,1,0,2020-05-22,22,0,46125.0
1887,2020-03-29,1,0,2020-05-22,22,0,46109.0
1888,2020-03-29,1,0,2020-05-22,12,0,47109.0
1889,2020-03-29,1,0,2020-05-22,29,0,47079.0
1890,2020-03-29,2,0,2020-05-22,29,1,47075.0
1891,2020-03-29,1,0,2020-05-22,4,0,46047.0
1892,2020-03-29,2,0,2020-05-22,15,0,46027.0
1893,2020-03-29,1,0,2020-05-22,4,0,46025.0
1894,2020-03-29,1,0,2020-05-22,21,1,47131.0
1895,2020-03-29,1,0,2020-05-22,14,1,48273.0
1896,2020-03-29,1,0,2020-05-22,51,0,48213.0
1897,2020-03-29,1,0,2020-05-22,15,0,48437.0
1898,2020-03-29,1,0,2020-05-22,13,0,48407.0
1899,2020-03-29,1,0,2020-05-22,52,0,48373.0
1900,2020-03-29,1,0,2020-05-22,8,0,48159.0
1901,2020-03-29,3,0,2020-05-22,139,4,48135.0
1902,2020-03-29,1,0,2020-05-22,39,1,48115.0
1903,2020-03-29,1,0,2020-05-22,19,1,12043.0
1904,2020-03-29,1,0,2020-05-22,12,0,13043.0
1905,2020-03-29,1,0,2020-05-22,66,9,13027.0
1906,2020-03-29,1,0,2020-05-22,73,2,13005.0
1907,2020-03-29,1,0,2020-05-22,32,1,12129.0
1908,2020-03-29,1,0,2020-05-22,93,0,17095.0
1909,2020-03-29,1,0,2020-05-22,17,0,17129.0
1910,2020-03-29,1,0,2020-05-22,38,0,17135.0
1911,2020-03-29,1,0,2020-05-22,36,1,18021.0
1912,2020-03-29,1,0,2020-05-22,10,1,17005.0
1913,2020-03-29,1,0,2020-05-22,8,0,16073.0
1914,2020-03-29,1,0,2020-05-22,19,0,5003.0
1915,2020-03-29,1,0,2020-05-22,2,0,5001.0
1916,2020-03-29,1,0,2020-05-22,12,0,5105.0
1917,2020-03-29,1,0,2020-05-22,4,0,5099.0
1918,2020-03-29,1,0,2020-05-22,11,1,5057.0
1919,2020-03-29,1,0,2020-05-22,58,2,1087.0
1920,2020-03-29,1,0,2020-05-22,35,3,8083.0
1921,2020-03-29,1,0,2020-05-22,2,0,8079.0
1922,2020-03-29,1,0,2020-05-22,2,0,6109.0
1923,2020-03-29,1,0,2020-05-22,21,1,26031.0
1924,2020-03-29,1,0,2020-05-22,21,0,23025.0
1925,2020-03-29,1,0,2020-05-22,144,6,28149.0
1926,2020-03-29,1,0,2020-05-22,39,0,22085.0
1927,2020-03-29,1,0,2020-05-22,58,1,28021.0
1928,2020-03-29,1,0,2020-05-22,21,0,27059.0
1929,2020-03-29,1,0,2020-05-22,27,0,27041.0
1930,2020-03-29,1,0,2020-05-22,61,0,27033.0
1931,2020-03-29,1,0,2020-05-22,113,9,28015.0
1932,2020-03-29,1,0,2020-05-22,52,0,27111.0
1933,2020-03-29,1,0,2020-05-22,1418,6,20055.0
1934,2020-03-29,2,0,2020-05-22,24,0,18083.0
1935,2020-03-29,1,0,2020-05-22,171,25,18055.0
1936,2020-03-29,1,0,2020-05-22,46,6,22081.0
1937,2020-03-29,1,0,2020-05-22,77,2,18151.0
1938,2020-03-29,2,0,2020-05-22,10,0,21217.0
1939,2020-03-29,1,0,2020-05-22,26,0,20189.0
1940,2020-03-29,1,0,2020-05-22,1,0,20185.0
1941,2020-03-29,3,0,2020-05-22,20,2,20125.0
1942,2020-03-29,4,0,2020-05-22,39,3,21019.0
1943,2020-03-29,1,0,2020-05-22,8,0,21135.0
1944,2020-03-30,1,0,2020-05-22,20,1,39075.0
1945,2020-03-30,1,0,2020-05-22,24,1,39015.0
1946,2020-03-30,1,0,2020-05-22,61,1,39141.0
1947,2020-03-30,1,0,2020-05-22,30,1,39135.0
1948,2020-03-30,1,0,2020-05-22,161,7,37161.0
1949,2020-03-30,1,0,2020-05-22,1,0,38065.0
1950,2020-03-30,2,0,2020-05-22,320,3,38035.0
1951,2020-03-30,4,0,2020-05-22,61,1,42119.0
1952,2020-03-30,1,0,2020-05-22,6,0,40085.0
1953,2020-03-30,1,0,2020-05-22,5,2,40033.0
1954,2020-03-30,1,0,2020-05-22,6,0,40009.0
1955,2020-03-30,1,0,2020-05-22,7,0,31003.0
1956,2020-03-30,1,0,2020-05-22,17,0,29225.0
1957,2020-03-30,1,0,2020-05-22,4,0,29209.0
1958,2020-03-30,1,0,2020-05-22,35,0,31185.0
1959,2020-03-30,1,0,2020-05-22,8,0,29055.0
1960,2020-03-30,5,0,2020-05-22,9,0,29039.0
1961,2020-03-30,2,0,2020-05-22,2,0,29179.0
1962,2020-03-30,1,0,2020-05-22,14,1,29163.0
1963,2020-03-30,1,0,2020-05-22,5,0,29151.0
1964,2020-03-30,1,0,2020-05-22,8,0,29141.0
1965,2020-03-30,1,0,2020-05-22,2,0,29125.0
1966,2020-03-30,1,0,2020-05-22,2,0,29121.0
1967,2020-03-30,1,0,2020-05-22,3,0,29117.0
1968,2020-03-30,1,0,2020-05-22,23,0,37003.0
1969,2020-03-30,3,0,2020-05-22,20,1,35057.0
1970,2020-03-30,1,0,2020-05-22,19,0,51101.0
1971,2020-03-30,1,0,2020-05-22,59,2,51089.0
1972,2020-03-30,1,0,2020-05-22,15,0,51173.0
1973,2020-03-30,2,0,2020-05-22,84,2,51730.0
1974,2020-03-30,1,0,2020-05-22,42,2,48497.0
1975,2020-03-30,2,0,2020-05-22,3,1,55077.0
1976,2020-03-30,2,0,2020-05-22,15,1,55053.0
1977,2020-03-30,1,0,2020-05-22,35,3,55029.0
1978,2020-03-30,2,0,2020-05-22,8,0,54087.0
1979,2020-03-30,1,0,2020-05-22,28,0,54083.0
1980,2020-03-30,1,0,2020-05-22,4,0,46091.0
1981,2020-03-30,1,0,2020-05-22,28,1,47117.0
1982,2020-03-30,2,0,2020-05-22,23,0,47099.0
1983,2020-03-30,1,0,2020-05-22,12,0,47055.0
1984,2020-03-30,1,0,2020-05-22,9,0,47049.0
1985,2020-03-30,1,0,2020-05-22,41,1,45011.0
1986,2020-03-30,1,0,2020-05-22,9,0,48289.0
1987,2020-03-30,1,0,2020-05-22,23,1,48217.0
1988,2020-03-30,1,0,2020-05-22,579,13,48341.0
1989,2020-03-30,1,0,2020-05-22,63,0,47181.0
1990,2020-03-30,1,0,2020-05-22,16,0,47177.0
1991,2020-03-30,1,0,2020-05-22,126,0,13123.0
1992,2020-03-30,3,0,2020-05-22,164,12,13093.0
1993,2020-03-30,1,0,2020-05-22,26,1,13083.0
1994,2020-03-30,1,0,2020-05-22,44,2,13075.0
1995,2020-03-30,1,0,2020-05-22,34,2,13061.0
1996,2020-03-30,1,0,2020-05-22,11,0,13191.0
1997,2020-03-30,1,0,2020-05-22,78,2,13167.0
1998,2020-03-30,1,0,2020-05-22,26,1,13163.0
1999,2020-03-30,1,0,2020-05-22,16,0,12059.0
2000,2020-03-30,1,0,2020-05-22,37,0,13023.0
2001,2020-03-30,1,0,2020-05-22,34,0,13019.0
2002,2020-03-30,1,0,2020-05-22,73,0,13011.0
2003,2020-03-30,2,0,2020-05-22,121,13,13001.0
2004,2020-03-30,1,0,2020-05-22,10,0,17023.0
2005,2020-03-30,1,0,2020-05-22,11,0,17033.0
2006,2020-03-30,1,0,2020-05-22,6,0,17165.0
2007,2020-03-30,2,0,2020-05-22,251,3,17157.0
2008,2020-03-30,2,0,2020-05-22,50,0,17121.0
2009,2020-03-30,1,0,2020-05-22,34,1,13263.0
2010,2020-03-30,1,0,2020-05-22,16,1,13249.0
2011,2020-03-30,2,0,2020-05-22,17,0,13301.0
2012,2020-03-30,1,0,2020-05-22,137,2,16053.0
2013,2020-03-30,1,0,2020-05-22,31,2,16039.0
2014,2020-03-30,1,0,2020-05-22,4,0,16017.0
2015,2020-03-30,1,0,2020-05-22,26,0,16067.0
2016,2020-03-30,1,0,2020-05-22,3,0,4011.0
2017,2020-03-30,1,0,2020-05-22,621,1,5123.0
2018,2020-03-30,1,0,2020-05-22,3,0,5101.0
2019,2020-03-30,1,0,2020-05-22,119,3,1065.0
2020,2020-03-30,1,0,2020-05-22,11,0,1057.0
2021,2020-03-30,2,0,2020-05-22,55,1,1007.0
2022,2020-03-30,1,0,2020-05-22,172,6,1119.0
2023,2020-03-30,1,0,2020-05-22,10,0,8095.0
2024,2020-03-30,1,0,2020-05-22,2,0,6003.0
2025,2020-03-30,1,0,2020-05-22,8,0,8007.0
2026,2020-03-30,1,0,2020-05-22,17,2,26041.0
2027,2020-03-30,2,0,2020-05-22,11,0,26009.0
2028,2020-03-30,1,0,2020-05-22,2,0,26061.0
2029,2020-03-30,1,0,2020-05-22,15,1,28003.0
2030,2020-03-30,3,0,2020-05-22,96,2,26149.0
2031,2020-03-30,1,0,2020-05-22,51,6,27061.0
2032,2020-03-30,1,0,2020-05-22,45,0,27165.0
2033,2020-03-30,1,0,2020-05-22,41,0,27093.0
2034,2020-03-30,1,0,2020-05-22,42,3,19077.0
2035,2020-03-30,1,0,2020-05-22,445,2,19047.0
2036,2020-03-30,1,0,2020-05-22,11,1,19009.0
2037,2020-03-30,1,0,2020-05-22,8,0,19177.0
2038,2020-03-30,1,0,2020-05-22,36,0,19105.0
2039,2020-03-30,1,0,2020-05-22,9,0,19097.0
2040,2020-03-30,1,0,2020-05-22,17,0,20005.0
2041,2020-03-30,1,0,2020-05-22,37,2,21157.0
2042,2020-03-30,1,0,2020-05-22,18,0,21155.0
2043,2020-03-30,1,0,2020-05-22,28,2,20169.0
2044,2020-03-31,3,0,2020-05-22,25,0,38105.0
2045,2020-03-31,1,0,2020-05-22,17,1,39127.0
2046,2020-03-31,2,0,2020-05-22,48,4,37117.0
2047,2020-03-31,1,0,2020-05-22,59,2,37157.0
2048,2020-03-31,1,0,2020-05-22,16,0,38053.0
2049,2020-03-31,1,0,2020-05-22,2,0,38037.0
2050,2020-03-31,2,0,2020-05-22,462,3,37193.0
2051,2020-03-31,2,0,2020-05-22,36,2,42009.0
2052,2020-03-31,1,0,2020-05-22,1,0,41063.0
2053,2020-03-31,1,0,2020-05-22,28,0,41045.0
2054,2020-03-31,1,0,2020-05-22,1,0,30065.0
2055,2020-03-31,1,0,2020-05-22,1,0,30051.0
2056,2020-03-31,2,0,2020-05-22,8,1,29186.0
2057,2020-03-31,1,0,2020-05-22,10,0,31105.0
2058,2020-03-31,1,0,2020-05-22,22,0,28141.0
2059,2020-03-31,1,0,2020-05-22,8,0,29081.0
2060,2020-03-31,2,0,2020-05-22,54,0,36099.0
2061,2020-03-31,1,0,2020-05-22,5,0,37043.0
2062,2020-03-31,1,0,2020-05-22,54,0,37007.0
2063,2020-03-31,1,0,2020-05-22,7,0,51097.0
2064,2020-03-31,1,0,2020-05-22,34,1,51620.0
2065,2020-03-31,1,0,2020-05-22,6,1,51181.0
2066,2020-03-31,1,0,2020-05-22,172,19,51139.0
2067,2020-03-31,1,0,2020-05-22,21,0,51043.0
2068,2020-03-31,1,0,2020-05-22,66,1,51035.0
2069,2020-03-31,1,0,2020-05-22,13,1,51031.0
2070,2020-03-31,2,0,2020-05-22,439,2,51029.0
2071,2020-03-31,1,0,2020-05-22,21,1,51025.0
2072,2020-03-31,1,0,2020-05-22,32,0,55083.0
2073,2020-03-31,1,0,2020-05-22,5,1,55011.0
2074,2020-03-31,1,0,2020-05-22,2,0,55003.0
2075,2020-03-31,2,0,2020-05-22,36,0,51820.0
2076,2020-03-31,1,0,2020-05-22,35,0,54031.0
2077,2020-03-31,2,0,2020-05-22,12,1,47085.0
2078,2020-03-31,2,0,2020-05-22,20,0,45009.0
2079,2020-03-31,1,0,2020-05-22,93,4,13131.0
2080,2020-03-31,1,0,2020-05-22,26,2,13107.0
2081,2020-03-31,1,0,2020-05-22,28,0,12125.0
2082,2020-03-31,1,0,2020-05-22,58,5,13221.0
2083,2020-03-31,1,0,2020-05-22,19,1,17053.0
2084,2020-03-31,1,0,2020-05-22,193,2,17141.0
2085,2020-03-31,1,0,2020-05-22,94,0,13295.0
2086,2020-03-31,1,0,2020-05-22,40,0,13259.0
2087,2020-03-31,1,0,2020-05-22,25,2,13251.0
2088,2020-03-31,2,0,2020-05-22,15,1,13241.0
2089,2020-03-31,1,0,2020-05-22,1,0,16025.0
2090,2020-03-31,1,0,2020-05-22,11,1,13307.0
2091,2020-03-31,1,0,2020-05-22,3,0,16003.0
2092,2020-03-31,1,0,2020-05-22,63,3,13319.0
2093,2020-03-31,1,0,2020-05-22,98,13,13315.0
2094,2020-03-31,1,0,2020-05-22,1,0,5127.0
2095,2020-03-31,1,0,2020-05-22,42,1,5091.0
2096,2020-03-31,1,0,2020-05-22,23,0,8109.0
2097,2020-03-31,1,0,2020-05-22,27,0,8065.0
2098,2020-03-31,1,0,2020-05-22,52,3,12013.0
2099,2020-03-31,1,0,2020-05-22,4,0,6063.0
2100,2020-03-31,1,0,2020-05-22,1580,7,18017.0
2101,2020-03-31,2,0,2020-05-22,99,2,26023.0
2102,2020-03-31,1,0,2020-05-22,32,1,26011.0
2103,2020-03-31,1,0,2020-05-22,44,1,22091.0
2104,2020-03-31,1,0,2020-05-22,71,0,27017.0
2105,2020-03-31,2,0,2020-05-22,11,2,27015.0
2106,2020-03-31,2,0,2020-05-22,5,1,26135.0
2107,2020-03-31,2,0,2020-05-22,3,0,27155.0
2108,2020-03-31,1,0,2020-05-22,29,0,27083.0
2109,2020-03-31,1,0,2020-05-22,9,0,19041.0
2110,2020-03-31,1,0,2020-05-22,42,1,18077.0
2111,2020-03-31,1,0,2020-05-22,23,4,21207.0
2112,2020-03-31,1,0,2020-05-22,13,0,21203.0
2113,2020-03-31,1,0,2020-05-22,1,0,21197.0
2114,2020-03-31,1,0,2020-05-22,2,0,21127.0
2115,2020-03-31,1,0,2020-05-22,14,0,21103.0
2116,2020-03-31,1,0,2020-05-22,36,1,20009.0
2117,2020-03-31,3,0,2020-05-22,69,5,22029.0
2118,2020-03-31,1,0,2020-05-22,7,0,21091.0
2119,2020-03-31,1,0,2020-05-22,22,0,20099.0
2120,2020-03-31,1,0,2020-05-22,4,0,20019.0
2121,2020-03-31,1,0,2020-05-22,152,19,21083.0
2122,2020-03-31,2,0,2020-05-22,53,9,21061.0
2123,2020-03-31,1,0,2020-05-22,40,1,21009.0
2124,2020-04-01,1,0,2020-05-22,103,1,39117.0
2125,2020-04-01,2,0,2020-05-22,5,0,38013.0
2126,2020-04-01,2,1,2020-05-22,66,7,40055.0
2127,2020-04-01,1,0,2020-05-22,6,0,30009.0
2128,2020-04-01,1,0,2020-05-22,26,0,31039.0
2129,2020-04-01,1,0,2020-05-22,5,0,29025.0
2130,2020-04-01,1,0,2020-05-22,28,0,29023.0
2131,2020-04-01,1,0,2020-05-22,5,0,29063.0
2132,2020-04-01,1,0,2020-05-22,2,0,29073.0
2133,2020-04-01,1,0,2020-05-22,2,1,35003.0
2134,2020-04-01,1,0,2020-05-22,16,0,35017.0
2135,2020-04-01,1,0,2020-05-22,146,1,35035.0
2136,2020-04-01,1,0,2020-05-22,100,1,51183.0
2137,2020-04-01,1,0,2020-05-22,22,1,48499.0
2138,2020-04-01,1,0,2020-05-22,86,1,51015.0
2139,2020-04-01,1,0,2020-05-22,2,0,55078.0
2140,2020-04-01,1,0,2020-05-22,25,0,55023.0
2141,2020-04-01,1,0,2020-05-22,7,1,54001.0
2142,2020-04-01,1,0,2020-05-22,6,0,47027.0
2143,2020-04-01,3,0,2020-05-22,6,0,47057.0
2144,2020-04-01,1,0,2020-05-22,51,1,47097.0
2145,2020-04-01,1,0,2020-05-22,52,0,47081.0
2146,2020-04-01,1,0,2020-05-22,34,3,45005.0
2147,2020-04-01,1,0,2020-05-22,9,0,48297.0
2148,2020-04-01,1,0,2020-05-22,11,0,48265.0
2149,2020-04-01,1,0,2020-05-22,28,1,48405.0
2150,2020-04-01,1,0,2020-05-22,4,0,48351.0
2151,2020-04-01,1,0,2020-05-22,95,1,48179.0
2152,2020-04-01,1,0,2020-05-22,90,2,48177.0
2153,2020-04-01,1,0,2020-05-22,63,0,48001.0
2154,2020-04-01,1,0,2020-05-22,10,0,47153.0
2155,2020-04-01,1,0,2020-05-22,37,0,48063.0
2156,2020-04-01,1,0,2020-05-22,3,0,48077.0
2157,2020-04-01,2,0,2020-05-22,19,0,48089.0
2158,2020-04-01,1,0,2020-05-22,5,1,48093.0
2159,2020-04-01,1,0,2020-05-22,12,2,13173.0
2160,2020-04-01,1,0,2020-05-22,55,0,12093.0
2161,2020-04-01,2,0,2020-05-22,66,3,12079.0
2162,2020-04-01,1,0,2020-05-22,39,1,17183.0
2163,2020-04-01,1,0,2020-05-22,7,0,17127.0
2164,2020-04-01,1,0,2020-05-22,7,0,16057.0
2165,2020-04-01,1,0,2020-05-22,39,1,13291.0
2166,2020-04-01,1,0,2020-05-22,84,8,13237.0
2167,2020-04-01,1,0,2020-05-22,35,0,16047.0
2168,2020-04-01,1,0,2020-05-22,9,0,5015.0
2169,2020-04-01,1,0,2020-05-22,13,1,5077.0
2170,2020-04-01,1,0,2020-05-22,77,0,1045.0
2171,2020-04-01,1,0,2020-05-22,24,1,1035.0
2172,2020-04-01,2,0,2020-05-22,92,2,1025.0
2173,2020-04-01,1,0,2020-05-22,60,0,12049.0
2174,2020-04-01,1,0,2020-05-22,1,0,12045.0
2175,2020-04-01,1,0,2020-05-22,6,0,26097.0
2176,2020-04-01,1,0,2020-05-22,126,2,24019.0
2177,2020-04-01,1,0,2020-05-22,11,1,23009.0
2178,2020-04-01,1,0,2020-05-22,131,3,28061.0
2179,2020-04-01,1,0,2020-05-22,5,0,27173.0
2180,2020-04-01,1,0,2020-05-22,42,1,27035.0
2181,2020-04-01,2,0,2020-05-22,76,0,27047.0
2182,2020-04-01,2,0,2020-05-22,5,0,19131.0
2183,2020-04-01,1,0,2020-05-22,21,1,19121.0
2184,2020-04-01,1,0,2020-05-22,40,0,18075.0
2185,2020-04-01,1,0,2020-05-22,1,0,20151.0
