,cases_70days,icu_beds,commuting_in,density,percent_democrat,percent_in_poverty,pop_over65,median_age,percent_with_bachelors,median_income,pop_2019
0,1228,72,54070,393.99641884,0.542633830486,7.5,99868,37.8,31.9,87096,822083
1,6473,1606,489235,5450.3843595,0.743757709047,13.8,724730,36.6,38.0,63347,5150233
2,786,651,317959,4005.6166459,0.509601544158,10.5,440488,37.8,39.9,89373,3175692
3,1326,1004,79525,487.50954904,0.456797128628,12.3,615277,36.1,32.0,65234,4485414
4,5940,2126,483659,2473.5073498,0.714071865319,14.2,1299277,36.2,31.8,67986,10039107
5,1484,313,240720,1493.2046662,0.733480189578,7.3,246908,37.0,51.3,125933,1927852
6,4926,447,371770,13801.32086,0.794723195076,17.5,91123,32.7,44.8,68743,803907
7,875,337,307615,18795.223512,0.8553169356270001,10.1,131438,38.2,57.1,110601,881549
8,351,39,52187,456.91738082,0.713768627206,10.8,67689,34.9,50.7,71789,546695
9,2325,570,72833,792.91438376,0.560710165858,11.5,439595,35.6,38.1,78777,3338330
10,1126,648,89600,1615.3697451,0.544659220051,17.2,223805,33.4,27.6,54210,2003554
11,476,187,89375,1750.3315009,0.479235278844,11.6,68170,34.5,38.9,64580,571327
12,54,32,1575,37.99127697,0.582590082055,20.3,22647,38.0,29.8,49471,135558
13,1090,396,120790,1607.9350016,0.585567433683,14.3,202207,36.0,30.4,69475,1552058
14,378,113,18916,296.38858142,0.416136023952,13.0,76680,37.5,30.4,59408,522798
15,325,92,31582,544.70103033,0.622546726726,7.9,64390,37.9,26.2,82808,447643
16,2832,282,116130,1563.7909353,0.428482871035,9.0,114930,32.6,34.5,73619,1160437
17,286,82,17940,313.74622239,0.707222967207,9.9,91097,41.7,34.9,81002,494336
18,79,32,22730,184.08552018,0.647661723566,8.8,25360,41.1,34.9,85624,137744
19,244,66,46516,497.3152999,0.7881500077310001,6.6,54625,46.5,58.8,122933,258826
20,6942,450,247854,1065.0027467,0.7214892465389999,9.2,274609,37.1,51.4,94822,2252782
21,556,85,84068,830.61446109,0.593956058164,8.8,73044,36.5,43.7,82819,601592
22,776,90,19780,542.27582552,0.398082018362,10.4,98927,48.0,29.3,59587,403253
23,1432,432,131673,1440.3883066,0.514932646806,14.7,189676,36.9,32.7,58361,1471968
24,2085,282,237262,2266.8038359,0.7931424750689999,9.0,215917,37.4,46.0,101744,1671329
25,7004,59,175598,1784.3023037,0.612466844243,6.5,113400,40.9,53.0,100184,706775
26,58,54,20420,52.607970005,0.569459702387,9.0,17342,42.9,40.5,65163,89886
27,104,28,6521,47.841294958,0.382898874125,13.3,10324,37.1,28.6,57329,60760
28,3516,538,496827,2019.9144194000005,0.692273308888,13.5,113402,35.4,51.4,70808,1063937
29,170,70,56930,283.09018519,0.411666622379,7.1,71099,41.9,38.6,89175,398329
30,1464,131,162092,1708.6818505,0.763759178293,6.8,117867,39.6,49.9,122930,766573
31,1061,175,113096,1331.7237897,0.583929619916,8.4,113852,36.0,51.8,80169,1111761
32,1066,163,88933,1608.6423209000006,0.689128114392,7.8,169782,39.4,41.7,101463,1153526
33,17150,147,177837,4004.5571387,0.5449741512899999,6.8,155306,41.8,48.3,100181,932202
34,31610,179,152533,2246.9377106,0.649051798386,8.3,158902,40.8,48.2,94521,967506
35,1452,128,57252,941.89227299,0.516482503543,7.9,74854,36.0,46.1,92310,811688
36,165,20,9594,26.427687744,0.392850629218,10.9,13790,40.2,26.7,57243,77200
37,38743,461,193326,4767.2768183,0.512509818244,5.8,232164,41.6,45.2,115301,1356924
38,1154,331,14255,74.652791386,0.463642358158,10.4,69819,38.1,30.5,63636,471519
39,5144,535,21468,287.22956575,0.523983533245,14.0,301845,37.1,23.9,57155,2266715
40,456,28,58838,409.03186847,0.296007640879,3.8,27140,39.2,59.0,115930,238412
41,8817,918,461890,2762.5492191,0.54223505185,16.5,452327,33.3,31.0,60241,4713325
42,7588,150,179278,2130.9408448,0.7586602988,6.9,151809,39.0,59.0,107758,1050688
43,18381,216,337744,1970.6497636,0.663227499782,7.3,234069,38.5,55.2,100374,1611699
44,180,16,7801,182.05920707,0.210426388508,9.5,26193,39.7,28.1,69541,184313
45,1748,94,96322,762.59696552,0.490697156002,7.0,88707,40.4,44.1,85550,582881
46,621,54,47964,417.91548841,0.366530357865,2.6,35801,38.4,57.9,120670,351154
47,107,8,5510,70.784131107,0.28607198748,13.0,11809,48.1,20.4,53602,51361
48,5409,100,75980,3083.2498462,0.5939255420740001,8.8,88412,39.0,38.3,71961,566747
49,752,379,85413,1142.9119618,0.355548615533,14.1,87684,35.5,31.2,55796,651552
50,12637,39,31002,1878.3505416,0.511961143429,13.9,49645,36.1,40.6,88960,325789
51,5255,199,75864,2288.1000494000004,0.645876146019,12.9,75995,38.7,31.8,67135,506471
52,501,221,81036,448.18214778,0.506386124538,14.2,60929,37.6,42.8,62958,411406
53,1287,135,180547,3614.7495441,0.657335200865,14.6,74248,34.9,41.9,62937,550321
54,1772,189,63098,542.53805418,0.496931108025,8.7,113665,36.1,26.4,75022,904980
55,29,6,1326,17.863595903,0.624676616915,12.7,10559,57.9,41.8,55893,32221
56,401,90,21720,776.85533336,0.463250316676,8.8,67720,38.2,29.8,73971,488241
57,165,32,2954,73.145411344,0.16667826208,9.7,32828,36.4,27.7,57069,177556
58,354,22,34746,1188.6425946,0.215696391206,5.7,32621,30.8,37.5,84381,355481
59,261,10,5901,91.590862268,0.356467532468,14.5,11340,41.7,19.9,52270,66551
60,495,4,5570,109.23828497,0.536156601842,9.3,16306,46.7,41.3,73703,74470
61,670,22,17022,86.24393453399998,0.380971163584,12.9,80907,38.9,19.0,58848,462789
62,182,14,46807,217.29866745,0.680718250598,20.1,25441,31.0,41.6,67804,220500
63,4452,227,280068,4743.9552681999985,0.751690767184,11.7,78751,34.4,47.9,68069,727211
64,532,260,53687,1139.3160414,0.512636652169,14.6,40073,34.4,42.9,55358,323152
65,8082,526,205245,2432.3168245,0.589015980281,17.2,113355,34.4,30.4,48409,964582
66,78,0,3535,137.31381163,0.202217827377,21.8,6270,37.1,12.2,43679,42613
67,414,148,4773,1622.7267286,0.614786319102,7.7,166432,37.6,34.3,83695,974563
68,1384,141,18353,986.07766533,0.382830412803,12.1,198022,48.1,27.8,56343,770577
69,6133,587,129438,1623.499921,0.6647197440079999,12.6,303981,40.1,31.9,57200,1952778
70,1251,95,17830,338.71841276,0.33774694914700004,9.9,83244,34.1,37.9,67923,720403
71,566,5,3654,32.726608698,0.559550661183,6.7,5482,36.5,48.1,86896,55127
72,423,19,24432,283.78298772,0.44717501369,6.3,38737,42.6,41.4,83210,229863
73,41,0,911,11.482571274000001,0.242134062927,18.5,13368,42.4,19.4,45374,68238
74,50,50,4806,79.383302602,0.419601306497,14.8,45075,42.7,27.4,55511,220944
75,4106,468,234558,1959.2565868,0.5578349649350001,10.5,172382,40.3,43.2,66992,994205
76,5797,215,213123,1720.4403096,0.58729698308,5.9,139629,41.3,48.7,90155,830915
77,51,6,1288,20.865716698,0.392167557543,15.8,6862,33.1,34.8,55624,47935
78,7386,178,289947,2934.8116361,0.652997653162,6.1,144212,37.9,61.1,122035,1147532
79,60,10,4494,52.548430542,0.583603548486,11.4,7906,47.0,35.7,52510,35470
80,1095,43,58826,445.46308918,0.446881372029,5.3,50759,44.3,40.7,93645,309769
81,149,22,18034,613.82863485,0.7504691257960001,12.2,41001,37.4,40.0,84213,273213
82,5618,351,104732,342.703209,0.496107441063,12.7,328609,35.3,21.8,66793,2470546
83,71,10,13802,73.62298192,0.38767766979,20.2,20797,33.9,14.5,53632,157327
84,1192,164,32321,167.6799017,0.494118211169,21.3,114438,32.0,20.7,52318,999101
85,495,24,5606,134.8010402,0.674965507619,11.3,28064,46.7,33.4,58375,124944
86,648,110,110002,1271.9107791,0.451555479298,5.5,79578,37.5,55.3,87087,602401
87,2407,119,133345,2237.0896015,0.488370953116,9.1,85117,36.5,46.5,78603,760141
88,591,148,18643,502.41804154,0.417945940132,13.2,125506,46.5,23.6,50285,553284
89,2597,82,119359,2174.1752753,0.509562221584,9.2,83442,35.1,36.1,72008,936250
90,176,57,19014,226.54514971,0.235562355326,12.7,31003,36.8,30.6,62779,210738
91,370,51,9928,277.35736469,0.3469680138699999,11.1,69046,58.6,23.2,52724,188910
93,1552,25,12261,157.94992078,0.518707703477,14.3,33335,43.7,32.2,63073,177573
94,38117,281,85628,1619.4232899,0.442614907626,7.3,239139,41.3,35.6,100075,1476601
95,827,68,33410,294.62141393,0.440444388289,14.5,50268,36.4,22.8,56408,347818
96,25,32,2002,22.038774258000004,0.270516066212,15.0,26671,47.0,17.2,47020,110980
97,15205,97,79428,2697.8238848,0.595497596497,13.6,70281,37.0,28.1,71959,501826
98,113,25,19578,296.69689409,0.390330659504,3.8,10962,37.5,48.1,104248,105089
99,159,20,11747,687.05358709,0.510524762908,9.1,44246,39.0,32.2,76530,271473
100,3726,277,100530,1227.3643539999996,0.622670334869,21.7,118566,35.4,31.1,47924,937166
101,4132,614,160867,1378.7692334,0.603060938509,15.4,79891,34.3,40.3,60799,694144
102,399,39,33712,395.89874684,0.330217810635,13.6,47462,38.2,23.8,53567,319785
103,9252,169,63512,549.84556659,0.5174291024009999,9.0,122402,40.1,35.9,71767,830622
104,14248,173,114321,1509.4086275,0.5818552740940001,10.0,143419,40.3,47.4,91183,943332
105,690,19,28274,584.36625333,0.352613021638,7.0,38632,40.8,35.8,87959,255441
106,1922,366,113202,2014.0227305,0.540918084461,15.4,117584,38.1,32.7,55860,766757
107,19,6,1274,61.635932237,0.261255466941,15.5,3290,42.1,14.8,51709,18886
108,569,95,19830,246.56142631,0.6602853101,15.8,15870,30.0,53.0,64387,151140
109,1050,39,27824,418.56402865,0.300233862181,5.9,20870,37.7,36.3,80834,170311
110,714,15,17233,614.54094882,0.227412587413,7.4,31100,38.3,37.0,82733,258773
111,3410,680,197691,2701.4936537,0.658357766233,17.9,217416,40.3,31.9,50006,1235072
112,7408,152,79987,1321.6980276,0.43607171064,6.7,103679,43.2,44.9,99223,618795
113,17574,105,130370,14555.938983000002,0.744594762318,14.3,76628,35.1,40.9,73337,672391
114,21,0,3335,74.481945647,0.3973635544600001,8.5,5692,36.8,28.2,75421,42754
115,14903,80,114860,5413.6512622,0.662816509789,7.8,76895,38.5,35.1,80737,556341
116,1259,44,16986,279.9324603,0.48419871406,12.3,27248,42.8,24.4,63318,170271
118,1049,195,139962,1229.7687086,0.392200143039,6.4,98040,36.6,51.7,96936,1034730
119,3767,127,148283,822.83599885,0.526755852843,8.1,78627,36.5,42.2,76665,656590
120,34,81,5957,47.697443513,0.282148468727,15.2,35621,41.8,22.2,53908,180080
121,495,55,21060,137.49229240000003,0.475355472235,10.5,49587,35.9,46.3,71306,356899
122,1825,296,12374,113.97478676,0.542321530538,16.2,190252,38.3,31.9,53395,1047279
123,11629,89,157790,1884.0230157,0.893292622141,8.3,111152,36.8,32.7,82445,909327
124,7059,215,68478,1462.6262651,0.405429245595,15.6,70261,39.2,26.1,50871,432493
125,170,29,14359,98.058840781,0.363306967271,11.8,15466,39.5,21.2,56337,93206
126,153,0,7064,116.20954268,0.231142687981,9.1,7103,38.7,14.3,61341,47744
127,2856,168,153183,2836.041489,0.8082272341660001,14.3,85571,35.6,43.4,63477,759297
128,210,37,22858,588.65191144,0.385099441933,5.0,19089,43.5,46.5,95021,114421
129,187,65,11865,193.20052674,0.266481751825,20.7,15636,38.5,20.4,44906,98498
130,1005,165,183411,1885.5092324,0.7595943672050001,12.0,100763,37.0,44.5,70756,812855
131,20129,528,257222,11796.782748,0.8240513828470001,24.3,207563,34.3,28.6,46149,1584064
132,8078,409,260568,1450.2364112,0.5171103120220001,8.2,198882,40.9,46.4,80319,1257584
133,19292,586,236937,2859.4342735,0.667795473596,21.7,258954,37.9,23.3,46440,1749343
134,919,35,49427,845.85743528,0.410133417353,5.6,45250,38.4,29.7,82284,356921
135,4000,82,81719,557.17907045,0.555731634767,6.2,72612,41.5,37.5,84470,445349
136,1527,33,66466,801.79464032,0.554234044324,3.6,33265,36.0,60.8,140382,413538
137,426,18,12078,74.675423726,0.475570389014,9.7,24374,41.5,26.3,70955,129205
138,359,24,4827,108.75731788,0.5488851722829999,14.9,35496,37.0,33.9,62262,229247
139,224,64,26163,451.5456437,0.272396901204,9.4,27885,32.5,23.8,68106,260213
140,43,6,982,14.660260714000001,0.282339043119,12.9,3041,37.3,20.1,49712,18453
141,10,0,595,8.4666060845,0.27235653947,20.9,1698,35.9,17.5,47412,9292
142,9,8,2388,45.393685401999996,0.296151911469,12.0,3525,38.8,23.9,51724,19775
143,3165,54,27019,239.37250132,0.3911171307,9.6,23211,34.7,31.9,60033,193134
144,57,103,28710,383.02309985,0.198964249916,16.5,33114,44.9,22.8,46024,158348
145,7904,614,520617,3021.0825913000012,0.611264385885,14.2,263792,33.3,30.7,59838,2635516
146,848,97,50804,582.74698473,0.225247805085,9.3,69473,36.9,34.7,77598,607391
147,4643,409,196723,2434.4302532,0.434500748304,12.1,216591,34.3,31.5,66059,2102515
148,850,139,43603,459.16825553,0.553749663019,9.1,123435,37.9,33.1,84170,846006
149,179,0,1083,5.390934306799999,0.54500483923,10.4,2044,34.5,55.3,61268,17462
150,339,210,23134,307.28851819,0.589625040093,19.8,34804,31.3,42.5,51026,269043
151,709,121,45166,547.38885704,0.53880957953,14.3,89461,34.1,18.4,63567,762148
152,1030,73,23366,192.74608394,0.35741473857100003,10.6,112279,50.3,36.2,70649,384902
153,280,8,11381,160.41872841,0.317550918561,5.4,8129,38.0,48.3,85876,67843
154,6869,111,93799,2302.6374138,0.8080775756399999,23.8,52536,36.3,36.8,38855,390144
155,12748,98,81347,1602.0491904,0.58496038709,10.7,127337,40.8,39.4,76373,789034
156,10,4,4048,105.55976829,0.214893780198,11.6,5251,33.4,15.3,56693,35777
157,1224,33,29243,510.07020571,0.426893574512,5.9,41446,40.2,33.7,86268,307774
158,66,0,3967,136.62350377,0.23312632958700005,10.4,16835,45.0,28.2,66898,88625
159,4682,103,84946,1025.1137169,0.513638242894,8.6,67018,37.0,33.1,79834,532403
160,327,166,26165,741.97917716,0.37372411903,12.6,114764,44.6,23.4,53788,553947
161,1062,279,69317,3561.2781285,0.4747049967450001,11.7,228495,47.8,31.0,52226,974996
162,29,0,506,17.167318689000002,0.250499001996,25.6,1927,41.7,10.5,40499,13392
163,116,36,4425,65.512630726,0.444029850746,9.4,34502,42.3,34.2,67372,197692
164,29,19,4686,33.603256116,0.21562860653,10.8,8276,31.4,28.3,63938,67641
165,620,128,34866,644.18021868,0.389663365873,14.4,69336,41.9,22.8,52310,370606
166,4662,90,84117,1039.4906596,0.484163912988,5.7,110321,43.8,40.5,88538,628270
167,94,0,6781,116.18606273,0.425087766676,12.7,13995,37.1,30.1,62389,86085
168,105,3,4232,24.242337186,0.285878388727,15.8,11454,36.3,16.2,53917,77950
169,110,11,11039,56.72720331,0.318982530517,12.7,22051,39.7,19.5,54292,129749
170,438,48,19347,160.7087323,0.413099252309,24.0,9784,32.4,27.6,39061,74897
171,14954,185,164948,2668.2428893,0.583323899416,8.2,117814,38.4,42.7,87666,825062
172,1254,138,49381,584.81475658,0.526048595388,16.5,103210,37.3,33.9,51372,679121
173,127,22,13493,78.70588876800001,0.712822122656,12.2,32763,45.8,40.9,60187,150358
174,49,0,661,2.5031646355,0.484754292481,29.6,3142,39.2,21.2,33989,16637
175,2466,191,53539,1129.2528105,0.543668245024,14.4,121631,38.9,37.7,60240,741770
176,181,6,2422,408.32643903,0.48947554508,7.5,19138,44.2,33.0,65987,85141
177,1728,32,143245,9110.2137123,0.769866939268,6.3,23483,34.5,74.6,120950,236842
178,127,72,20262,402.13160725,0.531598269842,8.7,44614,39.0,35.7,72400,290536
179,148,15,11107,143.7019072,0.340372646495,9.5,17808,41.5,22.7,59428,103403
180,514,64,102388,735.27858448,0.339516360659,5.0,69991,43.2,43.8,87333,404198
181,16,11,607,12.08110855,0.206245154014,8.7,5894,42.1,30.0,58307,30485
182,488,218,21652,242.17997944,0.457459288318,7.1,22399,37.2,44.0,76001,158293
183,439,46,21236,305.21506861,0.704904029095,10.4,22828,36.5,50.7,74240,163774
184,108,20,6978,178.50602283,0.354314642147,13.3,18004,42.0,26.9,58035,98012
185,4,0,385,12.245598379,0.236718224613,15.7,1453,42.8,18.4,50278,6901
186,173,66,30297,453.37909142,0.28098634111,15.1,18205,35.4,20.8,50610,123945
187,57,4,8014,18.303260404,0.696928853374,6.8,3083,42.0,63.1,89034,17767
188,2933,119,64703,1310.6490387,0.6230399131059999,11.6,81440,38.1,35.9,69562,558753
189,16033,593,160166,1430.0879913,0.636584344059,16.0,423353,39.7,28.8,52043,2716940
190,598,88,29055,368.08392539,0.4735399414630001,15.6,67770,34.0,16.9,59616,550660
191,499,34,6925,76.80457988,0.612116964529,22.2,11468,38.8,17.8,38596,66824
192,1062,74,26119,593.64377524,0.477350802178,13.5,40544,36.5,29.2,54674,271826
193,1939,107,34494,273.24871047,0.505480579173,22.4,39667,37.4,23.5,40467,240204
194,1053,6,19099,493.58716198,0.261486659922,7.7,21500,37.4,31.8,69880,158167
195,5041,123,147893,1382.729562,0.565454887364,9.9,136329,39.3,38.6,75836,827370
196,334,13,11957,281.64884456,0.305136855852,12.3,15344,41.7,21.2,55365,82544
197,233,47,20308,440.7050343,0.315539034547,6.6,45239,43.4,43.7,81925,264672
198,419,21,11993,234.76983541,0.208949901943,12.2,13851,37.9,19.5,57409,107738
199,6905,108,121367,1569.1260633,0.572891332339,8.0,93069,38.2,45.0,87336,696535
200,226,48,11896,236.15375655,0.396979327955,25.9,13198,30.2,25.6,41820,117406
201,345,0,2099,84.27504237699999,0.22444349922,12.4,3498,37.2,25.6,66090,29992
202,81,14,10846,259.73695195,0.309876454013,15.1,16797,26.2,21.4,50531,197938
203,290,24,12826,264.5772215,0.332962757087,11.7,24306,38.1,21.8,60296,209339
204,801,259,56582,937.43532337,0.536134346614,16.4,56532,38.3,33.8,50112,382295
205,406,25,27845,599.16695849,0.385134392651,9.0,25749,37.9,31.2,69297,216453
206,499,42,22006,320.30123638,0.447843695853,17.6,41230,44.2,18.5,47424,197974
207,2894,173,196508,2120.6952358,0.632820450638,11.7,112217,35.0,44.8,64509,1110356
208,284,54,60620,223.54826862,0.495162955154,7.3,69081,41.4,36.8,81061,418187
209,10107,76,32193,473.88006089,0.447855463116,11.5,50452,36.9,29.8,75048,384940
210,27,0,2071,47.094049154,0.274486477913,7.4,4251,41.6,27.4,75177,26248
211,81,24,12793,386.53062391,0.38415414135,11.3,10667,42.8,22.3,56382,55916
212,16906,267,184721,6336.819561,0.770596515103,14.9,104288,37.5,34.8,62875,798975
213,6155,91,142549,1067.0035589,0.459867067447,4.7,80497,42.6,53.6,112396,491845
214,1700,120,100266,584.33256541,0.5951338703,11.3,49416,37.9,41.3,64536,305506
215,71,0,5658,30.597824625,0.327652154348,15.9,10595,47.5,21.9,47382,44135
216,3745,51,24809,369.78375908,0.473165334154,9.2,48700,42.0,35.2,79604,294218
217,93,0,3897,43.441185008999994,0.300441037055,13.5,12251,44.0,21.0,53168,61319
218,2814,64,40841,825.58117284,0.461817545088,10.2,54951,42.1,29.2,68217,305285
219,473,0,4265,102.40925076,0.354753318499,10.3,11899,47.7,28.0,62657,55809
220,244,24,23758,230.32549044,0.310689583233,5.2,17287,42.9,39.2,91028,107766
221,189,26,13759,537.51192904,0.446708940731,7.0,17930,46.4,49.6,86541,76523
222,99,8,4275,65.155746788,0.503676067157,20.0,3598,30.8,28.1,48450,22802
223,4183,24,56592,1400.8710867999994,0.573632761263,6.4,41803,34.9,40.1,106200,470335
224,1,0,384,4.5879216491,0.240902809765,13.3,1093,49.4,24.9,53700,3985
225,15,0,2687,39.475394474,0.425568521843,17.3,14607,43.7,15.8,48763,75061
226,111,163,46400,433.99134554,0.33226496563700003,15.5,45660,36.0,30.2,44799,293086
227,2684,52,4829,58.417117784,0.393936879374,16.5,32887,32.8,16.0,51377,250873
229,328,254,61760,925.21884364,0.35065768188100005,13.2,69073,37.3,36.7,55874,470313
230,1303,21,16681,195.90467325,0.408851119732,6.9,36456,47.2,35.1,76304,180333
231,351,28,13035,362.63057436,0.261068228613,8.8,30931,39.5,24.1,62835,219252
232,1355,412,107565,1255.8590574999996,0.474949502489,14.5,123480,36.1,29.2,55733,957755
233,4966,401,88700,761.99313226,0.5651114137259999,12.2,336908,44.6,35.7,61735,1496770
234,2759,168,86255,443.64116675,0.493767309065,9.2,49181,33.6,23.6,70199,517421
235,1853,41,26104,119.95486531,0.323795657403,12.4,22187,34.3,27.8,60843,161075
236,207,73,15554,168.73682383,0.37715947248,9.5,29492,33.2,35.3,82113,288000
237,740,209,79769,516.73581324,0.566652718604,16.7,56988,36.9,34.1,49957,391911
238,1603,51,15952,96.634667469,0.413435408318,22.2,50391,30.8,14.3,48763,466195
239,550,118,41468,780.13055204,0.427449247076,10.3,145841,55.5,34.7,61652,433742
240,445,38,63897,1525.3362784,0.470685498068,9.9,67463,39.2,38.2,67187,471826
241,17,4,4569,142.67582816,0.276121360497,15.3,4289,39.1,16.3,46629,28157
242,202,54,12278,231.38475747,0.415160823997,12.3,18104,40.7,22.2,49935,108277
243,674,219,61681,525.85045211,0.6088344146600001,18.1,36861,31.8,38.5,52837,292406
244,3145,150,81383,773.91239313,0.452434126751,11.3,82873,35.1,35.2,61675,656955
245,62,12,5509,90.579015271,0.296505497816,14.3,10519,40.7,13.0,50396,63888
246,422,23,7654,220.60178088,0.314806267149,13.8,28275,43.5,18.3,56557,159128
247,1265,92,75582,520.70814112,0.683890577508,15.0,47278,33.4,55.2,72267,367601
248,929,12,74856,762.64373784,0.482163396149,6.3,54846,37.8,41.8,86403,429021
249,6029,311,345901,2285.5562907,0.638202377483,10.3,164160,36.4,49.2,76067,1265843
250,1266,145,52672,1090.9501807,0.618240040449,18.4,19309,33.7,17.4,47084,165429
251,7,6,2198,35.412167908,0.31672256828,8.0,3954,41.7,22.2,60531,20165
252,949,16,10128,222.29064897,0.431920359666,20.2,19322,37.6,19.5,41572,123131
253,645,36,27997,759.10726707,0.500900550066,11.3,25515,39.9,31.4,63297,155299
254,1179,300,137115,1124.9568909000004,0.411759116111,16.9,101851,34.5,31.8,52346,797434
255,572,45,50332,464.49105414,0.384833315952,7.3,44001,40.5,35.8,71695,253370
256,2363,93,86027,699.4921241000003,0.525763491188,6.7,79856,40.4,51.8,99224,524989
257,88,41,5408,61.249907888,0.326509470429,10.9,25450,38.2,31.0,59975,161300
258,16,8,4529,20.076447454,0.425290085171,10.5,11607,41.0,38.6,63860,69432
259,149,8,2640,43.928342984,0.4577239356710001,9.0,12315,33.5,49.0,67569,114434
260,9,8,1663,31.313821239,0.239066463724,16.8,4541,44.2,15.5,44978,21824
261,203,6,2769,68.45154097,0.154501667284,18.1,9975,40.9,16.4,45268,55535
262,11,11,1423,48.629261015,0.530021089195,16.7,6376,39.8,26.4,47302,34915
263,8285,106,25626,966.33708117,0.315283213658,9.7,131798,42.9,29.2,68483,607186
264,134,50,30685,241.38631598,0.355211717984,9.0,40748,44.5,29.5,63119,206865
265,231,0,4288,36.474335196,0.274876150035,12.7,12526,32.7,17.6,53688,97733
267,211,9,4450,47.440181906999996,0.6979928914910001,35.1,3996,33.8,17.5,29244,28183
268,238,12,612,4.2751253555,0.253883817929,15.7,6892,38.4,23.5,51204,39261
269,78,13,9779,225.48135799,0.388334191113,7.5,19559,41.3,23.9,61906,115340
270,1269,33,20143,590.2498347999998,0.453745810116,12.6,30527,40.1,24.7,60349,196311
271,5893,381,120987,3916.3431575,0.664381451594,19.1,123013,34.7,30.5,49771,945726
272,27,6,6104,198.11124463,0.18374223439,13.8,10312,43.4,16.4,49611,54495
273,531,215,55615,678.14667411,0.391670446813,13.0,60258,39.6,31.2,57196,367804
274,5,0,329,9.7282275943,0.240819482026,9.6,1031,40.0,23.4,59913,5586
275,950,78,32550,536.57837086,0.343857376218,10.4,30572,33.3,32.0,64170,332285
276,2761,294,169399,1283.9265476,0.662632888731,12.0,110350,33.9,48.6,76255,1273954
277,198,194,19439,252.58577796,0.266086266399,15.0,35671,36.6,25.8,56848,232751
278,2160,203,17441,828.26593589,0.691392106739,20.5,97464,32.0,22.8,43948,839238
279,282,90,27858,345.18530708,0.400089362653,13.0,35199,30.8,24.5,54292,362924
280,740,26,27615,902.97670615,0.366977434392,12.1,44264,37.5,30.0,71959,342139
281,213,3,14634,209.30733641,0.294068311305,4.9,15650,36.6,28.4,87377,138377
282,2367,26,28398,81.429805285,0.342843261828,10.5,34304,34.3,26.7,75629,324492
283,197,8,3194,50.976513811000004,0.591619450844,6.7,3601,39.1,51.0,80078,31011
284,59,4,1504,10.854269955,0.54363926808,7.0,3459,39.8,50.4,81033,25638
285,233,32,5136,70.58553725,0.464882219856,17.2,29234,38.9,22.0,48308,168424
286,644,66,32547,283.03811034,0.609275544538,13.4,43188,35.8,20.5,50473,375751
287,1743,388,225944,1545.0772998,0.603845731037,15.6,150264,34.9,33.8,58037,1393452
288,16,0,1195,24.55243145,0.467281272596,7.2,1769,47.8,46.5,74019,9700
289,464,84,16341,158.49907988,0.388529886914,16.8,25685,32.7,30.3,52557,209355
290,1096,88,44090,288.39277018,0.620363321068,20.1,32183,36.2,32.1,49640,226486
291,72,10,8367,176.64798277,0.237055837563,11.4,13723,39.5,25.5,64863,98915
292,1498,471,101376,592.55351575,0.522493114704,16.1,99146,37.7,32.4,55013,658573
293,242,5,7578,131.3112898,0.228586912343,11.2,11770,38.6,24.5,60367,81209
294,259,0,2121,36.106448403,0.520997816227,26.5,4701,38.2,14.2,38664,28065
295,69,8,5542,45.229486087,0.5719326200770001,8.6,7194,35.5,19.7,80063,62808
296,958,10,13926,356.61443653,0.635527041943,6.6,18623,38.3,28.9,92616,163257
297,3215,53,114919,1396.3829343,0.477790721128,7.0,79994,38.4,40.9,97051,579234
298,968,72,45511,352.89761995,0.601083801949,8.2,50364,42.1,46.7,71586,295003
299,623,26,18346,89.818254816,0.242954457431,17.3,15227,35.8,15.8,51665,110461
300,1609,149,18332,308.11584066,0.222817130132,11.8,40019,40.1,33.5,67054,260419
301,622,8,14808,191.17851703,0.326765941199,12.8,6591,37.6,24.2,67585,53100
302,14,0,2643,62.793990963,0.352646392531,10.6,6020,48.1,31.0,54491,26143
303,6445,122,105460,1823.920056,0.420843750672,11.0,141001,40.8,24.5,62191,873972
304,11,0,2248,62.675826361999995,0.45903638951,7.0,6261,53.7,42.8,67349,21761
305,269,32,9223,233.18956032,0.408845310965,15.6,20057,43.3,18.9,50576,103126
306,794,105,34302,457.77677936,0.386917330906,9.7,60097,36.7,37.8,66827,481587
307,627,40,24198,736.11147402,0.509011903669,7.5,24308,36.9,28.3,72970,234561
308,136,8,7179,162.61519552,0.16848806366,16.8,8030,37.8,14.4,49101,57963
309,26,16,5386,46.801852652,0.239880226239,9.6,9560,38.4,29.0,65953,66911
310,18,0,780,20.160928433,0.287747357007,9.7,2708,44.1,18.8,60044,14049
311,374,15,6336,125.921388,0.283328421259,13.0,13591,44.5,16.2,48989,67006
312,734,74,53809,821.24422469,0.336654356319,12.4,52872,36.5,29.8,61053,383134
313,74,19,7222,168.18324189,0.343721656382,10.5,37182,52.8,28.6,60163,142820
314,4996,449,174828,2473.1942743,0.605650509905,15.5,146002,34.0,39.3,60383,1316756
315,626,75,22574,630.77076244,0.475346495529,14.2,53050,41.8,24.0,59265,309833
316,258,14,8267,228.52258588,0.3659659659660001,14.4,15414,34.2,20.7,51225,135976
317,142,72,10939,144.5555646,0.378122904545,14.9,18543,36.6,25.7,50748,102139
318,1183,170,89045,1310.6276681,0.519818994387,12.0,92166,40.9,32.1,58890,541013
319,1739,580,147103,1665.5479101,0.564415794817,11.7,221970,40.8,40.7,59881,1216045
320,301,38,7007,162.11111658,0.296722211136,12.3,17458,41.0,15.8,51030,91987
321,147,16,15795,215.27841332,0.6770074443,16.8,13561,30.9,52.7,57383,102180
322,21,6,1740,30.561168181,0.188700999231,15.3,3698,34.2,20.9,47747,24530
323,118,0,5651,92.94647109999998,0.333333333333,10.2,9435,44.0,25.5,60309,48203
324,39,32,5946,46.124019178999994,0.536746346318,12.7,16877,35.6,42.5,56207,119600
325,6295,92,109028,1637.0943852,0.66312653893,10.9,53598,38.7,42.0,79979,367430
326,468,47,16590,269.88239734,0.45342982603,17.3,35621,39.8,28.3,50928,190488
327,529,0,11057,39.553538726,0.452250111392,12.6,23111,39.9,30.0,57036,146748
328,373,12,13190,339.26237221,0.389865180484,7.5,17384,38.1,31.5,86695,136215
329,1152,106,45476,832.9516176,0.462056729497,7.6,47282,38.8,39.9,80734,352802
330,49,0,8483,56.789630978999995,0.630353549871,9.6,12184,47.7,36.3,57438,55062
331,160,26,33699,395.46405314,0.431402226051,10.4,26174,38.2,27.3,57785,171907
332,38,14,8841,85.015103457,0.6489146367,10.8,10802,43.7,41.5,61808,58409
333,24,0,1692,11.981493479000001,0.383507455117,12.7,4847,46.6,28.9,56503,22425
334,17,10,1695,82.97139308199999,0.17978246961,21.6,8030,43.8,11.9,39443,39842
335,537,55,39137,427.40105136,0.288461696312,12.5,42994,39.0,30.1,60627,298750
336,314,24,10312,333.45829391,0.406444963584,10.9,46932,44.8,40.3,65843,192122
337,403,4,9663,22.530456613000002,0.509164059008,6.2,4487,39.0,55.3,105374,42145
338,266,42,21255,339.50235229,0.463019406073,13.2,21285,31.6,37.4,68180,230191
339,825,16,26084,274.53392410000004,0.358075081466,10.1,39980,35.6,29.7,74225,374264
340,10756,186,83092,1413.9582297,0.541623105592,11.6,142411,40.1,34.9,67720,854757
341,9463,216,138032,1213.2864925,0.585615915074,11.2,147260,40.4,37.8,73037,891720
342,50,44,2167,46.324405694,0.279902772584,14.4,26902,39.1,27.4,51132,154210
343,311,19,10634,336.80589489,0.270276441328,10.2,18483,38.5,29.8,70974,148509
344,21,0,835,8.4028631682,0.276488818159,20.2,5012,33.3,15.3,50157,38837
345,271,51,7737,140.41440206,0.195653098098,9.8,40665,42.8,31.3,57588,223234
346,898,72,61905,449.0721707,0.7056610179080001,9.7,42068,36.2,60.8,83591,326196
347,253,46,11228,85.775180087,0.50572747341,12.7,52758,39.1,34.6,70626,283111
348,6362,96,54847,1021.8915565,0.51863306078,10.8,91150,41.0,28.0,66005,565217
349,1257,34,11081,540.28526702,0.539938341863,8.0,62229,52.9,42.8,69001,212990
350,757,10,17348,376.30966539,0.28645483570700003,6.0,26728,42.4,35.6,95956,168447
351,838,0,7894,199.87405514,0.610318225651,18.2,5744,36.6,16.3,50830,42837
352,766,21,13006,91.36811049200001,0.202262030545,16.6,14344,37.5,16.6,52651,97614
353,5,0,1631,14.800834367,0.279915377496,10.5,2980,44.3,14.4,59787,14548
354,455,0,12516,273.96005418,0.362464744066,10.0,25283,42.4,19.1,62522,150500
355,36,4,3300,110.73296762,0.309908000578,12.2,6609,39.5,17.2,55602,46233
356,18,0,3807,72.875882999,0.261385321574,7.1,6561,40.0,31.6,72247,38459
357,983,42,29689,394.83773394,0.504861536397,14.8,38873,38.3,27.3,58222,259686
358,334,99,19761,224.20718355,0.42220540675,13.1,32977,40.0,34.2,62242,194672
359,6744,257,288465,2815.8528427,0.538831130776,6.6,134729,39.1,48.8,93540,922921
360,10,0,729,31.120672585999998,0.186468347542,11.7,2042,42.6,15.8,60572,10766
361,11,0,362,27.036844278,0.434353604511,7.6,1126,36.6,41.5,68749,12142
362,510,0,1481,8.7275555573,0.598340016786,7.0,3804,43.2,38.2,76113,23021
363,20,9,393,116.62341805,0.624871843554,8.5,13438,42.4,29.5,73981,72293
364,380,0,18137,151.18027749,0.253683407604,14.4,16866,35.1,25.6,56754,127039
365,9,4,2772,68.294236446,0.31748379024,16.5,3675,42.1,18.9,48614,19788
366,32,5,2871,44.67516335,0.265434415463,9.3,4100,39.1,19.5,58033,25544
367,821,0,15109,158.84728471,0.416354307893,5.2,9664,35.3,49.4,87267,93453
368,22,7,3613,76.87310110199999,0.196982397318,8.5,4947,39.8,18.1,60010,28296
369,377,34,9913,183.67620597,0.439947548562,15.7,18574,40.4,17.9,52095,109888
370,12,10,6198,179.80064953,0.485001216587,21.2,8200,31.2,41.6,48489,56177
371,275,14,12163,222.55826689,0.519431809113,21.1,13809,40.6,19.6,44015,81801
372,2071,251,52725,1261.1260995,0.5601041297129999,18.7,66474,37.9,26.3,47865,428348
373,63,11,8041,149.60215985,0.413046369359,12.2,16913,38.1,26.5,61776,107100
374,45,11,6689,119.40993544,0.316587985153,22.8,9633,27.1,36.9,47748,81784
375,51,6,3346,47.344747471999995,0.222328073831,20.4,8383,38.6,19.1,45700,43538
376,481,77,21796,527.13525714,0.354810383623,11.9,34733,33.9,32.5,62343,284014
377,258,12,21577,426.48703678,0.35342435094,6.5,29672,41.9,33.3,76475,179746
378,1187,10,12857,426.87222133,0.392952518897,6.0,16053,44.1,39.9,100887,98320
379,2004,62,53999,475.76907022,0.472832847471,7.4,60825,40.5,37.3,78714,417025
380,855,218,50510,266.53483115,0.709251005069,19.4,31686,34.4,29.1,44776,231840
381,77,8,7552,122.10117072,0.34183966051200004,15.8,8965,41.4,17.5,43799,49221
382,215,0,4511,72.915339799,0.337590757327,13.0,9996,45.8,22.1,54514,47188
383,5397,262,56203,881.05768715,0.501150690936,13.7,158532,40.4,33.7,56375,918702
384,3613,143,64024,1069.5744582,0.503734537447,12.0,58706,39.2,29.4,62139,369318
385,1651,122,19909,317.47180642,0.140497993621,9.4,43689,24.6,40.1,75296,636235
386,2,0,810,4.7342721583,0.217498243148,12.5,2628,48.4,23.6,53326,10939
387,35,6,5016,33.58896436,0.28949789958,12.5,15686,43.1,16.8,57019,80707
388,359,100,11459,312.51662259,0.29502100351,14.3,71237,45.2,23.6,49082,354081
389,1200,137,65400,666.82074767,0.346633770064,11.1,74825,38.1,34.2,61162,523542
390,219,40,15127,283.75304725,0.262030487197,14.6,34228,40.7,21.4,51740,202558
391,2620,71,24644,356.66195853,0.387656237051,14.3,61573,43.0,23.2,53469,317417
392,1205,81,67002,1008.6743153,0.375059242312,7.3,76665,35.2,44.5,88384,887207
393,453,31,42946,682.70748369,0.469648495201,4.2,34983,39.3,43.2,95840,262440
394,118,40,4184,257.18197519,0.286028395527,15.2,51358,56.2,17.6,41556,149657
395,26,0,1870,49.911990836,0.167167959474,15.4,3827,37.6,13.4,52804,29210
396,120,5,4731,20.377448183,0.4255925250680001,8.4,7034,36.3,30.0,74421,60061
397,23,0,1985,43.962272694,0.296273097401,9.2,3187,40.2,20.5,58335,18612
398,1723,50,17900,267.63323588,0.68456890199,29.5,13321,35.1,21.4,38806,87956
399,1071,34,56469,2062.8050676,0.8506432381550001,17.6,24343,32.4,19.5,46059,292256
400,219,104,29428,1076.3988884000003,0.667420456344,27.0,12807,27.7,42.7,42112,128331
401,83,16,6560,169.21150169,0.254892151392,9.7,20250,39.2,26.1,63677,122437
402,132,41,6279,146.66939609,0.3045095074,20.4,22442,44.9,20.2,43610,99386
403,420,32,30792,277.19182547,0.231100314491,8.0,30125,38.9,42.1,75663,217702
404,471,28,11087,270.83432209,0.363928001665,19.0,17739,31.4,34.1,48937,164542
405,1544,82,27133,163.24346466,0.6096551052220001,12.6,64775,33.7,33.8,75646,446499
406,4146,410,174677,108.63552451,0.521920294998,14.9,233343,33.1,20.3,63310,2180085
407,1590,16,92815,1297.8389407,0.640760650542,5.2,40889,38.7,61.4,116719,325690
409,18,4,2490,75.973982205,0.477836879433,11.1,9005,50.7,32.7,56211,34634
410,521,8,5298,125.14573935,0.313595242614,20.1,4869,33.7,12.3,43983,47244
411,5568,119,36149,755.86978552,0.55095894516,16.7,75229,38.9,27.2,52682,466372
412,7424,47,55732,791.40182088,0.506601859423,6.2,87718,42.6,36.7,89678,521202
413,657,22,37371,517.87771245,0.318255905918,6.8,40123,35.0,33.5,70420,291830
414,1780,87,27099,550.65493316,0.465331292523,16.1,47426,39.6,22.6,53795,282572
415,133,9,4591,80.653498449,0.436533121777,10.5,11233,43.2,18.5,57197,55175
416,173,4,3446,79.254531794,0.228109798471,8.2,6110,40.2,22.5,66597,37562
417,117,20,985,144.13488696,0.64454583959,8.6,27860,41.1,26.6,78503,167417
418,286,10,10265,408.12156823,0.500970607715,14.8,13118,36.2,19.6,56598,111744
419,1097,10,52159,857.14024676,0.37241424201,4.2,36042,36.9,57.8,101740,338011
420,37,8,4948,143.62305774,0.290619403446,16.0,6176,42.2,20.1,50162,36263
421,3525,112,64988,856.60533826,0.5239077138600001,9.9,58939,35.3,36.1,68479,490161
422,118,0,1118,21.417938912,0.352347520842,11.7,3020,44.8,18.5,53359,13687
423,1162,148,99486,1122.1784672,0.789030376703,13.5,37056,35.2,47.5,59329,321488
424,248,12,16145,233.94676271,0.352203709783,5.7,17977,44.6,38.1,84093,93649
425,123,8,11362,165.41304517,0.211149321267,7.3,17179,35.9,26.8,70942,148306
426,55,12,10147,137.81919361,0.623801478816,15.8,13573,32.9,53.6,63600,93053
427,231,9,2502,46.075711377,0.34756986249300004,16.4,6661,41.2,17.2,44681,35252
428,180,27,20517,170.44802449,0.424492279288,8.5,20570,43.5,34.5,62930,109777
429,46,8,4759,52.486314756999995,0.44685682827,9.0,12516,51.7,33.6,59413,48910
430,77,9,8177,151.84868186,0.292142364192,8.1,16489,39.8,26.1,71374,105780
431,86,6,7573,100.49706734,0.189530170691,17.5,8941,44.0,23.2,49843,47632
432,938,12,26970,290.70129177,0.407993539429,4.4,21457,46.2,52.0,112335,124371
433,1828,152,44431,591.64396863,0.536121732426,13.7,75035,39.0,35.5,59786,460528
434,44,6,2897,44.77637219,0.261410788382,17.0,8444,38.8,20.2,46262,46091
435,4416,28,107106,1089.6673742,0.543530265998,4.9,48929,41.6,54.5,119731,328934
436,67,0,16047,652.71795258,0.381334037931,5.5,10313,39.5,45.4,86317,68280
437,552,4,19394,567.90220642,0.426610558531,5.4,14086,35.3,39.8,108421,152882
438,8,2,3112,42.053568485,0.558674985146,10.2,5677,46.1,29.1,62300,28892
439,228,0,1560,28.96395212900001,0.252722772277,5.3,3199,33.4,40.6,85380,34091
440,9,27,11273,92.05239283799999,0.377386508273,10.1,14436,43.8,21.6,55879,72999
441,174,64,37279,294.6853283000001,0.407460898218,7.2,25661,37.9,28.9,65993,187885
442,108,4,2832,10.409040896,0.212377677863,6.8,5833,31.3,23.0,73584,72259
443,155,0,3790,32.561333629,0.616423746889,23.7,4472,46.4,17.0,39522,22347
444,67,6,3182,33.528159615999996,0.284998726547,18.4,5900,37.8,16.7,48830,36643
445,176,82,13166,105.36134777,0.256193791703,19.1,14992,38.1,19.9,47339,93245
446,70,16,10326,165.82597205,0.173935876175,13.9,17934,42.7,17.1,47202,98250
447,740,120,29007,484.51894692,0.376719060214,14.7,50472,37.2,26.4,50644,318316
448,266,158,21071,386.1320543,0.368438710285,11.5,88151,46.8,22.7,52447,367118
449,444,24,30681,1087.7329880999996,0.240736173624,5.0,25021,38.3,51.7,105921,244252
450,966,0,1061,23.193334411,0.32826428946,27.5,2002,38.6,8.9,44951,13024
451,18,0,1641,14.790360066,0.526975863701,24.3,2156,39.1,12.4,36132,11361
452,18,0,391,13.309272715,0.2191573204,15.5,1650,42.7,16.2,47600,7956
453,73,0,1886,45.00446495,0.175551470588,14.6,6697,49.4,14.9,44902,24919
455,41,10,6945,104.15446736,0.487070779963,10.3,25177,50.1,36.6,66681,99755
456,2269,85,28354,520.20744436,0.230319535739,13.2,27758,36.3,24.0,61631,204441
457,73,16,8989,138.44689006,0.419892157386,9.2,10365,50.2,38.6,64245,37181
458,1632,18,33257,392.93959344,0.451375237035,6.2,34178,39.2,40.6,95196,259547
459,108,29,13090,90.47132325,0.433846523936,15.1,8703,30.7,33.6,58132,67653
460,158,0,8907,100.14532941,0.283260509266,10.2,5365,35.6,22.6,61341,40889
461,4966,92,88973,826.37524942,0.502491323322,6.4,83650,37.6,34.0,86108,690743
462,176,107,37537,289.59864737,0.483263409282,16.6,29437,37.2,30.4,56478,179179
463,785,0,16155,436.47087276,0.301318990908,10.8,13440,35.4,26.8,77758,126604
464,238,20,14571,168.89065797,0.3720776954990001,20.2,9893,36.3,18.5,45234,69922
465,273,8,7295,540.02982095,0.278695376233,7.8,15766,35.8,24.1,73309,168667
466,460,17,15691,205.8677649,0.303837722684,10.1,12792,37.7,32.3,63067,83779
467,313,16,15468,530.67969719,0.374452652787,9.5,11706,39.9,29.5,64992,78522
468,345,8,5051,67.178650753,0.409002262267,22.8,10866,40.3,12.8,42807,63531
469,1287,10,5531,77.914576302,0.414312120412,16.2,13552,42.9,23.2,51985,75432
470,1442,111,25120,103.07635096,0.397058636923,10.4,19598,32.2,39.4,63885,181923
471,23,7,2400,64.898306838,0.261212485796,15.4,6761,41.4,12.5,46420,36600
472,128,72,9593,58.569438582,0.231791611554,7.4,14205,36.9,35.1,72277,95626
473,212,36,21131,316.57176203,0.302761157977,9.5,26249,40.4,27.5,60044,181806
474,79,5,5531,67.244018547,0.220208845209,9.9,6754,41.9,16.5,57709,39859
475,146,6,4460,85.458901208,0.1758,9.5,9780,41.8,14.7,53853,51113
476,252,27,26862,1003.8327763,0.399468037947,7.5,43492,43.7,27.9,65883,230149
477,66,67,7544,83.859255658,0.555011266237,18.1,67440,39.4,29.6,53161,382067
478,29,0,1088,28.81316326,0.211314213678,14.7,3060,41.9,16.1,46949,16376
479,1295,67,29182,555.73386662,0.498001364922,16.5,46245,43.5,24.1,48010,228683
480,460,12,23281,243.25640923,0.45519843615,11.1,25539,39.9,30.1,71084,158714
481,419,8,27509,786.03485862,0.356179529705,5.7,19582,34.4,40.1,79358,187196
482,8,0,454,7.5168493371,0.176065008619,13.4,2043,46.9,21.7,47906,8332
483,2031,14,40948,905.76706199,0.479485215481,7.6,43423,40.3,31.9,81315,291636
484,485,274,144093,1162.931543,0.5567616463139999,13.0,98843,36.7,30.9,55864,703011
485,58,25,18630,196.00416998,0.292718928639,8.9,11811,38.5,32.9,62817,76745
486,111,110,14188,263.23792216,0.492990205493,16.8,20163,30.8,46.0,55136,180463
487,94,21,2883,77.556663383,0.473817746141,13.2,12853,39.3,22.9,55517,80485
488,1118,20,15098,295.24915188,0.35074934973800004,6.7,18236,44.0,31.8,77571,105267
489,22,6,892,14.858065134,0.699973460722,21.4,7976,48.2,28.0,38405,32723
490,550,20,14237,377.09710119,0.382420669062,11.2,34142,45.1,23.7,54823,163929
491,612,0,12415,76.693229865,0.380829770696,13.4,7860,30.0,17.3,60483,95222
493,1375,53,81929,1415.7121477,0.577991677266,9.0,47493,38.5,42.9,68581,330818
494,89,0,9551,84.641503328,0.350610193826,6.7,4686,48.3,39.2,89331,23753
496,291,48,15030,198.69615004,0.28784779500700003,17.9,21359,38.8,20.8,51771,143617
497,2,4,1284,4.2072108313,0.173226732267,10.2,6236,44.4,32.1,58873,29194
498,182,15,4906,37.045810193,0.289698335211,9.1,14718,36.9,28.7,63839,99500
499,948,27,16754,623.74150741,0.471744147709,12.0,22280,38.2,25.7,65013,169561
500,34,6,3967,69.582170877,0.427557892462,13.7,13868,45.6,18.0,58239,66768
501,143,5,6909,273.03969604,0.393968425876,9.7,8477,40.7,30.8,75027,57146
502,329,24,25830,412.7959259,0.363500110205,9.8,35425,38.5,32.0,64904,280979
503,1333,211,75200,548.98298233,0.639911452184,16.7,48691,33.2,37.7,52611,415759
504,9,0,1252,38.181620933000005,0.472527472527,18.4,3182,46.0,19.2,45385,14553
505,656,267,9143,346.77211360000007,0.285090760759,17.6,36090,30.7,29.1,50377,310569
506,266,18,12728,197.53540232,0.256834327033,8.8,20837,36.1,23.1,76792,184826
507,383,48,11912,391.05281168,0.34891574292800004,23.2,18907,26.2,40.8,50113,229211
508,380,159,9746,593.05632145,0.380244769149,11.0,133083,47.2,29.3,57612,601942
509,4048,38,13495,250.20481554,0.371680495965,12.3,57228,49.0,26.5,59821,234225
510,840,145,25928,403.20522157,0.412862719675,15.7,133538,40.3,20.0,51354,724777
511,1470,12,3636,11.148081274,0.43384450281,28.5,18351,36.4,15.8,40650,110924
513,98,6,6478,141.72690747,0.146295173577,12.0,13891,40.3,16.5,57284,89512
514,286,100,43165,465.21086205,0.391508280399,11.9,51308,38.5,41.7,63755,372909
515,230,57,24161,362.73502365,0.333123912623,20.0,28457,36.0,22.3,45355,208080
516,1705,144,21087,110.6947351,0.397202893558,20.5,92005,31.5,16.1,51586,900202
517,371,27,18021,132.2662889,0.669587074351,13.3,55515,34.1,24.5,69665,434061
518,523,264,56855,624.41570879,0.6498425659089999,21.9,26601,33.9,21.3,40168,202518
519,331,14,12475,209.51068713,0.489882592443,9.0,39118,44.9,31.4,65984,207641
520,19,6,3776,27.913480483,0.39145815913,16.7,11733,46.6,19.0,44243,57975
521,124,16,14662,140.98712851,0.443885513417,11.2,22931,44.3,27.1,52154,122302
522,389,13,2639,68.987873431,0.305552572226,24.6,7971,39.5,11.7,36850,46194
523,249,34,19252,360.24224386,0.2610170608,14.2,13991,36.0,15.7,47074,104628
524,63,0,7920,76.400468118,0.440214357486,8.7,5090,36.3,32.6,66209,34274
525,124,0,1441,27.631827385999998,0.261056452383,13.7,4481,45.3,20.1,50821,19683
526,430,51,12521,225.83595663,0.370793623413,13.7,26583,41.2,21.4,52047,158510
527,100,4,3056,47.898433306,0.283821534041,11.4,4925,44.7,24.2,51292,24668
528,112,7,1799,59.19997401,0.17898089172000006,8.6,3898,42.0,19.8,62251,22758
529,81,24,878,50.022473825,0.636059508209,15.6,38213,42.3,29.5,56383,201513
530,20,4,4278,85.041109855,0.07656020909030001,23.9,2484,23.4,36.4,41827,39907
531,3157,188,52847,973.34320163,0.5837590575639999,15.7,76230,38.7,22.1,55280,485493
532,14,0,792,38.392804494,0.263955544329,14.5,2023,48.9,15.9,48395,8210
533,3370,124,80483,966.32950896,0.523149562985,16.7,58998,33.7,34.7,52945,440059
534,1558,10,2097,30.610846984000002,0.27367003367,11.6,3614,31.9,17.6,56052,33619
535,6,0,886,12.563443789,0.299813780261,9.7,1566,45.4,15.4,54282,7152
536,1663,24,14234,231.94683615,0.506255832714,16.3,20627,34.9,28.6,52320,131228
537,63,10,9446,268.25026837,0.6238518794969999,17.0,13497,29.5,50.4,57120,122259
538,143,57,27681,1219.6196066,0.4618391164,15.3,37427,38.7,39.3,53419,234473
539,184,38,10509,337.84492931,0.380174438108,14.9,25265,41.1,18.6,50089,134083
540,64,0,4091,16.285476694,0.197915996655,8.1,4727,37.7,26.3,68043,31364
541,17,6,5477,126.45126569,0.235066877129,10.4,9580,40.3,21.1,54362,53484
542,125,68,8592,144.59422488,0.33820634189300003,10.5,22698,44.5,36.9,59471,100880
543,246,24,14929,73.734692899,0.412289611143,10.8,13493,46.4,30.0,56694,63944
544,224,0,5325,73.63618891600001,0.367751439668,11.4,11288,44.0,20.4,55913,61204
545,56,10,8883,291.06950124,0.249334583893,10.3,13761,43.2,21.4,62963,86111
546,220,74,19538,631.14399141,0.32656632093800003,14.2,33757,40.1,20.6,52798,224529
547,977,142,83688,831.63473721,0.586896587289,15.4,75740,37.1,35.3,52166,537174
548,175,0,3987,141.58061619,0.53835378495,18.0,4819,32.5,18.4,47892,55234
549,282,6,38442,472.01280004,0.395440604989,4.1,25025,38.6,54.4,103536,209177
550,214,8,9540,198.59524445,0.298633798634,8.0,19596,43.6,22.4,62877,103009
551,48,12,7980,118.54863142,0.290974847937,11.1,9536,39.6,13.6,55202,58266
552,337,10,13301,263.18253318,0.249324810072,7.9,18836,41.6,22.6,59922,106987
553,54,10,6910,152.5541781,0.392229121931,6.9,12642,47.1,32.4,64777,61303
554,307,18,29199,162.28312683,0.490327144983,7.0,25707,42.8,35.6,74351,151391
555,1919,64,27658,474.64082520000005,0.515160112731,12.8,45459,41.5,27.4,60826,263670
556,726,39,41422,717.24099366,0.341957666919,5.7,55482,38.2,37.8,82048,402022
557,46,19,1591,13.616300202,0.183616179661,10.1,6471,40.3,22.1,56803,34914
558,258,10,2459,55.679831279,0.24840570908000004,11.8,5438,37.4,24.9,55167,31363
560,5,0,360,2.5713611478,0.279761904762,9.1,1319,54.0,19.3,59020,4416
561,72,10,6495,86.571938376,0.358666783411,12.3,14619,32.4,22.3,52798,109834
562,114,0,6552,99.585045201,0.334087938016,12.5,10713,40.8,25.4,61027,62914
563,44,0,4122,20.55884778,0.448305590556,11.7,8322,47.0,27.6,54376,36885
564,118,7,4495,52.828329489,0.328106884558,15.1,9540,44.7,18.3,50312,47207
565,3838,71,30293,491.78051037,0.427256812214,11.4,69086,39.9,24.5,62519,421164
567,826,44,19564,120.22256331,0.327317409339,9.8,27443,35.7,30.0,69212,204390
568,25,0,1020,38.069761966,0.599198931909,12.3,1602,50.3,13.3,56872,6963
569,48,52,15522,261.23077678,0.516078681214,10.9,18109,35.8,34.3,60619,118016
570,178,12,20013,315.88521545,0.273509430003,4.5,22636,42.9,30.7,75799,136034
571,100,6,4218,5.870628355700001,0.600607752957,6.3,3135,39.3,57.4,99087,23464
572,13,29,4743,140.24667584,0.204590078101,22.7,12584,42.7,20.0,37860,58758
573,2204,60,32169,499.04876688,0.418503964799,8.6,36047,37.2,29.6,62097,264542
574,74,14,3982,110.14476045,0.186878118119,12.9,10808,25.1,37.8,60315,128289
575,181,0,1449,41.025462569,0.63748458693,28.1,3055,41.9,12.3,33199,16828
576,100,0,3553,134.42534173,0.245023067686,10.3,5654,40.4,19.6,63241,40667
577,1451,51,21872,457.0334112,0.502170527545,14.2,40774,42.3,27.7,52872,209674
578,895,60,33481,496.54394588,0.3319074786,8.8,73958,41.0,24.2,65238,449058
579,8,3,1252,20.783549883,0.135526468203,13.5,4549,43.5,16.7,51128,20154
580,107,54,12429,247.43116597,0.34561369880500004,18.9,34440,33.2,23.7,48858,256623
581,64,0,3025,38.920780674,0.269040553907,12.3,7944,39.3,19.8,59304,51584
582,498,56,3967,82.300711375,0.7437881372319999,25.7,24386,28.6,18.4,44919,276652
583,82,24,7718,210.69366196,0.230844301427,17.8,18676,34.3,23.0,47477,132230
584,528,90,48408,528.06043458,0.420159182941,6.4,60686,36.1,41.1,87817,590551
585,25,0,4528,9.754606799,0.109620497945,7.3,6615,32.5,23.3,62689,56046
586,42,0,4808,58.87860041,0.20717068548,16.4,8610,38.5,14.5,49788,54406
587,335,8,6848,150.76809409,0.245322091561,10.6,9753,39.1,18.6,66006,71813
588,792,38,14095,361.28118154,0.255388294879,8.9,27276,39.6,26.9,66171,191283
589,40,0,915,18.499476747,0.224594992636,22.0,2072,40.9,11.0,39687,11973
590,328,60,26408,440.22546489,0.605140694422,20.7,35700,30.7,45.7,51046,293582
591,12,0,524,4.2374414873,0.15030017152699998,12.1,1829,38.4,22.1,53253,10019
592,992,24,29896,439.84321801,0.512499717201,6.7,31052,45.4,41.5,88709,162436
593,1296,29,13367,308.47687444,0.449099699675,13.8,28461,37.6,23.6,54980,180786
594,339,36,16117,419.80001952,0.377105055491,12.1,18488,35.3,27.3,60728,157863
595,252,0,11645,237.68129645,0.295254993542,9.3,67271,67.0,31.1,55324,132420
596,100,28,8433,71.377063157,0.204445901249,11.4,12784,43.7,28.4,60973,74071
597,223,0,12213,540.25162678,0.29386197227,7.1,18706,36.6,35.1,82184,156714
598,16,0,822,16.577959308,0.364113906552,21.7,2014,40.2,15.2,37729,10763
599,98,25,8345,194.46828522,0.313281856613,15.4,14488,32.5,30.0,53882,126007
600,213,61,19746,253.92016704,0.413240694535,15.2,25435,31.8,32.8,50893,239187
601,137,24,10880,187.50731202,0.278558763931,19.5,19386,39.7,18.0,45400,113605
602,979,41,4615,7.7068092455,0.563288744463,15.9,16259,30.6,35.6,60187,143476
603,85,14,10718,108.54834994,0.364501174062,19.3,13757,41.1,14.3,41630,79978
605,21,14,3018,24.740481573,0.603847835592,17.5,17845,42.8,24.7,51386,86749
606,310,6,7367,100.37204203,0.6415089372680001,10.6,14365,46.1,37.2,58992,70180
607,98,51,9512,44.78633268300001,0.409233684001,14.7,26437,42.1,27.1,47840,152148
608,134,8,2160,34.937106621,0.6554438469330001,29.4,4739,35.2,23.8,33116,30628
609,92,10,2342,40.04425448,0.7156642728899999,35.9,3358,34.2,17.1,29380,22124
610,328,4,7207,135.06823581,0.448117453518,9.6,9708,36.5,27.5,67024,66972
611,442,44,19275,388.28481855,0.310705694917,9.0,21739,36.7,24.1,68126,184945
612,618,7,27992,148.73165309,0.407520866631,9.4,12925,37.0,47.7,75740,106272
613,453,25,20836,317.30135426,0.367701158422,11.2,17343,38.9,20.9,56774,118302
614,83,20,1464,107.44071773,0.236306400839,14.5,4477,42.6,11.6,47737,23102
615,127,0,2438,73.646318083,0.212685560054,14.8,4345,39.7,11.1,51560,27735
616,585,21,10142,286.70778078,0.346533730898,17.0,22817,40.3,18.0,49522,129569
617,54,26,9225,158.48353042,0.271752275476,14.4,12186,40.9,22.6,46187,66597
618,18,0,3262,24.684183229000002,0.196041214751,7.4,2731,43.4,20.6,66937,13887
619,374,30,5078,45.208745418999996,0.214592543818,13.6,12453,34.7,20.6,51594,86878
620,197,21,9182,97.246239961,0.474070749521,25.7,8355,31.6,36.0,41445,56750
621,1041,56,8197,162.39877206,0.406134547642,16.2,17609,37.6,21.0,53884,109862
622,680,0,14718,402.79407915,0.460336514809,4.2,11902,34.9,35.4,93345,128990
623,130,13,10603,95.72946505899999,0.3978987347,13.6,19959,41.8,17.9,54063,108669
624,516,58,29580,367.52447012,0.393551312724,13.8,43747,40.1,25.8,60121,262966
625,24,10,14830,245.33658255,0.449538590604,12.9,8442,40.5,29.8,53134,50991
626,520,54,33085,1041.8475561,0.336735971073,10.4,22334,37.0,30.4,64644,166998
627,917,52,14638,245.32233319,0.350421348315,16.5,15710,32.8,30.6,53478,132896
628,1069,10,6871,176.42879682,0.339129262704,10.6,10829,37.6,31.7,70807,81758
629,178,0,2427,38.615577756,0.363821138211,8.8,4126,40.8,21.5,65849,21965
630,21,0,2287,28.979356885,0.466969778016,9.8,3957,41.3,29.7,61807,19991
631,49,0,3079,49.852132934,0.29803519293,11.8,6359,45.1,22.3,57757,30999
632,104,8,8311,148.91272452,0.33821520301700003,9.6,16103,43.6,22.3,61118,89918
633,18,0,2309,64.544592052,0.223717542749,10.4,6791,37.8,27.6,69114,48011
634,95,0,4428,70.91780927100001,0.17180355128,9.1,5812,38.4,24.2,65831,40474
635,309,8,5112,124.00494179,0.227260446686,13.0,9881,40.2,28.6,53992,51527
636,72,9,3569,50.733254135,0.174237318596,10.1,8496,38.9,19.7,56489,55834
637,12,4,2710,29.332133511,0.199601177476,18.2,3931,31.0,25.5,49577,29003
638,2279,297,192548,2016.4246124,0.525536708861,15.4,119690,36.8,37.1,57300,817473
639,561,196,74202,1152.0393866,0.471473793877,16.9,91990,39.3,27.4,51071,531687
640,178,37,11462,244.65823607,0.290831612051,14.4,22951,41.3,17.8,49668,121154
641,4,0,413,5.2308066018,0.182757507265,10.3,1347,46.9,27.0,52840,6237
642,37,22,1415,20.405340238,0.286776178918,11.2,17851,42.1,29.9,54382,103806
643,8,0,837,2.3967733878,0.249575191164,9.2,2283,52.6,28.9,53031,8600
644,7,0,834,4.673400701,0.431440045898,25.4,1211,30.3,17.1,40179,11004
645,3,0,1136,17.114383308,0.252059308072,12.7,1357,39.3,28.1,52069,6972
646,22,7,2761,3.0732329381,0.183337826908,8.3,5477,33.9,18.2,79134,52778
647,343,0,777,22.479955520999997,0.8261178140530001,33.2,2557,35.1,9.9,26449,17010
648,422,14,7976,98.009284839,0.274265486726,19.9,11006,37.2,20.5,42435,68098
649,578,0,4726,46.163081768999994,0.405290361812,25.5,4149,36.5,12.7,38034,28124
650,50,0,828,35.367668867,0.418852597732,23.4,2732,39.9,13.4,33566,14286
651,81,0,1070,12.726618613,0.677048394825,30.3,1480,37.5,13.8,29900,8630
652,92,0,1311,29.567667395,0.430737658192,21.0,3519,41.6,16.6,39498,17955
653,198,0,1857,32.189892424,0.5278002426199999,37.1,3629,35.7,14.6,33111,29690
654,10,8,1078,5.7771715417,0.679891202401,28.2,5536,43.2,22.7,35292,27277
655,545,16,9695,365.9844659,0.3850335917310001,10.3,23572,49.3,31.5,62175,92039
656,1075,10,11616,270.81851695,0.32672623883,5.2,22889,44.5,34.9,92284,140488
657,25,19,880,44.476761586,0.459420948916,13.3,20891,50.5,26.1,57183,77331
658,133,46,18148,382.89278435,0.377885624344,4.2,16411,43.9,48.4,83014,89221
659,77,10,9992,77.496909458,0.470324604648,8.6,11182,41.2,23.8,57256,64442
660,329,16,13091,187.00830568,0.369903104607,10.1,16928,39.7,28.3,64234,103868
661,89,48,16933,164.04190404,0.504271449704,12.9,15201,34.4,31.8,60111,104646
662,37,10,7025,75.151541441,0.461808993751,7.6,9671,42.4,23.2,65435,57532
663,120,119,17925,293.29254704,0.407690370246,18.3,12278,31.2,41.3,51070,105612
664,4,0,639,16.320465234,0.216512702079,13.5,1731,48.7,17.5,48070,6839
665,3,0,829,10.174075545,0.5218628174059999,14.2,3891,52.0,30.5,53637,15036
666,67,0,6453,157.37345546,0.364523818533,5.3,6933,40.1,28.7,72645,50089
667,25,0,2941,67.163501378,0.128728848725,15.6,10938,42.9,17.1,51152,56590
668,126,0,13770,286.33614908,0.384387557434,11.0,20356,36.5,27.9,65468,162809
669,36,6,1879,49.909760456,0.34613950018600004,19.1,5066,43.8,15.9,42412,24527
670,132,0,2319,45.19917996,0.328192545858,14.9,3818,41.9,16.1,46019,20473
671,2736,64,29193,578.1440906,0.37660724814,7.9,92310,38.6,26.9,66270,545724
672,892,18,14459,391.89646274,0.303194920721,10.0,26068,41.2,20.3,61087,141793
673,436,51,34300,339.38250510000006,0.327423792231,9.2,76650,46.8,28.5,58398,348899
674,3,0,566,6.110289722999999,0.216509775525,10.1,581,32.4,12.4,61987,4797
675,17,0,3113,22.17879403,0.17018469657000002,18.4,3930,40.9,12.8,49208,20160
676,173,35,12506,242.49884518,0.191653570805,10.7,22330,36.8,18.3,62635,175817
677,671,104,9524,474.58866969,0.646148315978,27.9,54181,31.5,17.3,38106,423163
678,97,12,3426,88.825806199,0.19780971937,14.4,17521,50.7,18.3,46527,60520
679,46,10,3723,72.52639621600001,0.211813393529,18.4,6341,40.1,16.9,44302,37159
680,218,21,10133,387.62353335,0.378609588324,12.0,17496,30.6,27.2,56102,208993
681,68,76,23015,396.25984285,0.263160025096,14.9,22227,39.9,32.4,49242,129375
682,343,12,16674,253.30079531,0.25505454287,7.8,20031,40.2,30.6,76507,144657
683,110,44,7121,410.01303591,0.338929248599,14.1,50317,48.9,17.5,45884,193920
684,112,40,9340,318.07512707,0.362929772082,10.7,47735,52.9,28.3,58228,159923
685,219,7,3586,50.55019229,0.303995808925,23.5,8981,41.6,13.4,39545,46414
686,476,74,22509,296.0539284,0.35173370966,10.7,47411,51.9,33.0,61592,161000
687,5,0,564,8.5212337515,0.389874309879,7.9,2423,43.5,37.8,69214,15734
688,591,6,1221,22.700768731,0.263122476447,12.2,4320,36.3,17.6,55387,29068
689,796,16,17893,367.29661189,0.498903579909,8.0,22405,37.5,41.2,89584,150721
690,348,6,12241,227.67698741,0.429481490247,11.7,18257,41.3,24.1,65182,116782
691,83,24,8545,203.29351446,0.344819482389,16.6,15794,41.0,29.6,53906,85292
692,96,16,4242,58.89289941,0.346410941999,24.6,7984,38.3,15.6,42114,47546
693,70,0,4801,183.29249658,0.475091130012,24.0,4070,36.9,19.4,46525,27546
694,257,16,21381,700.17769965,0.61736146213,13.2,11956,37.7,26.5,59673,90896
695,61,0,3272,134.28047126,0.20735199829,8.3,6519,36.1,20.1,65793,64296
696,234,0,1431,19.879066674,0.452739439565,26.5,1928,40.7,15.6,34984,10190
697,423,117,32298,614.11369433,0.589486858573,24.7,22757,36.2,25.7,41390,153159
698,131,0,2759,37.612599392,0.715797936487,24.4,7891,36.6,21.0,40545,46498
699,284,39,3255,28.942035103000002,0.320165984048,13.2,66850,52.9,25.2,48758,235099
700,212,30,24896,329.21407866,0.29591988288000004,8.6,33925,35.3,32.4,68978,279141
701,5,24,3638,63.444582878999995,0.183823529412,14.8,7491,42.4,16.0,44482,37432
702,36,0,2292,25.77136629,0.4310818888220001,19.9,3593,34.1,27.6,45408,22320
703,174,66,9614,155.98965575,0.299530999771,17.9,14104,34.1,26.3,45615,110332
704,16,0,1101,28.908936635,0.205251641138,13.1,3116,40.4,18.3,52050,18265
705,42,8,3909,78.45926416,0.21189848842,16.5,6946,37.9,15.9,46512,45325
706,27,12,3995,49.507557221000006,0.214089117013,14.5,6398,39.4,18.9,45596,37825
707,31,0,1533,31.024751005,0.355479840999,23.7,4198,39.7,10.1,37370,23528
708,276,0,4136,78.56551116199999,0.5296873021899999,19.2,6495,35.1,18.0,42606,47955
709,9,6,871,23.282172074,0.148996429011,20.0,4471,43.7,13.3,39048,19964
710,330,0,2950,55.74284076,0.418275511685,18.7,6409,43.0,13.2,39917,33254
711,1916,157,26164,336.10418322,0.418815450434,20.8,63650,37.6,22.9,43598,413210
712,179,12,4537,80.30445929,0.153404233492,17.9,12024,42.4,11.6,45434,63521
713,100,11,5863,78.856275223,0.223624970991,16.0,9589,35.0,22.0,45788,64072
714,44,0,670,7.6972162063,0.22236929186,44.3,724,35.6,9.6,35880,6061
715,6,0,331,11.833169822999999,0.162520281233,24.3,1961,47.6,12.5,31659,7881
716,18,69,23619,240.65234879,0.279725417269,15.6,19388,37.5,19.7,46843,127827
717,62,0,1111,30.084666463,0.23798981625,20.1,2424,34.9,11.5,44100,17007
718,28,0,1226,23.311018833000002,0.217550274223,16.4,4223,47.9,14.1,40486,16545
719,292,4,6497,434.00050012,0.383680515594,5.4,12769,40.8,31.1,106270,92525
720,854,24,12400,276.71828694,0.421646609163,14.6,15479,35.8,26.8,54313,103609
721,541,0,9518,52.55324499100001,0.51885557564,23.8,4844,38.3,14.5,47917,32511
722,637,80,44255,909.31982202,0.309908237767,15.3,29415,34.9,32.1,57821,244390
723,366,0,7222,217.20879605,0.120450606586,11.3,17307,36.3,18.3,63088,140789
724,198,0,12319,29.728545536,0.316590995081,15.5,2879,36.2,19.6,58643,23197
725,289,0,4898,86.871546668,0.531071576334,16.8,3427,39.9,14.3,53903,21096
726,247,16,6358,88.887185914,0.430522892169,32.7,12844,36.3,14.2,36624,82124
727,128,16,3332,64.634343586,0.345038588754,26.0,7488,40.8,15.1,35070,38340
728,154,0,7610,137.55753053,0.423446105429,12.8,3337,36.2,20.6,58205,26465
729,388,11,10301,121.63527746,0.329635792198,24.1,10199,36.5,12.7,42909,69830
730,812,11,23080,305.04380266,0.662852700749,11.1,25710,36.3,46.5,74456,160830
731,112,0,3555,56.319970768999994,0.42326718599,11.6,7256,39.1,21.7,53387,40062
732,316,0,21822,418.27773972,0.38314289555,5.2,14306,36.1,39.3,101427,149013
733,136,2,8849,140.52327145,0.406518094862,7.5,12490,40.6,31.4,70967,79595
734,173,0,23523,191.70294512,0.440577523974,9.3,19038,41.0,26.8,66716,110268
735,1929,151,27124,637.13419012,0.523843271216,18.8,67774,40.3,20.9,48370,405813
736,390,8,17571,339.66252777,0.325620163483,5.0,29976,43.2,34.8,84048,191995
737,79,26,13168,161.06787449,0.369404657967,11.3,14640,41.7,34.0,58057,83156
738,29,0,1974,53.98189615,0.228403755869,12.6,3833,44.9,12.6,49731,20799
739,567,75,11948,191.17170445,0.313860074248,14.9,28553,36.0,21.9,50531,203436
740,350,30,18141,392.32152734,0.439417921054,18.1,20611,28.0,37.7,52269,195732
741,101,18,27864,98.202174987,0.325705741085,18.2,8490,28.4,17.3,40299,70461
742,300,32,7582,221.45056716,0.309560237804,15.3,16340,38.7,22.9,51441,101511
743,53,38,4507,98.690719695,0.150205247189,19.5,11710,41.9,15.3,41541,64979
744,34,6,13419,202.30864343,0.319259903142,8.3,6149,36.2,28.6,73500,57004
745,195,30,6729,163.99070715,0.325395894428,16.0,12367,40.9,18.2,45130,65884
746,238,0,853,64.647079959,0.360509904622,20.7,3781,40.5,10.2,48120,21891
747,545,236,29940,517.63208961,0.369106500692,13.4,69749,35.2,30.9,56381,516042
748,103,12,5249,103.57571385,0.340595165549,16.3,7733,40.8,17.9,51161,45210
749,7,0,1058,16.332789212,0.168497312456,12.9,2108,43.9,16.0,47153,9703
750,3,0,474,8.0823455421,0.228193146417,11.4,1337,47.7,20.1,49287,5620
751,307,18,11755,159.97222714,0.464424822073,11.3,16344,38.5,30.5,60367,97311
752,540,5,6530,97.529987564,0.434035418631,11.8,6798,38.1,22.0,58465,42664
753,9,0,2007,33.934863448,0.233603625089,16.5,3749,41.9,19.1,44475,19939
754,597,20,13361,277.79772419,0.304511874188,16.3,23456,40.2,18.7,46864,142088
755,95,10,5598,175.52892186,0.498408394247,18.2,6367,38.2,20.5,46355,39824
756,37,10,4120,158.94886275,0.237954568605,13.2,11242,42.3,15.8,51491,62806
757,246,71,14358,277.05461555,0.523446284371,23.2,21939,32.2,31.8,43303,180742
758,4,0,412,3.9036233971,0.213366336634,11.6,975,45.8,19.2,47360,3975
759,9,0,1097,9.717556673999999,0.288424683787,12.3,2187,41.6,26.1,54814,11519
760,272,19,4704,138.50558787,0.381597126278,17.4,17737,42.4,14.1,46950,97241
761,476,20,8194,191.53930458,0.271160601843,15.1,20059,44.0,14.8,44938,101883
762,291,13,36906,373.46914676,0.740385819867,12.4,18364,34.7,57.6,71920,148476
763,35,8,4737,136.8649266,0.265608494271,9.8,16237,47.9,28.4,55052,69473
764,332,29,11900,302.99227737,0.240623220807,15.0,28859,42.3,18.5,47758,167609
765,138,0,4417,141.69366231,0.428432880744,12.7,10417,41.3,21.3,57710,69685
766,6,4,744,13.174169677,0.258403529884,13.9,5043,39.6,24.8,50616,26835
767,1,0,97,1.5899583374,0.175497482618,16.4,2034,52.6,18.8,46141,7199
768,138,0,14725,146.46518319999996,0.484852906067,18.1,21423,31.7,44.7,58258,162385
769,2581,15,7022,161.19786926,0.302089831566,16.5,11160,41.3,13.1,45419,65093
770,40,7,18629,136.63334929,0.283797535145,5.0,6508,38.4,33.0,84861,58988
771,310,57,45630,584.76648345,0.289145237803,5.2,30752,39.3,42.3,87391,234602
772,15,0,3993,34.547662166,0.175861741525,15.1,4859,39.2,14.5,47858,27711
773,91,12,6405,91.14470895299999,0.207260496405,19.1,6760,39.9,14.5,44261,38280
774,137,34,3887,51.288943726999996,0.229037456659,10.7,6636,33.3,34.7,59193,49659
775,1005,108,17975,380.97565271,0.46634515381,12.4,40421,33.3,38.8,58618,319090
776,60,0,2491,2.5587515174,0.260055124541,15.2,12644,52.7,11.5,47031,46523
777,51,27,6177,107.66103741,0.537098344693,10.2,14195,42.7,32.6,60251,76085
778,127,0,1577,25.01462249,0.211487559555,16.8,2939,40.1,12.5,46764,15916
779,69,0,1525,48.086327833,0.197746910205,16.9,3530,39.4,15.5,39833,22015
780,21,0,6502,157.46085469,0.205464560081,8.6,12600,37.9,28.2,58057,88595
781,25,0,1992,53.83678693,0.223188954038,26.1,5460,39.9,13.1,37331,29131
782,36,0,5973,96.154009665,0.217064643309,15.2,4373,27.7,25.9,52532,52607
783,356,9,6976,93.689022044,0.481489634929,11.7,13577,47.8,31.3,64916,59461
784,189,8,4552,107.74438361,0.296733629811,13.0,9981,43.8,17.8,51388,53383
785,189,10,7281,116.20104734,0.283939009933,9.9,10453,43.3,21.5,58925,57280
786,897,32,15712,400.65064847,0.382418604651,13.0,38400,43.2,23.8,55013,209281
787,828,51,20130,188.62097719,0.366600696266,14.8,41650,41.2,24.7,54096,228671
788,1921,36,16690,309.34872587,0.5101097740389999,15.2,22325,37.2,14.7,51790,149527
790,2086,5,2561,13.093231142999999,0.633062382762,32.3,8412,32.0,11.6,33976,71367
791,697,24,12306,200.73439178,0.249794505732,11.0,28920,41.4,21.0,60744,155027
795,71,18,6942,96.91166412,0.3922611850060001,12.2,19408,41.5,16.6,58624,110593
796,62,0,2569,47.991200971000005,0.637619372442,8.9,6832,43.7,36.7,68878,36777
797,51,13,3432,62.583169139,0.49273318872,10.4,12283,46.6,30.3,51723,58191
798,711,10,2214,71.923561531,0.42761028245,17.3,7171,45.9,18.5,42879,32316
799,30,7,3306,171.47072076,0.276531448474,9.1,6788,44.7,22.8,70938,37348
800,75,4,9790,152.32759668,0.391243738777,8.1,13470,40.7,24.8,65831,84769
801,36,52,12548,87.816412897,0.384551700097,7.5,22508,40.6,25.6,63442,135692
802,520,33,11201,227.46671712,0.524179470437,10.9,25528,39.5,21.8,57675,163354
803,58,0,11749,125.52631489,0.373694440291,4.7,11411,38.6,33.7,82575,90687
804,30,14,4307,9.650222492000001,0.0738221354893,9.2,3971,33.5,19.2,78112,46341
805,68,14,2705,14.953176216,0.202289723941,9.9,11087,36.6,22.7,64714,79858
806,49,6,5174,63.282897588999994,0.485391942951,7.7,6468,42.9,23.0,63160,36960
807,21,0,4291,53.36404640000001,0.409687230469,12.5,6688,34.3,28.0,57506,45368
808,15,0,438,101.09730097,0.666068561715,10.2,5248,56.1,48.6,62249,17582
809,10,0,1381,18.456077462,0.264509064363,13.5,9689,46.6,18.5,51183,45723
810,135,0,2078,61.538550758,0.218698381236,16.7,5668,43.4,17.1,48731,28576
811,214,156,28928,197.5573514,0.373153234839,17.1,36007,43.3,24.9,41926,178124
812,325,18,25412,200.22178346,0.223955277397,9.6,21695,37.4,29.2,66296,155271
813,46,6,7841,64.12223077899999,0.37733151155,11.3,10768,40.9,20.1,59528,64658
814,16,0,5134,33.083066459,0.511246337616,11.7,7600,41.9,24.0,50637,43150
815,190,88,10146,337.55736828,0.467587853975,15.3,46335,39.4,27.7,48453,269728
816,122,20,7684,77.891551197,0.676334226252,25.9,16249,39.6,19.5,37134,86175
817,110,15,13060,255.31145916,0.211311411676,16.6,19478,36.2,24.5,48794,126884
818,574,98,18844,172.75603372,0.460965899256,18.0,22029,39.0,23.1,47949,138293
819,339,17,8715,160.46489451,0.545405012713,18.7,16592,36.3,18.5,45181,106721
820,37,25,26619,228.28363229,0.303132254483,16.5,14731,43.3,23.5,50672,76978
821,78,16,12612,238.15910556,0.2330806765800001,9.9,25022,43.4,24.0,57939,133088
822,90,27,10165,328.83989693,0.184152948531,14.7,17356,39.5,21.9,50427,108110
823,242,12,6932,118.83322041,0.467876906465,23.5,11912,41.4,17.2,37206,66618
824,4,4,1740,15.28313493,0.1671595731,14.8,3860,46.7,15.5,44883,16526
825,166,35,17252,159.59199841,0.34004252872,15.0,30578,41.0,26.4,52633,170872
826,211,0,20935,206.4992844,0.38637083592,12.8,27136,36.0,23.8,62204,227907
827,289,6,2577,55.596729558999996,0.503760886778,26.4,7439,44.3,15.5,36722,33745
828,101,6,4946,110.12082279,0.25339706751200003,13.8,8051,39.4,15.4,56166,53948
829,29,2,2301,39.865984721,0.17733043768800005,13.8,6445,41.9,16.7,53111,35514
830,27,0,2882,25.342588379000002,0.172617412799,19.5,3192,33.5,14.0,46764,23021
831,18,0,2388,71.619969175,0.149390626963,15.9,7098,40.9,17.0,48554,41753
832,21,0,1969,32.045993415,0.193865242116,20.4,6474,43.4,16.4,44154,30026
833,47,6,4417,111.01328032,0.17926014218199998,15.1,14283,44.5,15.3,44366,69069
834,25,20,10890,402.84412486,0.198017396375,17.1,11409,40.4,16.1,44040,64934
835,78,65,10646,157.20258709,0.285901676742,10.8,13716,38.8,21.8,57337,96387
836,423,7,2620,134.3756967,0.247261680644,12.0,8469,37.5,16.7,60874,61599
837,55,12,1818,40.090958631999996,0.116209047244,13.2,7236,41.3,19.3,47097,37864
838,190,28,4048,96.054561794,0.488453911597,30.6,6489,37.3,15.5,33983,39288
839,101,14,5832,75.509435696,0.446552292973,12.0,16263,47.3,33.3,67094,74228
840,23,0,1021,6.356440374500001,0.686615634424,8.6,995,41.5,56.7,69458,8179
841,910,32,28148,398.72059141,0.505520891052,9.8,46320,41.4,33.3,67790,265206
842,439,18,13592,240.45156181,0.28397037308,16.8,15152,34.5,20.6,52502,119992
843,38,0,607,20.246237336,0.244881889764,22.4,1244,43.8,12.3,42483,5718
844,114,0,3728,69.625311737,0.281656804734,13.0,4736,43.1,26.3,59362,27578
845,509,61,39853,904.33168193,0.579654566745,20.1,24712,33.9,26.2,46628,195769
846,103,0,7305,218.51540925,0.276037834997,5.7,5357,40.4,51.1,99497,40280
847,41,6,4049,140.44249934,0.141396080675,11.0,6417,45.1,23.7,65062,32591
848,170,0,487,15.827719352999999,0.551640759931,30.8,1499,40.0,11.7,28298,6778
849,250,22,9451,340.33316973,0.36033153431,17.3,11052,39.1,16.4,43510,66703
850,436,10,3551,61.141832578999995,0.503052948145,25.7,4838,35.5,18.6,37562,29524
851,209,0,810,25.409627259,0.5424742761429999,27.8,1622,40.9,12.3,35290,8531
852,212,20,7687,155.79031876,0.304157549234,19.6,5778,35.5,16.5,45680,40644
853,92,0,679,27.976777811999998,0.366666666667,27.9,1436,38.8,12.5,33261,7985
854,204,0,1388,35.476726848,0.243769658843,20.5,3744,41.1,10.4,48708,20247
855,15,0,183,37.650702451,0.31,17.2,1761,47.3,13.5,46967,7921
856,428,78,36649,668.24945353,0.556516653618,14.4,41403,35.2,33.2,54165,289430
857,101,0,4634,123.83548313,0.123630136986,8.7,4659,43.4,30.4,68835,26108
858,478,8,20926,731.21043705,0.539893663384,12.6,15585,36.4,27.1,60512,146343
859,26,0,765,40.284179989,0.176652401331,17.1,1886,41.5,9.8,46218,11923
860,50,0,1903,103.96149303,0.299273927393,17.3,3034,37.5,17.1,48323,19077
861,492,42,2056,38.772802141999996,0.449863833755,19.5,37429,34.3,14.8,44116,213787
862,73,12,5556,114.01021653,0.100059016042,14.5,14803,40.6,13.7,45796,83768
863,69,10,4075,47.891104629,0.17623286023600002,19.7,9972,43.3,14.2,41929,51626
864,17,0,966,22.823980559000002,0.14932910114,17.4,2938,44.5,12.5,40936,13805
865,122,48,6900,138.81313278,0.254476592894,14.0,17876,41.4,23.9,48707,92729
866,63,0,1842,15.113785233,0.278615167216,17.6,3038,43.6,11.1,44424,16326
867,220,20,28489,2135.0741839,0.523003588453,4.9,8499,37.7,55.5,96924,70465
868,21,0,827,8.5897142148,0.327086383602,8.1,3322,50.6,30.2,72121,18845
869,9,6,3843,66.858209499,0.34353543582,11.8,9952,50.5,20.3,58515,39752
870,1145,28,4184,43.399192676999995,0.6818279801680001,21.4,22446,32.4,14.5,46633,181215
871,181,6,8962,111.60503213,0.343475030308,10.4,13839,50.1,30.4,59266,52276
872,600,26,10378,98.192567737,0.322284387206,19.4,20481,37.3,20.5,48116,129648
873,782,64,9818,170.29739933,0.322044252687,17.9,17724,35.1,19.4,47128,134758
874,180,15,2761,66.385698464,0.5666448337969999,29.4,5586,41.0,17.8,33392,30693
875,23,0,535,13.676416200999999,0.3486608201,20.1,1449,42.1,15.3,39508,7713
876,50,0,408,19.268154104,0.7368713531540001,37.0,1323,38.0,14.4,28542,8064
877,116,24,4848,85.514469568,0.405661337949,18.0,6225,29.9,43.9,49381,54019
878,82,0,945,29.228846945,0.344604202876,18.7,2167,40.3,15.6,40510,12586
879,99,42,20297,189.87249178,0.301338587602,13.1,12089,37.2,23.9,51088,85436
880,68,0,2493,49.978391123,0.54048169819,20.9,5857,40.2,13.7,40285,35294
881,6,5,3094,22.357037187,0.175879699248,12.0,6234,33.5,20.7,50941,46811
882,41,10,6568,136.36792119,0.309207237829,6.4,7883,41.0,20.5,82814,56579
883,356,0,8003,61.44480003100001,0.445719389858,11.8,8077,32.5,33.5,65914,64222
884,17,0,1468,24.459645838,0.3527696793,9.9,4242,42.4,21.1,58761,21067
885,1199,170,29197,577.03834878,0.378785488418,13.5,51307,35.8,28.2,54473,379299
886,214,19,6817,158.82833351,0.27849756329500003,19.9,12283,40.3,17.1,45138,65769
887,455,0,6274,108.79302183,0.236799553945,11.6,7212,41.0,19.4,57193,44729
888,233,154,33367,776.50862047,0.39323484859,15.1,29133,38.1,26.3,50500,181451
889,132,54,13915,265.2407105,0.402385705982,19.2,16694,36.2,24.5,48335,107038
890,284,41,13377,391.53410967,0.231685808324,11.5,27959,33.4,18.3,53381,229849
891,66,55,6250,133.8663393,0.245361011375,10.3,27653,40.2,24.9,56188,165697
892,44,25,5670,76.519560184,0.240258105131,12.3,12969,41.3,24.8,55174,65435
893,32,0,2503,45.531319283,0.260091443501,12.5,6335,43.2,16.6,52936,32304
894,195,30,14227,144.95426442,0.454687005507,14.4,21223,32.9,44.8,67087,171517
895,112,0,526,13.409082383,0.272240527183,26.0,1617,38.1,11.7,35812,9494
896,236,0,3720,31.335221614,0.382529450989,18.3,4606,39.7,14.2,44457,27463
897,49,10,3727,101.29328541,0.296090778727,21.3,6447,35.3,29.0,41873,39001
898,61,8,9157,121.75160919,0.434285714286,20.7,6478,25.1,46.0,47057,74232
899,51,20,3301,49.38868617,0.284459228932,12.3,11874,40.4,20.5,49341,61998
900,170,16,20642,456.57870505,0.270551034161,8.2,30876,39.8,28.0,65280,206428
901,240,8,9728,68.590607713,0.29226278894,12.8,17889,42.6,23.1,54862,95379
902,246,166,27195,397.85567395,0.557123421086,11.5,48292,42.1,39.2,53960,261191
903,134,52,28821,397.51319692,0.29620769717900003,13.0,26739,41.4,21.9,53738,159551
904,25,12,2987,53.389719869,0.310304367212,17.0,21619,47.5,17.2,46578,87487
905,209,35,33924,237.92159069,0.291588338205,8.7,33045,43.2,35.4,67161,187853
906,133,18,10846,295.43396577,0.427225701062,10.6,15642,44.8,22.7,53135,74266
907,200,38,16878,259.16185882,0.331994105719,9.1,27141,39.7,26.2,66145,176862
908,32,8,5291,92.567806459,0.296824950829,9.1,6728,40.6,16.7,56740,38087
909,143,22,2177,60.51053992600001,0.675794386109,32.6,6953,36.9,18.8,33991,43909
910,17,20,1490,30.155952191,0.356692610458,13.4,14597,38.2,26.0,50054,81366
911,13,5,896,18.321220792000002,0.279472419889,15.5,10178,48.8,27.1,50055,43806
912,71,0,4630,65.193056194,0.280931379523,14.1,6424,30.1,28.4,52151,54062
913,59,0,2809,49.902573387,0.491450114447,21.8,5109,37.8,14.9,39198,34192
914,82,0,2005,45.247071086000005,0.339085494043,19.8,4505,39.2,12.6,38173,26658
915,47,0,6600,21.1842105,0.7441524689579999,26.5,1139,33.9,16.8,33143,9632
916,68,8,4806,69.332278998,0.173114119923,13.4,4623,38.2,14.8,46600,28815
917,7,0,807,19.328436320999998,0.201595810996,14.2,3134,41.8,14.9,45955,16172
918,29,88,17611,190.01852140000003,0.219286411092,16.6,17632,36.0,22.9,46596,121328
919,21,8,3586,16.183646715,0.223213771662,16.1,7684,31.7,13.0,51656,71070
920,248,17,16823,355.49211654,0.513766600901,9.7,18162,36.9,35.6,69919,130633
921,122,0,4704,117.55260414,0.374639910161,9.2,6528,44.4,28.2,72993,37109
922,192,10,4360,48.914969459,0.432957765039,18.7,7713,48.4,18.4,44832,30587
924,31,4,2951,81.14712084,0.27062115277,15.3,12520,46.6,20.5,53522,56042
925,99,0,3100,77.906075915,0.482682083312,11.1,7317,40.0,23.7,61129,49402
926,80,0,6810,53.751162248,0.6779821285050001,12.0,9065,47.0,38.6,54441,42222
927,142,12,26737,151.74823151,0.593169914847,8.7,18447,38.8,53.5,80392,109330
928,31,0,4546,61.741048975,0.240974196663,7.4,7053,47.0,28.7,71874,33419
929,16,6,680,1.8739388557,0.206290322581,13.4,2389,38.0,20.3,61773,14800
930,139,18,6530,115.9279,0.459246588965,23.1,8917,37.1,23.7,44348,58595
931,27,9,4701,99.960274273,0.221203087977,13.9,6579,45.2,18.5,50064,30531
932,31,0,8453,163.30210871,0.236632164628,10.0,9788,41.8,26.7,61995,56450
933,30,4,3431,45.901637101000006,0.5479037704,19.0,4761,39.5,16.9,43125,30073
934,91,0,2677,54.426815956000006,0.572587655752,30.0,4540,40.3,9.4,33534,26118
935,44,7,4794,61.011636582,0.36987198571,17.1,7122,41.5,17.1,48029,38440
936,79,30,6862,155.72329979,0.371783216783,18.3,12435,39.4,23.5,43879,70811
937,26,6,2469,46.459712983,0.224813703668,18.6,5555,42.9,17.2,42025,27767
938,20,5,1826,82.552409907,0.16352824578800002,22.5,7161,44.9,10.8,36192,36004
939,50,42,10919,139.9697778,0.334036321031,10.1,3737,43.0,32.8,61314,18230
940,146,6,2598,75.244323087,0.4986320109440001,32.1,4802,37.5,11.1,33159,30479
941,47,0,2979,54.43875086,0.385692201992,18.5,4769,42.7,17.8,48818,27260
942,141,0,1438,12.390252255999998,0.282075696263,17.5,2316,32.0,12.2,44230,18546
943,29,0,418,8.4186334778,0.263527054108,17.5,1151,35.3,14.8,45689,7530
944,124,48,23449,196.40196428,0.204972001723,10.1,16793,31.7,27.4,80189,176832
945,3,0,480,1.4075090488,0.0825396825397,13.0,294,29.8,22.5,56590,2112
946,2229,99,37036,129.25618245,0.268972820332,19.7,14411,33.8,14.8,41912,117415
947,100,0,3044,58.363280283,0.303791567388,13.1,7948,45.4,21.7,59529,41133
948,57,0,4286,73.20952571800001,0.186744868035,15.7,9357,43.6,12.8,45566,46545
949,350,38,10153,200.05917162,0.253987684546,14.5,12617,36.3,25.4,45512,80245
950,10,6,5344,147.97193587,0.223957367933,14.8,11618,46.3,19.5,54440,53382
951,11,0,694,41.457777877,0.131124526183,21.2,3562,38.9,9.4,35685,22068
952,161,0,3973,99.890257551,0.373628318584,12.6,11725,38.6,20.4,61883,88723
953,231,5,2945,58.260962685,0.293424603436,19.1,5596,38.6,16.0,43478,34153
954,233,110,11785,230.15315849,0.355090695475,15.1,98883,48.6,19.4,44517,365579
955,138,10,3520,102.382701,0.303809873821,18.8,16270,45.0,12.4,39578,74521
956,363,69,12783,574.29667346,0.4747496997820001,12.1,71109,44.8,20.3,53377,328297
957,329,12,4649,173.52206295,0.495489891135,23.8,6776,35.3,20.9,42727,44890
958,92,77,6347,230.30172695,0.24886690915800005,13.4,30160,39.4,22.8,51777,174705
959,111,38,2669,104.3793425,0.32685516243,20.8,35532,53.4,17.0,39994,106221
960,88,0,2511,118.7874112,0.17981174943199998,14.9,5337,37.2,26.2,55583,33610
961,107,4,2984,40.020627603,0.110904584882,20.2,6219,44.3,13.1,37887,29709
962,1139,0,2318,6.4197724403,0.653625596227,37.3,10420,34.7,11.7,33652,71887
963,56,12,3089,20.278115144,0.35439312119000005,15.1,26550,40.6,23.0,49164,125922
964,28,24,11305,124.47153319,0.343527400513,17.2,9075,32.5,16.7,47504,78668
965,69,2,860,20.086669116,0.433948540776,10.9,4670,49.1,33.5,56168,20356
966,48,0,1306,14.441579212,0.194786155905,5.0,3689,46.1,35.9,98247,26729
967,3,0,19,0.7339575398999999,0.334465195246,8.6,241,57.5,43.9,62149,820
968,152,8,1705,19.080333806,0.25809207403900003,11.6,9249,45.1,23.9,52576,42758
969,6,4,1579,6.9343223736,0.358237547893,17.1,10463,48.0,22.5,47560,43539
970,34,43,7843,133.93669839,0.440265461541,18.5,40219,37.1,26.5,50945,219186
971,74,28,12950,112.91594941,0.394976913077,8.1,36751,45.8,33.7,81869,192843
972,13,0,502,246.91891744,0.647095565272,5.9,1582,40.1,51.7,97525,11399
973,389,48,24467,329.96899188,0.316032997975,11.1,24625,40.5,21.4,62556,151049
974,197,0,18353,143.08457611,0.325131905789,10.7,17957,39.6,22.7,62247,118081
975,57,0,3070,111.28294415,0.300974723278,8.5,10654,42.6,20.1,64121,61550
976,571,20,12434,270.17675623,0.410339166968,15.3,29119,41.9,27.7,51509,153401
977,334,32,17083,189.95680754,0.41088014153,17.3,22793,39.8,21.2,48413,134159
978,17,0,2201,54.840333773999994,0.317519611505,20.6,7041,47.2,12.1,39394,30950
979,71,0,2682,80.112913384,0.397354014599,23.4,4069,36.6,15.7,42098,25616
980,294,15,8037,88.821794421,0.351974115692,21.0,8121,39.1,10.6,39764,49348
981,28,0,8274,141.18140766,0.494489720319,8.7,7465,46.9,35.5,65969,35856
982,223,0,2963,104.57619239,0.28211112784200004,13.2,5211,40.2,16.9,56627,33406
983,16,0,1948,41.355721650999996,0.328629717783,7.4,4450,45.2,21.9,63633,21627
984,269,0,877,24.727984045,0.393123446562,23.7,3480,39.7,13.6,36761,18174
985,95,6,1947,47.104613236000006,0.5717871485939999,21.9,3452,39.5,20.1,38121,19316
986,134,0,5946,85.300632675,0.32767857142900003,9.6,6049,38.9,25.0,65323,36649
987,68,5,3005,49.175348365,0.420034476154,22.3,3644,39.8,19.7,39633,20758
988,81,0,2198,43.900550468999995,0.114178949554,13.7,4005,40.0,13.4,45720,23390
989,307,16,11100,166.15067683,0.477596526229,13.1,12401,31.0,31.4,63274,104897
990,373,0,2023,39.090929753000005,0.424253200569,25.4,3422,36.6,12.8,37212,22786
991,19,6,1018,51.18070712,0.10304139965399996,16.1,3389,36.3,12.6,47246,24500
992,109,179,17360,31.864876138000003,0.519225238181,14.7,36531,41.1,28.7,53833,199070
993,973,133,27153,237.96434236,0.471294507314,17.0,35070,40.8,21.1,48805,190539
994,177,0,3353,64.924742237,0.28646251481400004,12.7,10281,44.4,13.6,51113,52245
995,11,6,5233,59.531806221000004,0.290333136985,13.1,6006,41.8,17.9,46396,33631
996,41,0,2287,47.655467449,0.293638773192,6.1,2888,38.3,24.4,75955,20934
997,37,0,1663,14.0062449,0.273610856409,8.8,2094,44.3,22.0,57786,9846
998,136,4,2697,95.00263690799999,0.205803571429,16.1,6081,40.0,12.7,47624,35516
999,52,0,1005,54.577519984,0.232595076326,13.4,4589,41.5,13.2,44534,28036
1000,26,0,1858,26.887237429000002,0.373586059309,11.7,4197,43.6,19.8,50893,19650
1001,56,0,2417,45.946536575,0.311975016153,11.0,3613,40.0,20.1,55856,19954
1002,316,24,8607,255.48719537,0.247064701474,5.6,11521,39.9,30.3,73831,78168
1003,328,36,11563,291.08588966,0.4049307590770001,22.5,19153,35.4,24.3,43096,114135
1004,908,35,36707,445.49761916,0.317041741452,11.5,28443,35.5,19.2,59251,206341
1005,917,44,22435,316.15240015,0.510020581874,9.4,33702,37.5,33.0,64878,226706
1006,180,4,3232,83.61960707600001,0.257772020725,9.3,6707,42.5,17.4,60379,40515
1007,16,0,614,103.63457527,0.202019139762,7.3,2356,41.6,20.2,85899,19351
1008,101,2,1178,48.24798091899999,0.303479886617,27.4,6651,37.9,12.1,37731,40144
1009,56,6,2275,32.398662514,0.158708051466,15.4,5582,37.6,17.5,57005,37497
1010,136,0,2166,16.321107385,0.446680942184,26.9,2694,41.6,12.4,34047,13241
1011,60,4,957,20.758316811,0.423142812646,32.7,2992,42.2,14.7,33659,15670
1012,87,24,1894,50.416623482,0.282814705289,27.3,4930,35.4,12.8,34113,33395
1013,1041,88,11688,251.1116736,0.359186315031,21.3,21822,35.4,24.3,44371,153279
1014,88,14,11644,169.62374182,0.512880801472,18.9,10972,26.3,51.1,57464,97117
1015,45,12,8646,212.61316277,0.316013719921,16.5,11707,34.0,30.5,51897,92987
1016,15,0,1205,112.51640885,0.230769230769,10.0,3322,41.0,20.3,60908,22747
1017,60,8,4775,109.114949,0.529651458925,26.9,5960,39.4,15.5,36730,34823
1018,646,25,8986,137.89527245,0.465782937091,24.5,18955,36.4,13.2,35407,130625
1019,373,14,17988,379.08988838,0.328690296923,7.0,27269,38.0,34.8,80428,239859
1020,166,21,15268,174.4825438,0.490885444428,14.2,16294,41.4,20.9,50122,94298
1021,28,0,2439,68.204307406,0.243929101273,12.9,5580,45.3,13.6,50002,26914
1022,43,6,6917,102.69035818,0.217845303867,11.8,6750,39.9,18.7,53947,41968
1023,350,8,9501,242.21173834,0.420651645323,15.7,9498,38.2,20.9,48984,61779
1024,20,0,2196,62.808841651,0.20266955267,18.8,7817,50.9,19.2,41262,28612
1025,305,27,9967,314.8389384,0.34613624361900003,9.7,28504,47.1,31.8,54012,117417
1026,226,6,10482,113.6165962,0.476485884101,13.0,9519,42.6,22.3,58956,60443
1027,62,0,3418,162.48352625,0.244871194379,10.8,8313,45.0,22.9,60801,42846
1028,541,48,42049,514.14058616,0.56689603061,17.0,37300,31.2,25.0,46779,335509
1029,34,24,8403,83.882314103,0.32939279957,15.6,11197,37.9,19.5,43911,67997
1030,7,0,1738,15.207974670999999,0.18501026694000008,12.9,2110,41.6,21.1,54210,11131
1031,195,20,2759,40.208969052,0.416993798714,15.1,17884,38.9,23.6,49356,107740
1032,47,34,15814,142.63018728,0.267463652885,9.9,12284,39.2,26.7,61579,75783
1033,86,20,36993,408.43064059,0.351901849736,11.6,27076,38.1,39.0,68380,168937
1034,7,14,2851,64.085817031,0.203686050207,22.1,5450,40.6,15.3,43785,29898
1035,261,10,31173,211.95638054,0.424486650505,11.9,18822,34.8,33.1,64282,130817
1036,308,16,22553,333.32935278,0.425359614969,11.3,25025,37.9,28.7,63689,162466
1037,814,0,1427,23.290165081999998,0.249351873674,12.1,3658,35.9,15.6,56818,23595
1038,59,0,1765,69.96925998,0.334006497498,17.6,4465,37.6,17.4,48082,28321
1039,73,0,2253,35.986645721,0.697427174144,32.6,3303,35.3,15.4,31329,25110
1040,26,0,3631,64.637114568,0.17974769282900002,16.5,4512,36.4,15.9,44297,32174
1041,126,6,4669,108.21201709,0.486099931893,27.3,5289,25.8,43.5,39130,49587
1042,77,0,1221,24.018344857,0.426477654974,22.9,2066,42.1,20.4,36311,9775
1043,27,0,670,23.006334151,0.199243630573,18.1,1720,39.8,17.3,43349,9689
1044,37,12,5513,95.396124759,0.432913590968,16.9,7547,36.4,26.9,51751,47581
1045,297,6,7688,108.33200053,0.385075934579,10.8,12142,41.7,27.0,59114,70941
1046,16,0,3330,80.265104847,0.461970046604,11.2,8632,46.1,26.8,60034,43146
1047,1490,10,3477,22.467540524,0.28203887765,23.1,17443,35.0,15.2,46578,123958
1048,523,19,10580,187.98501269,0.402669404517,11.2,11182,42.0,20.9,64524,62385
1049,342,22,8031,134.50285088,0.313414679102,12.3,12183,40.8,22.5,50774,64964
1050,555,6,6061,138.73110888,0.350613483044,8.7,7561,38.8,24.7,72111,52605
1051,84,0,1627,94.978596256,0.4262525941300001,6.9,4985,43.3,34.5,73463,27270
1052,9,0,857,53.799294298,0.173954880787,24.8,4759,44.4,11.4,34796,23423
1053,67,0,4093,75.768093728,0.35460101673600003,11.3,6684,44.7,23.4,63714,37591
1054,444,0,14180,96.43333689200001,0.256213050142,8.7,14688,41.6,25.9,61375,81948
1055,41,6,6910,103.93210864,0.230716351396,10.4,15857,46.2,28.9,61186,78997
1056,25,0,3821,66.68262973600001,0.328805064627,13.0,6384,44.3,19.2,50580,31605
1057,19,6,4996,23.204230903000003,0.455227572559,25.4,4844,24.6,49.5,45389,50104
1058,235,10,1856,22.67268587,0.338360330168,11.0,6439,36.9,29.3,60082,38839
1059,66,8,2559,35.662753112,0.441994080436,20.0,7228,42.2,15.2,39079,37677
1060,102,45,13146,162.70848002,0.3555067145220001,15.3,23322,44.6,22.6,48788,109424
1061,93,15,7665,163.56471524,0.333657769625,14.6,26611,44.8,16.2,50381,129274
1062,1049,142,80387,530.20538373,0.493907498463,13.2,44262,39.8,30.5,57979,278299
1063,560,16,10014,181.548044,0.266517928287,13.0,28263,44.2,16.2,48809,141359
1064,7,0,534,40.944879201,0.273301737757,16.7,1724,43.7,10.6,44688,8201
1065,60,3,4262,81.51538059,0.269708478752,16.5,8718,40.1,17.8,42720,49133
1066,45,10,4135,76.119714867,0.267188168429,16.0,7927,41.9,20.7,50201,42208
1067,12,0,1297,60.534846847,0.185979381443,15.9,2840,37.5,16.4,47508,17297
1068,130,5,6603,235.82484295,0.210950909715,9.1,13135,47.5,26.3,58186,54068
1069,35,0,2569,58.016552538,0.261170605613,15.3,5433,43.1,11.6,50819,28907
1070,13,0,540,19.471410669,0.209106830123,17.6,1613,43.0,11.5,41960,8076
1071,124,4,5690,125.06836258,0.187600299561,15.9,10108,42.7,15.8,46029,53794
1072,281,6,7811,516.90185253,0.228250312196,9.5,9187,35.4,17.6,61413,83240
1073,206,0,3128,135.75048129,0.270760789279,19.7,3579,38.5,11.4,48831,24936
1074,225,10,3245,73.06502576300001,0.294329303397,23.9,5728,36.2,13.2,39480,43273
1075,46,0,474,8.1202878844,0.280392959476,25.8,1023,37.7,11.1,37593,6618
1076,24,0,1781,79.11550459,0.195488721805,19.5,4201,39.5,9.8,39513,24789
1077,97,8,3025,59.684954353,0.349502834309,26.1,7760,40.6,11.4,37233,38001
1078,121,27,6677,89.882616434,0.26481042654,17.3,12424,40.7,15.6,46195,71686
1079,50,0,2557,95.933656468,0.241692841792,19.5,4797,40.1,10.6,45075,28201
1080,173,18,3553,237.20947675,0.382927211607,10.3,31580,50.9,24.4,58975,115081
1081,11,0,1251,22.602039493000003,0.486059708858,21.3,1755,46.2,9.4,42054,8120
1082,24,0,2327,35.337261018,0.398317974412,7.8,5765,49.7,23.8,56832,21235
1083,515,51,16006,210.50729637,0.557132606843,19.2,25028,29.9,44.4,53251,209689
1084,2,0,714,3.1082233059,0.357636941484,8.4,2437,48.7,30.1,60285,11392
1085,13,0,2119,52.588936501999996,0.24393080389600005,25.6,3434,37.4,13.2,41440,25286
1086,23,20,12924,200.47545154,0.407384376215,9.5,16856,42.9,35.1,64591,93088
1087,17,0,1117,50.716810984,0.304201411161,15.6,6544,49.8,13.8,44635,25449
1088,21,58,5319,71.472800946,0.371364653244,8.3,6901,45.3,33.7,58891,33415
1089,370,12,9738,316.45080426,0.349487480352,8.0,13672,36.5,31.5,89964,113510
1090,339,5,10945,297.01220814,0.299014394101,8.3,15234,40.4,22.8,72739,102855
1091,125,0,2250,34.084547719,0.462484157161,20.3,2798,36.8,12.4,37429,17103
1092,30,5,4363,34.157766537,0.265302066773,12.6,6662,42.0,15.7,59323,35648
1093,21,0,1851,46.199560286,0.328858545566,17.1,7438,55.8,14.9,38613,24019
1094,39,0,3102,64.38362774699999,0.31095715342700003,7.8,4712,41.2,22.4,67269,28887
1095,21,0,2095,58.140600531000004,0.211318242344,8.4,3020,44.9,23.0,60896,15148
1096,110,0,4877,63.446502806999995,0.19319781079,11.1,4824,40.8,18.1,57436,28324
1097,132,6,4101,78.195799548,0.228610354223,12.2,5916,37.9,16.1,54718,37576
1098,261,10,5185,174.54683103,0.193617703656,10.6,11065,41.4,16.9,66151,70489
1099,157,38,15915,376.23008348,0.593217985874,21.4,17779,29.3,45.6,48883,148431
1100,107,4,2174,125.38268259,0.291611479029,15.5,3854,40.7,11.9,44913,23873
1101,88,5,3152,31.634899565,0.440730424017,10.6,3661,40.7,25.1,56170,18504
1102,7,0,1533,15.228258331,0.297354497354,10.1,3424,45.5,18.3,55486,14813
1103,20,18,5069,74.696474422,0.434763398577,10.4,8845,44.5,22.7,51939,42450
1104,329,46,25099,377.53372127,0.4748226866800001,12.4,26412,38.3,31.9,59865,172943
1105,173,8,4012,78.862673903,0.385710627401,12.7,9737,45.1,19.3,47357,44498
1106,665,58,29909,331.91723838,0.51226755173,14.2,26629,40.1,23.2,52642,141879
1107,188,0,4260,45.389191751000006,0.12724442715,6.3,5184,33.2,28.1,70162,34855
1108,384,0,1217,23.375501733000004,0.3698471514590001,11.4,3284,42.8,16.1,56954,16854
1109,289,4,3421,94.700707541,0.205871613233,25.2,9003,36.2,13.4,40484,62045
1110,60,8,7057,356.7531293,0.312686521713,5.6,8023,39.0,42.2,102136,66799
1111,50,0,8142,314.32036792,0.263781555899,12.6,7542,37.9,29.5,59443,54115
1112,3,4,1043,8.5196180086,0.166076487252,11.4,1443,43.5,25.3,51514,5979
1113,84,0,1313,20.071031385999998,0.25999650777,10.5,2477,41.6,21.3,56330,13171
1114,2468,33,11323,118.12055755,0.375049495726,13.8,14776,35.7,23.0,60059,103107
1115,44,0,1390,61.900867646,0.166852195424,17.3,3537,40.0,14.6,44624,21315
1116,3,4,869,25.649019893000002,0.268331005587,32.5,2055,41.6,14.3,31182,12630
1117,90,20,14868,177.98942936,0.323429128105,13.4,14260,36.3,23.0,52278,110958
