,date_0days,cases_0days,deaths_0days,date_70days,cases_70days,deaths_70days,fips,icu_beds,kaiser_total_population,kaiser_60plus_population,commuting_within,commuting_out,commuting_in
0,2020-01-21,1,0,2020-03-31,1228,32,53061,72,771904,143234,233454,130657,54070
1,2020-01-24,1,0,2020-04-03,6473,141,17031,1606,5238541,1005046,2095418,317505,489235
2,2020-01-25,1,0,2020-04-04,786,14,6059,651,3155816,598030,1242712,235247,317959
3,2020-01-26,1,0,2020-04-05,1326,31,4013,1004,4155501,808534,1752902,40810,79525
4,2020-01-26,1,0,2020-04-05,5940,132,6037,2126,10105722,1800341,4182123,334665,483659
5,2020-01-31,1,0,2020-04-10,1484,50,6085,313,1911226,338720,774537,118222,240720
6,2020-02-01,1,0,2020-04-11,4926,81,25025,447,780685,125537,270497,123140,371770
7,2020-02-02,2,0,2020-04-12,875,14,6075,337,864263,179193,353484,114866,307615
8,2020-02-05,1,0,2020-04-15,351,15,55025,39,522837,93985,266491,15371,52187
9,2020-02-10,1,0,2020-04-20,2325,72,6073,570,3283665,604412,1461512,43025,72833
10,2020-02-12,1,0,2020-04-22,1126,39,48029,648,1892004,307269,783313,45372,89600
11,2020-02-17,10,0,2020-04-27,476,14,31055,187,549706,95539,236643,36735,89375
12,2020-02-20,1,0,2020-04-30,54,0,6023,32,135490,31200,55393,1146,1575
13,2020-02-21,1,0,2020-05-01,1090,43,6067,396,1495400,279005,500893,115932,120790
14,2020-02-24,4,0,2020-05-04,378,22,53063,113,490764,105082,199020,10084,18916
15,2020-02-24,1,0,2020-05-04,325,6,6095,92,434981,90069,109059,75812,31582
16,2020-02-25,1,0,2020-05-05,2832,35,49035,282,1106700,164497,490467,38273,116130
17,2020-02-26,1,0,2020-05-06,286,4,6097,82,500943,124291,197589,37428,17940
18,2020-02-26,1,0,2020-05-06,79,2,6055,32,141005,33686,51743,15258,22730
19,2020-02-26,1,0,2020-05-06,244,14,6041,66,260814,72684,81726,43886,46516
20,2020-02-28,1,0,2020-05-08,6942,487,53033,450,2118119,386511,977642,81556,247854
21,2020-02-28,1,0,2020-05-08,556,12,41067,85,572071,100693,188061,83258,84068
22,2020-03-01,1,0,2020-05-10,776,74,12081,90,363542,120595,96829,41125,19780
23,2020-03-01,1,0,2020-05-10,1432,37,12057,432,1351087,257269,531016,74071,131673
24,2020-03-01,1,0,2020-05-10,2085,75,6001,282,1629615,300276,462479,256588,237262
25,2020-03-02,1,0,2020-05-11,7004,661,25021,59,694389,155147,154853,196195,175598
26,2020-03-02,1,0,2020-05-11,58,1,33009,54,89280,23734,35656,8356,20420
27,2020-03-02,1,0,2020-05-11,104,2,53071,28,59862,13443,22801,2866,6521
28,2020-03-02,2,0,2020-05-11,3516,145,13121,538,1010420,159840,341073,123502,496827
29,2020-03-02,1,0,2020-05-11,170,8,6061,70,374985,92327,99291,60392,56930
30,2020-03-02,1,0,2020-05-11,1464,65,6081,131,763450,161619,218300,160184,162092
31,2020-03-03,1,0,2020-05-12,1061,23,37183,175,1023811,157546,403532,88562,113096
32,2020-03-03,1,0,2020-05-12,1066,32,6013,163,1123678,231404,283769,212044,88933
33,2020-03-04,1,0,2020-05-13,17150,1409,34003,147,937920,211672,250231,199786,177837
34,2020-03-04,9,0,2020-05-13,31610,1368,36119,179,975321,214443,282569,171896,152533
35,2020-03-04,1,0,2020-05-13,1452,40,48157,128,711421,107897,112952,196726,57252
36,2020-03-04,1,0,2020-05-13,165,7,53007,20,75138,18408,27608,4605,9594
37,2020-03-05,1,0,2020-05-14,38743,2485,36059,461,1363069,318040,377465,276223,193326
38,2020-03-05,1,0,2020-05-14,1154,45,32031,331,445551,95558,189113,15056,14255
39,2020-03-05,1,0,2020-05-14,5144,282,32003,535,2112436,405618,896544,15993,21468
40,2020-03-05,1,0,2020-05-14,456,10,47187,28,212161,37356,57299,38360,58838
41,2020-03-05,4,0,2020-05-14,8817,193,48201,918,4525519,651673,1886183,159527,461890
42,2020-03-05,3,0,2020-05-14,7588,437,24031,150,1039198,209461,318911,213804,179278
43,2020-03-05,1,0,2020-05-14,18381,1327,25017,216,1582857,319971,548665,268960,337744
44,2020-03-05,1,0,2020-05-14,180,9,12113,16,166778,34353,33660,35923,7801
45,2020-03-05,1,0,2020-05-14,1748,107,8059,94,564029,124374,140839,149058,96322
46,2020-03-05,1,0,2020-05-14,621,31,8035,54,320940,50139,67951,89579,47964
47,2020-03-06,1,0,2020-05-15,107,7,42127,8,51656,15447,11696,8969,5510
48,2020-03-06,1,0,2020-05-15,5409,466,42045,100,563384,123831,138021,124591,75980
49,2020-03-06,1,0,2020-05-15,752,37,40143,379,637123,120771,274047,23216,85413
50,2020-03-06,2,0,2020-05-15,12637,434,36087,39,325027,66379,84101,58448,31002
51,2020-03-06,1,0,2020-05-15,5255,262,34007,199,510996,104370,120977,114556,75864
52,2020-03-06,1,0,2020-05-15,501,10,45019,221,387847,82073,160740,21435,81036
53,2020-03-06,1,0,2020-05-15,1287,61,27123,135,537893,102817,143064,118682,180547
54,2020-03-06,1,0,2020-05-15,1772,66,53053,189,845193,157501,263500,109312,63098
55,2020-03-06,1,0,2020-05-15,29,0,53031,6,30524,13626,9318,1783,1326
56,2020-03-06,1,0,2020-05-15,401,25,53011,90,457474,92850,129918,67262,21720
57,2020-03-06,1,0,2020-05-15,165,0,49053,32,155577,40002,53020,3587,2954
58,2020-03-06,1,0,2020-05-15,354,2,49011,22,334977,45623,79324,68831,34746
59,2020-03-06,1,0,2020-05-15,261,12,45055,10,63734,15574,13630,12433,5901
60,2020-03-06,1,0,2020-05-15,495,24,37037,4,68364,20511,11803,17017,5570
61,2020-03-06,1,0,2020-05-15,670,28,4021,22,405537,100086,66064,65672,17022
62,2020-03-06,1,0,2020-05-15,182,22,6113,14,212605,34981,57362,32756,46807
63,2020-03-06,2,0,2020-05-15,4452,248,8031,227,678467,109403,210947,132233,280068
64,2020-03-06,1,0,2020-05-15,532,12,21067,260,315109,55235,130876,23461,53687
65,2020-03-06,1,0,2020-05-15,8082,500,18097,526,939964,160942,349286,79876,205245
66,2020-03-06,1,0,2020-05-15,78,0,13233,0,41444,8705,9288,6548,3535
67,2020-03-06,1,0,2020-05-15,414,11,15003,148,990060,218287,481909,3507,4773
68,2020-03-06,1,1,2020-05-15,1384,74,12071,141,700165,239488,225044,33214,18353
69,2020-03-06,2,0,2020-05-15,6133,272,12011,587,1890416,406732,668801,204778,129438
70,2020-03-06,1,0,2020-05-15,1251,83,8041,95,674826,116223,294394,17796,17830
71,2020-03-06,1,0,2020-05-15,566,8,8037,5,53726,8107,26068,5064,3654
72,2020-03-07,2,0,2020-05-16,423,3,36091,19,226632,52232,61985,51176,24432
73,2020-03-07,1,0,2020-05-16,41,0,41035,0,66018,18095,23764,1658,911
74,2020-03-07,2,0,2020-05-16,50,0,41029,50,212070,60113,81318,4002,4806
75,2020-03-07,1,0,2020-05-16,4106,329,29189,468,999539,235062,343934,139112,234558
76,2020-03-07,2,0,2020-05-16,5797,614,42091,215,818677,190034,261962,148959,213123
77,2020-03-07,1,0,2020-05-16,51,0,53037,6,43726,9312,16359,2949,1288
78,2020-03-07,1,0,2020-05-16,7386,278,51059,178,1142004,205097,324518,278265,289947
79,2020-03-07,1,0,2020-05-16,60,1,50003,10,36054,10413,14897,1709,4494
80,2020-03-07,1,0,2020-05-16,1095,60,33015,43,302479,69798,88226,74176,58826
81,2020-03-07,1,0,2020-05-16,149,3,6087,22,273263,57232,99105,29040,18034
82,2020-03-07,1,0,2020-05-16,5618,255,6065,351,2355002,437180,622846,275801,104732
83,2020-03-07,1,0,2020-05-16,71,2,6039,10,154440,28392,30551,13657,13802
84,2020-03-07,1,0,2020-05-16,1192,16,6019,164,971616,157757,328935,31408,32321
85,2020-03-07,1,0,2020-05-16,495,37,25003,24,127751,37339,57613,4495,5606
86,2020-03-07,1,0,2020-05-16,648,56,20091,110,578797,110038,207529,89627,110002
87,2020-03-07,1,0,2020-05-16,2407,132,13067,119,739072,120689,206626,154218,133345
88,2020-03-07,1,0,2020-05-16,591,30,12127,148,518660,160876,156522,39807,18643
89,2020-03-07,1,0,2020-05-16,2597,102,13135,82,889954,122430,235117,165900,119359
90,2020-03-07,1,0,2020-05-16,176,5,12091,57,197591,41694,81035,10334,19014
91,2020-03-07,1,0,2020-05-16,370,41,12015,51,173236,81236,39077,16049,9928
93,2020-03-08,1,0,2020-05-17,1552,42,36111,25,180129,45203,55761,27571,12261
94,2020-03-08,1,0,2020-05-17,38117,1799,36103,281,1497595,326104,548500,172968,85628
95,2020-03-08,1,0,2020-05-17,827,23,41047,68,330453,68700,107484,27187,33410
96,2020-03-08,1,0,2020-05-17,25,0,41019,32,107576,35360,35686,2827,2002
97,2020-03-08,1,0,2020-05-17,15205,838,34031,97,510563,98279,104794,120448,79428
98,2020-03-08,1,0,2020-05-17,113,2,27019,25,98799,15454,20578,30997,19578
99,2020-03-08,1,0,2020-05-17,159,2,53035,20,258903,59433,95235,22252,11747
100,2020-03-08,1,0,2020-05-17,3726,85,47157,277,937847,169553,394448,24184,100530
101,2020-03-08,1,0,2020-05-17,4132,44,47037,614,678322,113356,274809,59608,160867
102,2020-03-08,1,0,2020-05-17,399,13,45083,39,297732,63159,97703,27260,33712
103,2020-03-08,1,0,2020-05-17,9252,569,25027,169,818249,170081,280406,114917,63512
104,2020-03-08,1,0,2020-05-17,14248,1146,9001,173,947328,197334,353280,99708,114321
105,2020-03-08,1,0,2020-05-17,690,34,24025,19,250132,53295,70291,56384,28274
106,2020-03-08,1,0,2020-05-17,1922,127,21111,366,764378,161771,323606,30982,113202
107,2020-03-08,1,0,2020-05-17,19,0,21097,6,18630,4370,3644,3541,1274
108,2020-03-08,3,0,2020-05-17,569,7,19103,95,144425,21650,66966,10306,19830
109,2020-03-08,1,0,2020-05-17,1050,74,18063,39,158170,28822,30601,45437,27824
110,2020-03-08,1,0,2020-05-17,714,24,13057,15,235896,42210,46339,61677,17233
111,2020-03-09,3,0,2020-05-18,3410,175,39035,680,1257401,297844,502361,63282,197691
112,2020-03-09,2,0,2020-05-18,7408,513,34025,152,627551,142622,184953,115632,79987
113,2020-03-09,1,0,2020-05-18,17574,1068,34017,105,679756,109974,146202,186657,130370
114,2020-03-09,1,0,2020-05-18,21,0,55093,0,41226,8070,7989,14118,3335
115,2020-03-09,1,0,2020-05-18,14903,962,34039,80,557320,106249,119361,141927,114860
116,2020-03-09,1,0,2020-05-18,1259,88,42089,44,167306,37614,45602,28938,16986
118,2020-03-09,1,0,2020-05-18,1049,31,48085,195,914075,135322,249848,188848,139962
119,2020-03-09,1,0,2020-05-18,3767,253,8005,127,626612,111767,149755,157731,148283
120,2020-03-09,1,0,2020-05-18,34,4,6089,81,178919,47900,62873,4740,5957
121,2020-03-09,1,0,2020-05-18,495,21,8069,55,330976,67199,131908,28664,21060
122,2020-03-09,1,0,2020-05-18,1825,157,4019,296,1007257,245814,404526,13519,12374
123,2020-03-09,1,0,2020-05-18,11629,436,24033,89,905161,159437,178243,280538,157790
124,2020-03-09,1,0,2020-05-18,7059,430,22051,215,437038,96599,130310,75933,68478
125,2020-03-09,1,0,2020-05-18,170,2,19155,29,93287,21265,24991,20897,14359
126,2020-03-09,1,0,2020-05-18,153,21,18113,0,47421,9969,12379,9147,7064
127,2020-03-09,2,0,2020-05-18,2856,86,13089,168,736066,121505,150749,186634,153183
128,2020-03-09,1,0,2020-05-18,210,11,13113,37,110306,25277,22248,26597,22858
129,2020-03-09,1,0,2020-05-18,187,13,13115,65,96471,20941,31895,7241,11865
130,2020-03-10,1,0,2020-05-19,1005,55,41051,165,788459,143926,301648,84388,183411
131,2020-03-10,1,0,2020-05-19,20129,1109,42101,528,1569657,287348,473736,152389,257222
132,2020-03-10,1,0,2020-05-19,8078,928,26125,409,1241860,273867,411569,182537,260568
133,2020-03-10,1,0,2020-05-19,19292,2275,26163,586,1763822,362535,503375,177211,236937
134,2020-03-10,1,0,2020-05-19,919,42,27003,35,344861,63313,70006,108166,49427
135,2020-03-10,2,0,2020-05-19,4000,247,34005,82,449192,98530,121868,98526,81719
136,2020-03-10,2,0,2020-05-19,1527,48,51107,33,374558,46809,88973,94986,66466
137,2020-03-10,1,0,2020-05-19,426,15,53057,18,121725,31915,40913,10286,12078
138,2020-03-10,1,0,2020-05-19,359,36,53073,24,212738,47353,88867,8039,4827
139,2020-03-10,1,0,2020-05-19,224,3,49057,64,244101,38967,75108,33475,26163
140,2020-03-10,1,0,2020-05-19,43,2,46005,6,18163,4501,8162,939,982
141,2020-03-10,1,0,2020-05-19,10,0,46023,0,9319,2183,3510,276,595
142,2020-03-10,2,1,2020-05-19,9,1,46035,8,19753,4889,9061,1083,2388
143,2020-03-10,1,0,2020-05-19,3165,40,46099,54,183660,32585,87284,9996,27019
144,2020-03-10,1,0,2020-05-19,57,2,47163,103,156519,44012,45185,19625,28710
145,2020-03-10,2,0,2020-05-19,7904,191,48113,614,2552213,377154,972140,200152,520617
146,2020-03-10,1,0,2020-05-19,848,18,48339,97,535187,96577,127445,99131,50804
147,2020-03-10,1,0,2020-05-19,4643,130,48439,409,1983675,306980,707436,204110,196723
148,2020-03-10,1,0,2020-05-19,850,28,6111,139,847834,167777,302890,87247,43603
149,2020-03-10,1,0,2020-05-19,179,6,8051,0,16215,2905,8517,337,1083
150,2020-03-10,1,0,2020-05-19,339,7,12001,210,259865,47766,106996,7691,23134
151,2020-03-10,1,0,2020-05-19,709,33,6077,121,724153,123774,196956,74539,45166
152,2020-03-10,3,0,2020-05-19,1030,40,12021,73,356774,132129,123480,14503,23366
153,2020-03-10,1,0,2020-05-19,280,37,18011,8,63013,11259,12310,17626,11381
154,2020-03-10,5,0,2020-05-19,6869,494,22071,111,388182,74618,124891,42962,93799
155,2020-03-10,1,0,2020-05-19,12748,797,25009,98,775860,173485,239294,137692,81347
156,2020-03-10,1,0,2020-05-19,10,1,18001,4,35018,7140,10067,4624,4048
157,2020-03-10,1,0,2020-05-19,1224,64,17111,33,308043,58774,77236,77129,29243
158,2020-03-10,1,0,2020-05-19,66,1,12089,0,78435,21894,16062,15098,3967
159,2020-03-10,1,0,2020-05-19,4682,120,17089,103,529402,93411,134506,115998,84946
160,2020-03-10,1,0,2020-05-19,327,12,12101,166,498136,142985,99664,85479,26165
161,2020-03-10,2,0,2020-05-19,1062,71,12103,279,949842,293786,359649,57420,69317
162,2020-03-10,1,0,2020-05-19,29,1,13049,0,12963,2473,2217,2394,506
163,2020-03-11,1,0,2020-05-20,116,0,41017,36,175321,45371,68435,4390,4425
164,2020-03-11,1,0,2020-05-20,29,1,38101,19,69628,11458,35907,2492,4686
165,2020-03-11,1,0,2020-05-20,620,79,39151,128,374273,94437,130386,41942,34866
166,2020-03-11,2,0,2020-05-20,4662,431,42017,90,626486,151809,177479,137230,84117
167,2020-03-11,1,0,2020-05-20,94,9,41053,0,79666,18539,13400,18564,6781
168,2020-03-11,1,0,2020-05-20,105,3,41059,3,76736,15752,26015,5376,4232
169,2020-03-11,2,0,2020-05-20,110,9,41043,11,121074,29548,32608,15413,11039
170,2020-03-11,1,0,2020-05-20,438,32,28035,48,75835,13870,22139,10322,19347
171,2020-03-11,2,0,2020-05-20,14954,913,34023,185,837288,164627,212671,181765,164948
172,2020-03-11,1,0,2020-05-20,1254,59,35001,138,674855,140933,285122,20496,49381
173,2020-03-11,1,0,2020-05-20,127,3,35049,22,147514,42681,58308,11301,13493
174,2020-03-11,2,0,2020-05-20,49,4,35053,0,17098,4106,4761,794,661
175,2020-03-11,1,0,2020-05-20,2466,174,36055,191,748680,166403,331559,21639,53539
176,2020-03-11,1,0,2020-05-20,181,10,53029,6,80323,24585,23694,11342,2422
177,2020-03-11,2,0,2020-05-20,1728,81,51013,32,229534,32701,46784,95316,143245
178,2020-03-11,1,0,2020-05-20,127,1,53067,72,269885,60028,87085,33437,20262
179,2020-03-11,2,0,2020-05-20,148,3,55039,15,102082,24000,36669,15246,11107
180,2020-03-11,1,0,2020-05-20,514,24,55133,64,396731,95193,130178,75613,102388
181,2020-03-11,1,0,2020-05-20,16,0,56033,11,29964,8337,13011,1066,607
182,2020-03-11,1,0,2020-05-20,488,10,27109,218,151685,29861,72977,5849,21652
183,2020-03-11,1,0,2020-05-20,439,38,50007,46,160985,31691,80046,7097,21236
184,2020-03-11,1,0,2020-05-20,108,5,45057,20,86544,22468,16927,15821,6978
185,2020-03-11,1,0,2020-05-20,4,0,46009,0,6972,1925,1784,980,385
186,2020-03-11,1,0,2020-05-20,173,4,48183,66,123402,24309,45442,9274,30297
187,2020-03-11,9,0,2020-05-20,57,2,8097,4,17747,4417,8594,1361,8014
188,2020-03-11,1,0,2020-05-20,2933,138,10003,119,555036,112051,214222,48971,64703
189,2020-03-11,1,0,2020-05-20,16033,578,12086,593,2702602,563748,1094476,90005,160166
190,2020-03-11,2,0,2020-05-20,598,26,6099,88,535684,92698,155348,47052,29055
191,2020-03-11,1,0,2020-05-20,499,21,5069,34,71373,15529,23023,4595,6925
192,2020-03-11,1,0,2020-05-20,1062,36,18141,74,268613,57385,97400,23338,26119
193,2020-03-11,1,0,2020-05-20,1939,156,22017,107,251069,54633,88858,19047,34494
194,2020-03-11,3,0,2020-05-20,1053,104,18081,6,149359,29234,30232,40052,19099
195,2020-03-11,1,0,2020-05-20,5041,277,24005,123,828637,186412,203341,201087,147893
196,2020-03-11,1,0,2020-05-20,334,18,18067,13,82457,20461,27973,7102,11957
197,2020-03-11,1,0,2020-05-20,233,5,12109,47,226578,57092,52288,42441,20308
198,2020-03-11,3,0,2020-05-20,419,35,13015,21,102623,18389,25153,18824,11993
199,2020-03-11,1,0,2020-05-20,6905,231,17097,108,704476,131932,238062,105860,121367
200,2020-03-11,1,0,2020-05-20,226,5,13185,48,113941,17921,43083,4215,11896
201,2020-03-11,1,0,2020-05-20,345,23,13177,0,29216,4964,2766,10239,2099
202,2020-03-12,1,0,2020-05-21,81,2,37133,14,192685,22983,80641,8455,10846
203,2020-03-12,1,0,2020-05-21,290,20,37101,24,186308,33619,38086,41190,12826
204,2020-03-12,2,0,2020-05-21,801,7,37067,259,368362,76042,127617,32577,56582
205,2020-03-12,1,0,2020-05-21,406,21,37025,25,196716,35521,43300,43571,27845
206,2020-03-12,1,0,2020-05-21,499,40,39155,42,203341,55450,56050,30651,22006
207,2020-03-12,2,0,2020-05-21,2894,70,37119,173,1034290,156489,427208,64533,196508
208,2020-03-12,1,0,2020-05-21,284,9,41005,54,399962,94656,88787,92970,60620
209,2020-03-12,1,0,2020-05-21,10107,359,36071,76,378174,70347,113930,57378,32193
210,2020-03-12,1,0,2020-05-21,27,0,31025,0,25513,5904,4419,8507,2071
211,2020-03-12,1,0,2020-05-21,81,3,32510,24,54219,14410,17086,6179,12793
212,2020-03-12,1,0,2020-05-21,16906,1576,34013,267,800401,146732,179720,169949,184721
213,2020-03-12,1,0,2020-05-21,6155,583,34027,91,498847,110520,146538,106385,142549
214,2020-03-12,2,0,2020-05-21,1700,134,36001,120,308580,67673,121668,30876,100266
215,2020-03-12,1,0,2020-05-21,71,0,36025,0,45950,14201,13542,5786,5658
216,2020-03-12,1,0,2020-05-21,3745,135,36027,51,295685,66971,93869,46244,24809
217,2020-03-12,1,0,2020-05-21,93,1,36043,0,62943,16310,14842,13484,3897
218,2020-03-12,1,0,2020-05-21,2814,186,42095,64,300941,74273,76455,65203,40841
219,2020-03-12,1,0,2020-05-21,473,18,42103,0,55687,15643,9167,14484,4265
220,2020-03-12,1,0,2020-05-21,244,19,51085,24,103218,23448,20488,31420,23758
221,2020-03-12,3,0,2020-05-21,189,15,51095,26,73028,22611,14372,17165,13759
222,2020-03-12,1,0,2020-05-21,99,2,51147,8,22903,5017,6281,2233,4275
223,2020-03-12,1,0,2020-05-21,4183,79,51153,24,450763,60739,80821,145173,56592
224,2020-03-12,1,0,2020-05-21,1,0,53013,0,3999,1371,1178,363,384
225,2020-03-12,1,0,2020-05-21,15,0,53027,0,71454,19476,21346,4350,2687
226,2020-03-12,1,0,2020-05-21,111,8,29077,163,286759,60988,121979,11112,46400
227,2020-03-12,2,0,2020-05-21,2684,83,53077,52,248279,44560,93481,5607,4829
229,2020-03-12,1,0,2020-05-21,328,5,47093,254,452286,93686,177598,33860,61760
230,2020-03-12,1,0,2020-05-21,1303,121,9005,21,184454,50170,53208,42734,16681
231,2020-03-12,1,0,2020-05-21,351,25,12019,28,203291,41495,36161,49589,13035
232,2020-03-12,1,0,2020-05-21,1355,37,12031,412,912043,171837,382476,29379,107565
233,2020-03-12,2,0,2020-05-21,4966,308,12099,401,1426772,414928,536190,71229,88700
234,2020-03-12,2,0,2020-05-21,2759,108,8001,168,487850,69778,89263,136460,86255
235,2020-03-12,2,0,2020-05-21,1853,11,27145,41,155300,30193,65828,15609,26104
236,2020-03-12,1,0,2020-05-21,207,4,2020,73,298225,43608,151009,6364,15554
237,2020-03-12,5,0,2020-05-21,740,28,5119,209,392848,79133,166834,12814,79769
238,2020-03-12,1,0,2020-05-21,1603,74,6107,51,458809,69266,140091,24669,15952
239,2020-03-12,2,0,2020-05-21,550,67,12115,118,404839,174026,128704,23991,41468
240,2020-03-12,1,0,2020-05-21,445,12,12117,38,449260,92794,114564,92803,63897
241,2020-03-12,1,0,2020-05-21,17,0,21173,4,27550,5851,6817,3924,4569
242,2020-03-12,1,0,2020-05-21,202,2,23001,54,107317,24289,36783,14713,12278
243,2020-03-12,1,0,2020-05-21,674,24,26065,219,286185,51447,101565,27941,61681
244,2020-03-12,3,0,2020-05-21,3145,62,26081,150,636376,115828,267052,31918,81383
245,2020-03-12,1,0,2020-05-21,62,1,26117,12,62956,14301,12301,11733,5509
246,2020-03-12,1,0,2020-05-21,422,33,26147,23,159761,38914,43042,24987,7654
247,2020-03-12,2,0,2020-05-21,1265,95,26161,92,361509,65781,134219,38093,75582
248,2020-03-12,1,0,2020-05-21,929,32,27037,12,414655,76445,105464,114245,74856
249,2020-03-12,1,0,2020-05-21,6029,502,27053,311,1224763,229263,517269,122188,345901
250,2020-03-12,1,1,2020-05-21,1266,71,20209,145,163227,27635,32266,37252,52672
251,2020-03-12,1,0,2020-05-21,7,0,19027,6,20428,5287,9304,1233,2198
252,2020-03-13,1,0,2020-05-22,949,18,37191,16,124496,26321,40677,11808,10128
253,2020-03-13,1,0,2020-05-22,645,28,36093,36,155239,34957,38769,33794,27997
254,2020-03-13,1,0,2020-05-22,1179,55,40109,300,774203,140665,321472,29762,137115
255,2020-03-13,3,0,2020-05-22,572,43,42041,45,245801,58099,78643,41058,50332
256,2020-03-13,1,0,2020-05-22,2363,242,42029,93,514652,109411,162631,93289,86027
257,2020-03-13,1,0,2020-05-22,88,2,30111,41,156332,34804,74353,3367,5408
258,2020-03-13,1,0,2020-05-22,16,0,30049,8,66290,16327,31183,1707,4529
259,2020-03-13,1,0,2020-05-22,149,1,30031,8,100733,17127,48284,2984,2640
260,2020-03-13,1,0,2020-05-22,9,3,29083,8,21834,5958,6876,2335,1663
261,2020-03-13,1,0,2020-05-22,203,27,28109,6,55049,13434,9280,10543,2769
262,2020-03-13,1,0,2020-05-22,11,0,30093,11,34514,8536,14629,1455,1423
263,2020-03-13,1,0,2020-05-22,8285,678,34029,106,589699,167321,146138,93760,25626
264,2020-03-13,1,0,2020-05-22,134,5,42125,50,207661,55472,60003,37453,30685
265,2020-03-13,1,0,2020-05-22,231,3,53025,0,93420,17194,35142,2585,4288
267,2020-03-13,1,0,2020-05-22,211,25,28083,9,30113,5674,8249,1030,4450
268,2020-03-13,1,0,2020-05-22,238,6,56013,12,40354,9748,16713,1112,612
269,2020-03-13,3,0,2020-05-22,78,3,55117,13,115094,27003,49195,8885,9779
270,2020-03-13,1,0,2020-05-22,1269,22,55101,33,195101,42061,57611,32543,20143
271,2020-03-13,2,0,2020-05-22,5893,270,55079,381,956586,173173,350829,86770,120987
272,2020-03-13,1,0,2020-05-22,27,0,47089,6,52887,13602,9451,12856,6104
273,2020-03-13,1,0,2020-05-22,531,13,47065,215,354589,81748,146669,13499,55615
274,2020-03-13,1,0,2020-05-22,5,1,46087,0,5515,1423,1581,1331,329
275,2020-03-13,1,0,2020-05-22,950,20,47149,78,298456,42641,91430,47668,32550
276,2020-03-13,4,0,2020-05-22,2761,83,48453,294,1176584,160972,528088,61186,169399
277,2020-03-13,3,0,2020-05-22,198,4,48423,194,222277,47438,80787,13185,19439
278,2020-03-13,1,0,2020-05-22,2160,58,48141,203,834825,133011,319585,19367,17441
279,2020-03-13,1,0,2020-05-22,282,3,48027,90,336506,47766,129922,15085,27858
280,2020-03-13,1,0,2020-05-22,740,31,48167,26,321184,62311,81201,60025,27615
281,2020-03-13,1,0,2020-05-22,213,2,27171,3,131130,22152,27961,38650,14634
282,2020-03-13,1,0,2020-05-22,2367,125,8123,26,285729,48279,79153,48058,28398
283,2020-03-13,2,0,2020-05-22,197,2,8117,8,29722,5667,16462,1215,3194
284,2020-03-13,1,0,2020-05-22,59,6,8107,4,24359,4914,13129,519,1504
285,2020-03-13,1,0,2020-05-22,233,14,8101,32,163368,39318,57319,7054,5136
286,2020-03-13,1,0,2020-05-22,644,18,12097,66,325168,57062,62029,67039,32547
287,2020-03-13,1,0,2020-05-22,1743,37,12095,388,1290216,206342,518042,76777,225944
288,2020-03-13,1,0,2020-05-22,16,1,8019,0,9257,2454,2214,2775,1195
289,2020-03-13,1,0,2020-05-22,464,9,1125,84,204424,36426,77767,8491,16341
290,2020-03-13,1,0,2020-05-22,1096,29,1101,88,227120,44214,90576,7849,44090
291,2020-03-13,1,0,2020-05-22,72,0,1083,10,91695,18399,16990,20315,8367
292,2020-03-13,2,0,2020-05-22,1498,88,1073,471,659460,138161,254478,34358,101376
293,2020-03-13,1,0,2020-05-22,242,7,1051,5,80989,15929,10469,22551,7578
294,2020-03-13,1,0,2020-05-22,259,4,28029,0,28748,6493,5283,4817,2121
295,2020-03-13,1,0,2020-05-22,69,2,6069,8,58671,10074,11928,13373,5542
296,2020-03-13,1,0,2020-05-22,958,67,24017,10,156021,26064,28979,47490,13926
297,2020-03-13,1,0,2020-05-22,3215,149,24003,53,564600,111090,169171,120875,114919
298,2020-03-13,1,0,2020-05-22,968,38,23005,72,289173,68027,132090,17825,45511
299,2020-03-13,1,0,2020-05-22,623,48,22109,26,113067,21180,39541,8257,18346
300,2020-03-13,2,0,2020-05-22,1609,155,22103,149,249201,55158,69996,38537,18332
301,2020-03-13,1,0,2020-05-22,622,43,22089,8,52728,9258,11030,13355,14808
302,2020-03-13,1,0,2020-05-22,14,1,26029,0,26160,8123,8102,3503,2643
303,2020-03-13,1,0,2020-05-22,6445,776,26099,122,864019,192977,223742,168559,105460
304,2020-03-13,1,0,2020-05-22,11,0,26089,0,21564,8279,5334,4144,2248
305,2020-03-13,1,0,2020-05-22,269,16,26017,32,105350,27300,26753,18544,9223
306,2020-03-13,1,0,2020-05-22,794,23,16001,105,435117,80856,181681,15554,34302
307,2020-03-13,1,0,2020-05-22,627,20,13151,40,217506,34127,35867,54134,24198
308,2020-03-13,2,0,2020-05-22,136,15,13129,8,56424,10941,16241,7114,7179
309,2020-03-13,1,0,2020-05-22,26,0,20015,16,66260,13403,15010,15848,5386
310,2020-03-13,1,0,2020-05-22,18,0,19085,0,14196,3779,3816,3472,780
311,2020-03-14,2,0,2020-05-22,374,11,39013,15,68889,18587,17287,11678,6336
312,2020-03-14,4,0,2020-05-22,734,23,39017,74,375702,73222,97419,75561,53809
313,2020-03-14,1,0,2020-05-22,74,4,37019,19,122586,46285,27646,16497,7222
314,2020-03-14,1,0,2020-05-22,4996,215,39049,449,1253507,205767,541451,62278,174828
315,2020-03-14,1,0,2020-05-22,626,58,39093,75,305405,71677,82851,52706,22574
316,2020-03-14,2,0,2020-05-22,258,20,37085,14,128753,21027,18545,31342,8267
317,2020-03-14,1,0,2020-05-22,142,4,37049,72,103374,24450,37742,8215,10939
318,2020-03-14,2,0,2020-05-22,1183,148,39153,170,541318,126698,183463,70494,89045
319,2020-03-14,1,0,2020-05-22,1739,154,42003,580,1229605,303430,541009,58690,147103
320,2020-03-14,1,0,2020-05-22,301,2,39157,38,92531,23202,29744,12148,7007
321,2020-03-14,1,0,2020-05-22,147,2,36109,16,104415,18998,43590,4145,15795
322,2020-03-14,1,0,2020-05-22,21,1,40065,6,25574,4799,10184,1090,1740
323,2020-03-14,1,0,2020-05-22,118,17,36107,0,49322,12444,9377,14107,5651
324,2020-03-14,2,0,2020-05-22,39,1,30063,32,114231,22759,55010,2553,5946
325,2020-03-14,1,0,2020-05-22,6295,443,34021,92,373362,75299,117332,56410,109028
326,2020-03-14,1,0,2020-05-22,468,39,36007,47,196124,47891,76697,10142,16590
327,2020-03-14,2,0,2020-05-22,529,24,35043,0,138815,30925,24499,32749,11057
328,2020-03-14,1,0,2020-05-22,373,4,51177,12,130159,23288,23460,38433,13190
329,2020-03-14,1,0,2020-05-22,1152,29,51041,106,335594,65652,74512,88796,45476
330,2020-03-14,2,0,2020-05-22,49,2,50027,0,55485,16500,16807,10714,8483
331,2020-03-14,1,0,2020-05-22,160,1,55139,26,169540,35586,61374,23221,33699
332,2020-03-14,1,0,2020-05-22,38,1,50023,14,58691,15091,25018,5943,8841
333,2020-03-14,1,0,2020-05-22,24,3,53039,0,21172,6449,5320,2263,1692
334,2020-03-14,1,0,2020-05-22,17,1,47013,10,39824,10474,8289,5269,1695
335,2020-03-14,1,0,2020-05-22,537,29,45063,55,281870,59280,74215,55068,39137
336,2020-03-14,3,0,2020-05-22,314,12,45013,24,179316,56939,67854,6556,10312
337,2020-03-14,2,0,2020-05-22,403,0,49043,4,39731,6731,14795,5793,9663
338,2020-03-14,1,0,2020-05-22,266,3,48209,42,194843,29297,44664,41767,21255
339,2020-03-14,2,0,2020-05-22,825,12,48039,16,345995,57101,80207,72218,26084
340,2020-03-14,1,0,2020-05-22,10756,888,9009,186,862127,194911,305355,106781,83092
341,2020-03-14,1,0,2020-05-22,9463,1155,9003,216,897417,201242,364906,65250,138032
342,2020-03-14,1,0,2020-05-22,50,0,8077,44,148798,35763,62207,4629,2167
343,2020-03-14,2,0,2020-05-22,311,7,13077,19,138015,25269,28524,32767,10634
344,2020-03-14,1,0,2020-05-22,21,0,4009,0,37700,6933,9401,2088,835
345,2020-03-14,1,0,2020-05-22,271,9,1003,51,203360,53519,60659,23845,7737
346,2020-03-14,1,0,2020-05-22,898,61,8013,72,316782,59425,128751,34308,61905
347,2020-03-14,1,0,2020-05-22,253,1,6079,46,280119,70097,110495,13746,11228
348,2020-03-14,1,0,2020-05-22,6362,353,25005,96,557016,124173,161032,100502,54847
349,2020-03-14,1,0,2020-05-22,1257,103,25001,34,213900,80676,86328,14257,11081
350,2020-03-14,1,0,2020-05-22,757,73,24013,10,167319,36730,39526,47123,17348
351,2020-03-14,1,0,2020-05-22,838,77,22095,0,43565,8070,8907,10278,7894
352,2020-03-14,1,0,2020-05-22,766,65,22057,21,98112,19612,26296,15747,13006
353,2020-03-14,1,0,2020-05-22,5,0,27129,0,14798,4088,4934,2490,1631
354,2020-03-14,1,0,2020-05-22,455,19,26115,0,149619,35206,31977,34709,12516
355,2020-03-14,1,0,2020-05-22,36,0,21179,4,45131,9073,12539,7210,3300
356,2020-03-14,1,0,2020-05-22,18,2,17203,0,38942,8978,7421,11097,3807
357,2020-03-14,2,0,2020-05-22,983,74,17163,42,264433,54566,74718,43000,29689
358,2020-03-14,2,0,2020-05-22,334,28,17167,99,198134,45191,89902,5359,19761
359,2020-03-14,1,0,2020-05-22,6744,337,17043,257,931826,189208,281687,188866,288465
360,2020-03-14,1,0,2020-05-22,10,0,17035,0,10899,2730,1746,3070,729
361,2020-03-14,1,0,2020-05-22,11,0,16081,0,10776,1500,3083,2173,362
362,2020-03-14,2,0,2020-05-22,510,5,16013,0,21583,5080,11133,454,1481
363,2020-03-14,2,0,2020-05-22,20,0,15007,9,71093,18043,32863,303,393
364,2020-03-14,1,0,2020-05-22,380,25,22015,0,125698,23653,33729,25505,18137
365,2020-03-14,1,0,2020-05-22,9,1,21017,4,20017,4949,4876,3918,2772
366,2020-03-14,1,0,2020-05-22,32,0,20059,5,25599,5593,7556,4844,2871
367,2020-03-14,1,0,2020-05-22,821,14,19049,0,80864,12950,14862,25142,15109
368,2020-03-14,1,0,2020-05-22,22,0,18179,7,27832,6613,7631,5751,3613
369,2020-03-14,1,0,2020-05-22,377,20,18091,34,110839,25713,31634,14528,9913
370,2020-03-15,1,0,2020-05-22,12,0,37189,10,53421,11059,20186,2793,6198
371,2020-03-15,1,0,2020-05-22,275,9,37195,14,81379,19331,25704,8314,12163
372,2020-03-15,1,0,2020-05-22,2071,218,39095,251,433404,92861,155314,33977,52725
373,2020-03-15,1,0,2020-05-22,63,7,41071,11,102366,22508,28176,15075,8041
374,2020-03-15,1,0,2020-05-22,45,1,40119,11,80634,13033,31027,4746,6689
375,2020-03-15,1,0,2020-05-22,51,7,40071,6,45173,11238,16926,2318,3346
376,2020-03-15,1,0,2020-05-22,481,37,40027,77,274024,47856,67279,65436,21796
377,2020-03-15,1,0,2020-05-22,258,18,39103,12,176362,40244,39783,47423,21577
378,2020-03-15,2,0,2020-05-22,1187,59,36079,10,99464,22683,14809,35503,12857
379,2020-03-15,1,0,2020-05-22,2004,107,33011,62,406371,84563,141330,69277,53999
380,2020-03-15,2,0,2020-05-22,855,24,28049,218,243249,44090,70946,32261,50510
381,2020-03-15,1,0,2020-05-22,77,4,36057,8,49500,11948,11808,9105,7552
382,2020-03-15,2,0,2020-05-22,215,4,36039,0,47791,13422,10749,8529,4511
383,2020-03-15,3,0,2020-05-22,5397,473,36029,262,923995,216391,404471,27167,56203
384,2020-03-15,1,0,2020-05-22,3613,197,42077,143,360774,80015,116381,50419,64024
385,2020-03-15,1,0,2020-05-22,1651,13,49049,122,576496,59457,196631,39538,19909
386,2020-03-15,1,0,2020-05-22,2,0,53043,0,10344,3325,2768,1226,810
387,2020-03-15,1,0,2020-05-22,35,3,53041,6,76012,20549,21481,6959,5016
388,2020-03-15,3,0,2020-05-22,359,21,45051,100,310186,90290,116672,9928,11459
389,2020-03-15,1,0,2020-05-22,1200,50,45045,137,490332,100264,183123,33865,65400
390,2020-03-15,2,0,2020-05-22,219,8,45007,40,194174,45832,52678,26890,15127
391,2020-03-15,1,0,2020-05-22,2620,133,42079,71,318222,82489,120812,23633,24644
392,2020-03-15,1,0,2020-05-22,1205,30,48121,81,781321,106598,178569,199845,67002
393,2020-03-15,1,0,2020-05-22,453,25,27163,31,250979,49212,45765,82361,42946
394,2020-03-15,1,0,2020-05-22,118,12,12017,40,141373,61636,31961,10413,4184
395,2020-03-15,1,0,2020-05-22,26,3,12003,0,27537,5367,4503,5346,1870
396,2020-03-15,1,0,2020-05-22,120,2,8045,5,57945,10202,22141,6588,4731
397,2020-03-15,1,0,2020-05-22,23,0,27161,0,18898,4286,5806,3654,1985
398,2020-03-15,6,0,2020-05-22,1723,138,13095,50,91522,18997,28943,4639,17900
399,2020-03-15,2,0,2020-05-22,1071,43,13063,34,274150,36959,38624,71553,56469
400,2020-03-15,2,0,2020-05-22,219,13,13059,104,123554,17345,41469,11484,29428
401,2020-03-15,1,0,2020-05-22,83,1,5125,16,116252,26545,21280,31207,6560
402,2020-03-15,2,0,2020-05-22,132,1,5051,41,97994,28731,33527,5279,6279
403,2020-03-15,2,0,2020-05-22,420,19,1117,32,208721,41610,48813,50684,30792
404,2020-03-15,1,0,2020-05-22,471,32,1081,28,156597,24513,45450,22506,11087
405,2020-03-15,1,0,2020-05-22,1544,11,6083,82,442996,86816,186689,13296,27133
406,2020-03-15,1,0,2020-05-22,4146,173,6071,410,2121220,330448,569986,246417,174677
407,2020-03-15,1,0,2020-05-22,1590,50,24027,16,312495,57302,65820,95857,92815
409,2020-03-15,1,0,2020-05-22,18,0,23015,4,34021,11973,10480,5626,2490
410,2020-03-15,1,0,2020-05-22,521,21,22087,8,45067,6771,7799,9549,5298
411,2020-03-15,1,0,2020-05-22,5568,537,25013,119,469188,103567,167034,42218,36149
412,2020-03-15,3,0,2020-05-22,7424,492,25023,47,509114,119899,136325,110866,55732
413,2020-03-15,1,0,2020-05-22,657,26,26139,22,280243,54457,81959,50570,37371
414,2020-03-15,1,0,2020-05-22,1780,52,17201,87,287512,65218,107129,21596,27099
415,2020-03-15,1,0,2020-05-22,133,10,17195,9,56823,14999,17799,8219,4591
416,2020-03-15,1,0,2020-05-22,173,16,17027,4,37640,8553,8805,10101,3446
417,2020-03-15,1,0,2020-05-22,117,6,15009,20,164094,37939,78196,1173,985
418,2020-03-15,1,0,2020-05-22,286,11,13217,10,105042,18455,17207,25405,10265
419,2020-03-15,1,0,2020-05-22,1097,96,18057,10,309687,49209,75774,76342,52159
420,2020-03-15,1,0,2020-05-22,37,0,21049,8,35757,8552,8719,6942,4948
421,2020-03-15,1,0,2020-05-22,3525,105,19153,112,467235,81860,211905,22991,64988
422,2020-03-15,2,0,2020-05-22,118,4,19005,0,13940,4004,4192,2562,1118
423,2020-03-16,1,0,2020-05-22,1162,43,37063,148,300865,51648,97580,44478,99486
424,2020-03-16,1,0,2020-05-22,248,27,39055,12,93895,23672,19423,26377,16145
425,2020-03-16,1,0,2020-05-22,123,3,40017,8,132922,23558,23429,38226,11362
426,2020-03-16,1,0,2020-05-22,55,5,41003,12,88249,18413,30157,8723,10147
427,2020-03-16,1,0,2020-05-22,231,24,28095,9,35967,9309,8405,5542,2502
428,2020-03-16,1,0,2020-05-22,180,8,36069,27,109491,27978,32239,20111,20517
429,2020-03-16,1,0,2020-05-22,46,0,33003,8,47524,16281,16830,5466,4759
430,2020-03-16,1,0,2020-05-22,77,8,29037,9,101888,22296,18215,29184,8177
431,2020-03-16,1,0,2020-05-22,86,10,28045,6,46277,11941,9902,8302,7573
432,2020-03-16,1,0,2020-05-22,938,55,34019,12,125717,30279,29468,34903,26970
433,2020-03-16,1,0,2020-05-22,1828,105,36067,152,467669,103054,201920,15257,44431
434,2020-03-16,2,0,2020-05-22,44,0,36003,6,47400,11338,13849,5977,2897
435,2020-03-16,4,0,2020-05-22,4416,392,34035,28,333316,67698,77232,89990,107106
436,2020-03-16,1,0,2020-05-22,67,3,51199,0,67196,14070,8592,23788,16047
437,2020-03-16,1,0,2020-05-22,552,4,51179,4,141159,19771,23234,44780,19394
438,2020-03-16,1,0,2020-05-22,8,0,50017,2,28901,7904,6476,8363,3112
439,2020-03-16,1,0,2020-05-22,228,1,49051,0,29306,4220,6251,5980,1560
440,2020-03-16,1,0,2020-05-22,9,0,55141,27,73427,18838,28424,7383,11273
441,2020-03-16,1,0,2020-05-22,174,5,55087,64,183288,35410,62760,32331,37279
442,2020-03-16,1,0,2020-05-22,108,0,49045,4,63357,8290,14021,11892,2832
443,2020-03-16,1,0,2020-05-22,155,9,45039,0,22868,6384,3385,5149,3790
444,2020-03-16,2,1,2020-05-22,67,5,48321,6,36744,8504,11285,4165,3182
445,2020-03-16,1,0,2020-05-22,176,11,48037,82,93635,20099,28676,6732,13166
446,2020-03-16,1,0,2020-05-22,70,2,47155,16,95523,23741,33240,10415,10326
447,2020-03-16,1,0,2020-05-22,740,25,12033,120,309924,68143,124398,13067,29007
448,2020-03-16,1,0,2020-05-22,266,15,12069,158,326215,107419,68370,51090,21071
449,2020-03-16,1,0,2020-05-22,444,12,13117,24,211300,33215,42508,48059,30681
450,2020-03-16,1,0,2020-05-22,966,8,5079,0,13885,2882,1780,1742,1061
451,2020-03-16,1,0,2020-05-22,18,0,5041,0,12094,3044,3292,991,1641
452,2020-03-16,1,0,2020-05-22,18,0,5025,0,8332,2195,842,2314,391
453,2020-03-16,1,0,2020-05-22,73,4,5023,0,25361,8437,6837,2668,1886
455,2020-03-16,1,0,2020-05-22,41,1,6057,10,98838,33612,29668,10724,6945
456,2020-03-16,1,0,2020-05-22,2269,41,13139,85,192865,36793,55871,26894,28354
457,2020-03-16,1,0,2020-05-22,73,1,24041,16,37461,12868,12349,4977,8989
458,2020-03-16,1,0,2020-05-22,1632,95,24021,18,246105,46881,71733,53410,33257
459,2020-03-16,1,0,2020-05-22,108,1,27013,29,65767,12070,26962,8604,13090
460,2020-03-16,1,0,2020-05-22,158,2,27009,0,39360,7326,6977,12786,8907
461,2020-03-16,1,0,2020-05-22,4966,255,17197,92,687727,116816,159128,167945,88973
462,2020-03-16,1,0,2020-05-22,176,7,17143,107,186145,40675,69524,14675,37537
463,2020-03-16,1,0,2020-05-22,785,54,22005,0,119129,18726,24490,29591,16155
464,2020-03-16,1,0,2020-05-22,238,9,13285,20,69433,13380,22499,5267,14571
465,2020-03-16,1,0,2020-05-22,273,11,13223,8,152399,21365,20511,47959,7295
466,2020-03-16,1,0,2020-05-22,460,36,18005,17,81024,16862,32409,5780,15691
467,2020-03-16,1,0,2020-05-22,313,40,18043,16,76481,16661,15216,21045,15468
468,2020-03-17,1,0,2020-05-22,345,1,37163,8,63664,14291,16513,9705,5051
469,2020-03-17,1,0,2020-05-22,1287,24,36105,10,75783,18426,21603,9533,5531
470,2020-03-17,1,0,2020-05-22,1442,41,38017,111,170620,27710,82990,9962,25120
471,2020-03-17,2,0,2020-05-22,23,0,39031,7,36602,9240,10654,4507,2400
472,2020-03-17,2,0,2020-05-22,128,0,38015,72,92372,18957,41684,6949,9593
473,2020-03-17,1,0,2020-05-22,212,5,37097,36,169798,34692,50464,23922,21131
474,2020-03-17,1,0,2020-05-22,79,3,36121,5,40886,9523,9848,8284,5531
475,2020-03-17,1,0,2020-05-22,146,16,39037,6,51919,13217,14279,8856,4460
476,2020-03-17,1,0,2020-05-22,252,11,39085,27,229701,58488,68862,46779,26862
477,2020-03-17,2,1,2020-05-22,66,2,41039,67,363471,90330,148796,6031,7544
478,2020-03-17,1,0,2020-05-22,29,2,40117,0,16448,4188,3171,3594,1088
479,2020-03-17,1,0,2020-05-22,1295,163,39099,67,231857,62316,72677,28166,29182
480,2020-03-17,1,0,2020-05-22,460,32,36083,12,159800,35905,34632,43766,23281
481,2020-03-17,1,0,2020-05-22,419,2,31153,8,175188,26946,36317,53064,27509
482,2020-03-17,1,0,2020-05-22,8,0,31107,0,8496,2628,3157,1044,454
483,2020-03-17,2,0,2020-05-22,2031,132,34015,14,291372,60833,63700,75338,40948
484,2020-03-17,2,0,2020-05-22,485,16,29095,274,688554,136794,235620,85242,144093
485,2020-03-17,1,0,2020-05-22,58,1,29051,25,76749,16261,30450,5019,18630
486,2020-03-17,1,0,2020-05-22,111,1,29019,110,174589,28350,79190,8973,14188
487,2020-03-17,1,0,2020-05-22,94,4,36019,21,81224,17868,31318,3332,2883
488,2020-03-17,1,0,2020-05-22,1118,123,34041,20,107088,24579,21965,30372,15098
489,2020-03-17,1,0,2020-05-22,22,0,35055,6,32809,10333,13039,937,892
490,2020-03-17,1,0,2020-05-22,550,71,42007,20,168161,45796,44988,34187,14237
491,2020-03-17,1,0,2020-05-22,612,18,53021,0,89124,11049,18701,17143,12415
493,2020-03-17,2,0,2020-05-22,1375,117,51087,53,324073,65204,86422,75006,81929
494,2020-03-17,1,0,2020-05-22,89,5,51075,0,22148,6309,2867,7375,9551
496,2020-03-17,1,0,2020-05-22,291,13,28059,48,141314,28610,40035,17891,15030
497,2020-03-17,1,0,2020-05-22,2,0,56029,4,29276,8475,14024,1091,1284
498,2020-03-17,2,0,2020-05-22,182,2,56021,15,97031,20072,45418,2164,4906
499,2020-03-17,4,0,2020-05-22,948,22,55059,27,167886,31603,43099,35639,16754
500,2020-03-17,1,0,2020-05-22,34,1,53045,6,61569,18441,12626,9263,3967
501,2020-03-17,1,0,2020-05-22,143,1,54037,5,55673,11916,11227,14615,6909
502,2020-03-17,1,0,2020-05-22,329,5,45091,24,251664,48997,65998,45082,25830
503,2020-03-17,1,0,2020-05-22,1333,62,45079,211,404869,68651,153326,37877,75200
504,2020-03-17,1,0,2020-05-22,9,1,45017,0,14808,4258,1761,4456,1252
505,2020-03-17,2,0,2020-05-22,656,50,48303,267,298042,49312,131247,7920,9143
506,2020-03-17,2,0,2020-05-22,266,12,48139,18,164092,29137,37900,35338,12728
507,2020-03-17,1,0,2020-05-22,383,18,48041,48,214231,26525,88215,7969,11912
508,2020-03-17,1,0,2020-05-22,380,11,12009,159,568183,170919,208024,18133,9746
509,2020-03-17,1,0,2020-05-22,4048,119,10005,38,215551,71832,67155,21284,13495
510,2020-03-17,1,0,2020-05-22,840,49,12105,145,652256,169578,191505,49657,25928
511,2020-03-17,1,0,2020-05-22,1470,53,4017,12,107902,24267,28352,2805,3636
513,2020-03-17,1,0,2020-05-22,98,1,1115,6,86937,18943,13122,23213,6478
514,2020-03-17,1,0,2020-05-22,286,4,1089,100,353213,70040,152471,9554,43165
515,2020-03-17,1,0,2020-05-22,230,6,28047,57,200491,38987,74626,12477,24161
516,2020-03-17,1,0,2020-05-22,1705,28,6029,144,878744,130831,301473,18316,21087
517,2020-03-17,2,0,2020-05-22,371,8,6053,27,433168,76257,159164,19931,18021
518,2020-03-17,1,0,2020-05-22,523,18,13245,264,201568,38152,64662,15991,56855
519,2020-03-17,1,0,2020-05-22,331,8,23031,14,201454,52544,59840,41851,12475
520,2020-03-17,1,0,2020-05-22,19,0,23017,6,57230,16027,15056,9317,3776
521,2020-03-17,1,0,2020-05-22,124,9,23011,16,121289,31337,45061,11493,14662
522,2020-03-17,1,0,2020-05-22,389,37,22117,13,46449,11494,9870,4859,2639
523,2020-03-17,1,0,2020-05-22,249,7,13313,34,103963,18625,36398,8279,19252
524,2020-03-17,1,0,2020-05-22,63,3,27103,0,33477,6976,8841,9420,7920
525,2020-03-17,2,0,2020-05-22,124,5,27091,0,20084,5976,8251,1799,1441
526,2020-03-17,1,0,2020-05-22,430,26,26075,51,158989,36118,47593,16641,12521
527,2020-03-17,1,0,2020-05-22,100,10,26137,4,24247,6554,8836,1755,3056
528,2020-03-17,2,0,2020-05-22,112,9,18047,7,22835,5422,3373,7478,1799
529,2020-03-17,1,0,2020-05-22,81,0,15001,24,196325,52582,78955,1381,878
530,2020-03-17,1,0,2020-05-22,20,0,16065,4,38241,3374,12502,3253,4278
531,2020-03-17,2,0,2020-05-22,3157,178,18089,188,488694,104898,143588,63846,52847
532,2020-03-17,1,0,2020-05-22,14,3,21143,0,8268,2744,1182,1422,792
533,2020-03-17,1,0,2020-05-22,3370,227,22033,124,446167,81150,186369,24975,80483
534,2020-03-17,1,0,2020-05-22,1558,2,20057,10,34658,5103,14860,1181,2097
535,2020-03-17,1,0,2020-05-22,6,0,19001,0,7192,2161,2082,1623,886
536,2020-03-17,1,0,2020-05-22,1663,37,19013,24,132960,28271,61105,4792,14234
537,2020-03-17,1,0,2020-05-22,63,0,20045,10,117806,18450,44266,16065,9446
538,2020-03-18,1,0,2020-05-22,143,3,37129,57,219866,48907,91593,10636,27681
539,2020-03-18,1,0,2020-05-22,184,5,39023,38,135520,33970,37879,19874,10509
540,2020-03-18,2,0,2020-05-22,64,2,38059,0,30059,6275,7229,8936,4091
541,2020-03-18,1,0,2020-05-22,17,0,39005,6,53299,12790,14226,9223,5477
542,2020-03-18,1,0,2020-05-22,125,10,37125,68,94191,28522,27553,9738,8592
543,2020-03-18,1,0,2020-05-22,246,28,36113,24,64701,17940,22718,8443,14929
544,2020-03-18,1,0,2020-05-22,224,11,36115,0,62183,15438,12715,15270,5325
545,2020-03-18,1,0,2020-05-22,56,0,37109,10,80504,18644,15869,20241,8883
546,2020-03-18,1,0,2020-05-22,220,6,37071,74,214049,46215,51997,37647,19538
547,2020-03-18,1,0,2020-05-22,977,50,37081,142,517197,102558,196390,35632,83688
548,2020-03-18,1,0,2020-05-22,175,1,37093,0,52571,7093,5830,13955,3987
549,2020-03-18,1,0,2020-05-22,282,11,39041,6,193024,34052,37292,55997,38442
550,2020-03-18,1,0,2020-05-22,214,5,42001,8,101589,26312,25313,24117,9540
551,2020-03-18,1,0,2020-05-22,48,1,39077,12,58497,13292,15431,11024,7980
552,2020-03-18,1,0,2020-05-22,337,30,39109,10,104081,25472,28424,20185,13301
553,2020-03-18,2,0,2020-05-22,54,0,33001,10,60383,17260,18326,11703,6910
554,2020-03-18,1,0,2020-05-22,307,13,33013,18,147958,34833,49685,25542,29199
555,2020-03-18,3,0,2020-05-22,1919,130,34001,64,272926,62613,101899,22893,27658
556,2020-03-18,1,0,2020-05-22,726,54,29183,39,385115,74900,98096,97716,41422
557,2020-03-18,1,0,2020-05-22,46,2,31111,19,35569,8746,16336,736,1591
558,2020-03-18,1,0,2020-05-22,258,11,31001,10,31564,7465,12794,2636,2459
560,2020-03-18,1,0,2020-05-22,5,0,36041,0,4646,1721,1093,716,360
561,2020-03-18,1,0,2020-05-22,72,0,36045,10,116567,19760,51101,2805,6495
562,2020-03-18,1,0,2020-05-22,114,4,36051,0,64373,14878,15916,13541,6552
563,2020-03-18,1,0,2020-05-22,44,0,36031,0,38233,11100,12933,4445,4122
564,2020-03-18,1,0,2020-05-22,118,2,36017,7,48763,12688,14252,6876,4495
565,2020-03-18,1,0,2020-05-22,3838,283,42011,71,415500,93051,144733,48839,30293
567,2020-03-18,1,1,2020-05-22,826,61,53005,44,190529,37874,64124,16593,19564
568,2020-03-18,1,0,2020-05-22,25,1,51036,0,7022,2156,704,2572,1020
569,2020-03-18,1,0,2020-05-22,48,0,55063,52,117582,24464,55322,6130,15522
570,2020-03-18,2,0,2020-05-22,178,4,55131,12,133967,30378,34829,36572,20013
571,2020-03-18,1,0,2020-05-22,100,1,56039,6,22923,4298,13175,668,4218
572,2020-03-18,1,0,2020-05-22,13,0,54055,29,60963,16998,17692,5437,4743
573,2020-03-18,1,0,2020-05-22,2204,31,55009,60,258004,49706,115760,12945,32169
574,2020-03-18,2,0,2020-05-22,74,0,49005,14,120288,15104,49077,4975,3982
575,2020-03-18,1,0,2020-05-22,181,13,45061,0,17897,4150,2263,3775,1449
576,2020-03-18,1,0,2020-05-22,100,0,47021,0,39713,7818,5410,12779,3553
577,2020-03-18,2,0,2020-05-22,1451,148,42069,51,211960,54892,76623,19131,21872
578,2020-03-18,2,0,2020-05-22,895,22,42133,60,442216,99386,145129,68027,33481
579,2020-03-18,1,0,2020-05-22,8,1,48285,3,19859,6001,5672,3134,1252
580,2020-03-18,5,0,2020-05-22,107,4,48309,54,245720,46694,99509,6309,12429
581,2020-03-18,1,0,2020-05-22,64,2,48325,0,48548,10696,8673,10597,3025
582,2020-03-18,1,0,2020-05-22,498,18,48479,56,269624,34315,92821,3746,3967
583,2020-03-18,1,0,2020-05-22,82,2,48485,24,131778,25521,56671,3347,7718
584,2020-03-18,4,0,2020-05-22,528,21,48491,90,508313,81426,119409,110830,48408
585,2020-03-18,1,0,2020-05-22,25,1,49003,0,52182,9213,14049,7234,4528
586,2020-03-18,1,0,2020-05-22,42,2,48401,0,53026,11467,11331,9462,4808
587,2020-03-18,1,0,2020-05-22,335,0,47147,8,68575,13369,14194,16455,6848
588,2020-03-18,2,0,2020-05-22,792,42,47165,38,175730,36997,42078,38720,14095
589,2020-03-18,1,0,2020-05-22,40,2,28111,0,12047,2963,1691,2350,915
590,2020-03-18,1,0,2020-05-22,328,6,12073,60,285890,49057,130380,7476,26408
591,2020-03-18,1,0,2020-05-22,12,0,8125,0,10109,2385,4506,288,524
592,2020-03-18,1,0,2020-05-22,992,135,9007,24,164110,41372,41715,44932,29896
593,2020-03-18,3,0,2020-05-22,1296,56,10001,29,173145,36849,53645,22059,13367
594,2020-03-18,1,0,2020-05-22,339,16,13153,36,150341,25522,49744,14949,16117
595,2020-03-18,1,0,2020-05-22,252,17,12119,0,116754,74936,14014,7500,11645
596,2020-03-18,1,0,2020-05-22,100,7,12131,28,63457,16604,16944,7835,8433
597,2020-03-18,1,0,2020-05-22,223,6,13073,0,143723,26092,19068,43364,12213
598,2020-03-18,1,0,2020-05-22,16,1,5011,0,10994,2825,2988,1064,822
599,2020-03-18,1,0,2020-05-22,98,3,5045,25,121282,19658,38558,17665,8345
600,2020-03-18,1,0,2020-05-22,213,5,5143,61,223683,34691,82877,18631,19746
601,2020-03-18,1,0,2020-05-22,137,3,1015,24,115527,27115,36659,9682,10880
602,2020-03-18,1,0,2020-05-22,979,69,4005,41,138639,23195,58932,5099,4615
603,2020-03-18,1,0,2020-05-22,85,2,1121,14,80888,18842,18728,10987,10718
605,2020-03-18,1,0,2020-05-22,21,0,6045,14,87497,24313,33177,2513,3018
606,2020-03-18,1,0,2020-05-22,310,46,25011,6,70926,19773,22087,14388,7367
607,2020-03-18,1,0,2020-05-22,98,1,23019,51,152284,36356,63935,6888,9512
608,2020-03-18,2,0,2020-05-22,134,10,28011,8,33121,6690,9653,2052,2160
609,2020-03-18,2,0,2020-05-22,92,3,28027,10,24296,4799,6611,1819,2342
610,2020-03-18,1,0,2020-05-22,328,2,27131,4,65251,13206,22012,10875,7207
611,2020-03-18,1,0,2020-05-22,442,6,28033,44,173267,29708,34446,46954,19275
612,2020-03-18,1,0,2020-05-22,618,20,28089,7,102212,18766,25233,22854,27992
613,2020-03-18,1,0,2020-05-22,453,45,18019,25,114893,23978,25933,27885,20836
614,2020-03-18,1,0,2020-05-22,83,4,18041,20,23426,6065,5662,3467,1464
615,2020-03-18,1,0,2020-05-22,127,6,18079,0,27840,6079,5801,6329,2438
616,2020-03-18,1,0,2020-05-22,585,66,18095,21,129641,30680,33193,20457,10142
617,2020-03-18,1,0,2020-05-22,54,1,17199,26,67477,16353,19523,9378,9225
618,2020-03-18,1,0,2020-05-22,18,0,17189,0,14260,3641,4070,2919,3262
619,2020-03-18,1,0,2020-05-22,374,19,16083,30,82248,16621,31190,4419,5078
620,2020-03-18,1,0,2020-05-22,197,10,17077,21,59115,11301,19364,5598,9182
621,2020-03-18,1,0,2020-05-22,1041,47,17091,56,110801,23667,36887,11766,8197
622,2020-03-18,3,0,2020-05-22,680,22,17093,0,122933,16292,17188,43054,14718
623,2020-03-18,1,0,2020-05-22,130,10,17099,13,111151,27315,35616,14773,10603
624,2020-03-18,1,0,2020-05-22,516,49,17119,58,266153,60531,75928,46894,29580
625,2020-03-18,1,0,2020-05-22,24,0,21073,10,49969,11999,17986,4304,14830
626,2020-03-18,1,0,2020-05-22,520,32,21117,54,163987,31245,30670,47335,33085
627,2020-03-18,1,0,2020-05-22,917,5,21227,52,123824,21484,47980,7024,14638
628,2020-03-18,2,0,2020-05-22,1069,7,20103,10,79359,15061,20072,14174,6871
629,2020-03-18,1,0,2020-05-22,178,8,19183,0,22095,5388,6201,4850,2427
630,2020-03-18,1,0,2020-05-22,21,0,19191,0,20575,5243,10139,1851,2287
631,2020-03-19,1,0,2020-05-22,49,0,36095,0,31611,8559,7666,6076,3079
632,2020-03-19,1,0,2020-05-22,104,1,36117,8,91442,22194,22166,20111,8311
633,2020-03-19,1,0,2020-05-22,18,1,40083,0,45326,9257,6800,13245,2309
634,2020-03-19,1,0,2020-05-22,95,2,40087,0,37919,7891,5969,10492,4428
635,2020-03-19,1,0,2020-05-22,309,33,40147,8,51867,12914,18594,4075,5112
636,2020-03-19,1,0,2020-05-22,72,2,40051,9,54351,11298,12298,11590,3569
637,2020-03-19,1,0,2020-05-22,12,0,40039,4,29169,5338,11660,2281,2710
638,2020-03-19,2,0,2020-05-22,2279,124,39061,297,808703,169087,304943,71377,192548
639,2020-03-19,1,0,2020-05-22,561,14,39113,196,531987,124285,180214,52927,74202
640,2020-03-19,1,0,2020-05-22,178,3,39139,37,121533,30674,40058,9660,11462
641,2020-03-19,1,0,2020-05-22,4,0,30007,0,5755,1828,1459,1197,413
642,2020-03-19,1,0,2020-05-22,37,2,30029,22,96147,24545,40745,1931,1415
643,2020-03-19,1,0,2020-05-22,8,1,30057,0,7902,3066,2750,974,837
644,2020-03-19,1,0,2020-05-22,7,0,30085,0,11218,1796,3204,299,834
645,2020-03-19,1,0,2020-05-22,3,0,31127,0,7041,1894,2603,837,1136
646,2020-03-19,1,0,2020-05-22,22,1,32007,7,52377,8008,21210,4490,2761
647,2020-03-19,1,0,2020-05-22,343,22,28051,0,18267,3568,2819,2364,777
648,2020-03-19,1,0,2020-05-22,422,12,28067,14,68328,14853,20411,5615,7976
649,2020-03-19,1,0,2020-05-22,578,10,28123,0,28399,5665,7031,3542,4726
650,2020-03-19,1,0,2020-05-22,50,0,28147,0,14670,3582,1948,3212,828
651,2020-03-19,1,0,2020-05-22,81,9,28157,0,9084,2046,1412,1436,1070
652,2020-03-19,1,0,2020-05-22,92,0,28159,0,18482,4963,4502,2419,1311
653,2020-03-19,1,0,2020-05-22,198,2,28163,0,27496,4778,5084,3142,1857
654,2020-03-19,1,0,2020-05-22,10,0,35047,8,28203,7333,7247,2479,1078
655,2020-03-19,1,0,2020-05-22,545,46,34009,16,94549,31925,32285,10047,9695
656,2020-03-19,2,0,2020-05-22,1075,141,34037,10,143570,32694,32414,41538,11616
657,2020-03-19,1,0,2020-05-22,25,0,53009,19,73439,26654,25556,1801,880
658,2020-03-19,3,1,2020-05-22,133,11,55089,46,87817,21950,22493,22227,18148
659,2020-03-19,1,0,2020-05-22,77,3,55111,10,63340,15064,24807,7284,9992
660,2020-03-19,2,0,2020-05-22,329,11,55127,16,102917,22640,31972,18983,13091
661,2020-03-19,1,0,2020-05-22,89,0,55035,48,102388,20349,43246,10037,16933
662,2020-03-19,4,0,2020-05-22,37,1,55021,10,56790,13488,14325,14829,7025
663,2020-03-19,1,0,2020-05-22,120,5,54061,119,103715,16742,41543,5903,17925
664,2020-03-19,2,0,2020-05-22,4,0,54093,0,7035,2245,2117,902,639
665,2020-03-19,1,0,2020-05-22,3,1,55007,0,15004,5390,3846,2903,829
666,2020-03-19,1,0,2020-05-22,67,1,55015,0,49737,9760,8553,17891,6453
667,2020-03-19,1,0,2020-05-22,25,1,48467,0,53607,14526,10360,11047,2941
668,2020-03-19,1,0,2020-05-22,126,3,45035,0,151716,28002,24782,42234,13770
669,2020-03-19,1,0,2020-05-22,36,0,45001,6,24788,7042,3794,5265,1879
670,2020-03-19,1,0,2020-05-22,132,0,45081,0,20228,4901,3537,4454,2319
671,2020-03-19,2,0,2020-05-22,2736,278,42071,64,536494,122633,212078,42843,29193
672,2020-03-19,1,0,2020-05-22,892,24,42075,18,137616,34280,40007,23703,14459
673,2020-03-19,2,0,2020-05-22,436,38,42129,51,356835,103773,110258,59974,34300
674,2020-03-19,1,0,2020-05-22,3,0,48103,0,4836,798,1403,551,566
675,2020-03-19,1,0,2020-05-22,17,1,48123,0,20474,5292,5554,2225,3113
676,2020-03-19,2,0,2020-05-22,173,4,48251,35,160173,30241,31496,36874,12506
677,2020-03-19,1,0,2020-05-22,671,32,48061,104,420201,71392,132877,13180,9524
678,2020-03-19,1,0,2020-05-22,97,1,47035,12,58178,21229,16604,3233,3426
679,2020-03-19,1,0,2020-05-22,46,0,47045,10,37751,8344,12359,3460,3723
680,2020-03-19,1,0,2020-05-22,218,3,47125,21,192120,25156,51250,31445,10133
681,2020-03-19,2,0,2020-05-22,68,0,47179,76,126437,29936,40656,15461,23015
682,2020-03-19,2,0,2020-05-22,343,8,47189,12,128874,27113,27057,31245,16674
683,2020-03-19,4,0,2020-05-22,110,5,12053,44,179144,61882,36359,20626,7121
684,2020-03-19,1,0,2020-05-22,112,9,12061,40,147981,57277,42648,9361,9340
685,2020-03-19,1,0,2020-05-22,219,0,12063,7,48571,12035,11356,4043,3586
686,2020-03-19,1,0,2020-05-22,476,9,12085,74,155719,57914,39364,20411,22509
687,2020-03-19,1,0,2020-05-22,5,0,8049,0,14793,3858,7255,839,564
688,2020-03-19,1,0,2020-05-22,591,40,8087,6,28123,6047,11731,1357,1221
689,2020-03-19,4,0,2020-05-22,796,55,9013,16,151596,31539,31771,44209,17893
690,2020-03-19,1,0,2020-05-22,348,14,9015,6,116674,25482,30307,26580,12241
691,2020-03-19,2,0,2020-05-22,83,1,13127,24,83467,20679,32462,2914,8545
692,2020-03-19,2,0,2020-05-22,96,1,13175,16,47451,10610,13845,2823,4242
693,2020-03-19,1,0,2020-05-22,70,3,13225,0,27027,5201,4475,6909,4801
694,2020-03-19,1,0,2020-05-22,257,9,13247,16,88482,17124,15750,20905,21381
695,2020-03-19,1,0,2020-05-22,61,1,13103,0,57087,9061,7973,17210,3272
696,2020-03-19,2,1,2020-05-22,234,29,13099,0,10405,2739,2210,1510,1431
697,2020-03-19,1,0,2020-05-22,423,20,13021,117,153923,31993,49040,9724,32298
698,2020-03-19,1,0,2020-05-22,131,0,4023,0,46358,10530,14694,2386,2759
699,2020-03-19,1,0,2020-05-22,284,6,4025,39,220972,85127,72357,7088,3255
700,2020-03-19,1,0,2020-05-22,212,0,5007,30,251823,44616,91493,17659,24896
701,2020-03-19,1,0,2020-05-22,5,0,5009,24,37212,9809,12544,2495,3638
702,2020-03-19,1,0,2020-05-22,36,0,5019,0,22495,5000,6875,2741,2292
703,2020-03-19,1,0,2020-05-22,174,0,5031,66,104246,19242,39576,5122,9614
704,2020-03-19,1,0,2020-05-22,16,0,5053,0,18076,4063,3002,4478,1101
705,2020-03-19,1,0,2020-05-22,42,0,5055,8,44197,9006,12786,4553,3909
706,2020-03-19,1,0,2020-05-22,27,0,5063,12,37097,8706,12752,2148,3995
707,2020-03-19,1,0,2020-05-22,31,2,5111,0,24098,5793,4623,4281,1533
708,2020-03-19,1,0,2020-05-22,276,8,5035,0,49278,9487,11635,8133,4136
709,2020-03-19,1,0,2020-05-22,9,0,5113,6,20212,5939,6602,780,871
710,2020-03-19,1,0,2020-05-22,330,23,1017,0,33895,8501,5403,8129,2950
711,2020-03-19,1,0,2020-05-22,1916,107,1097,157,414328,88103,153297,15422,26164
712,2020-03-19,1,0,2020-05-22,179,1,1127,12,64927,16386,16221,7287,4537
713,2020-03-19,1,0,2020-05-22,100,1,5115,11,63372,12757,22103,4903,5863
714,2020-03-19,1,1,2020-05-22,44,1,8025,0,5514,1074,863,593,670
715,2020-03-19,1,0,2020-05-22,6,0,5129,0,7925,2684,1695,1109,331
716,2020-03-19,1,0,2020-05-22,18,0,5131,69,127362,26807,45773,8554,23619
717,2020-03-19,1,0,2020-05-22,62,1,5133,0,17206,3266,4548,2430,1111
718,2020-03-19,1,0,2020-05-22,28,2,5141,0,16751,5519,3319,1985,1226
719,2020-03-19,1,0,2020-05-22,292,15,24009,4,90824,18153,17293,27776,6497
720,2020-03-19,1,0,2020-05-22,854,22,24045,24,102014,21277,35400,11573,12400
721,2020-03-19,1,0,2020-05-22,541,40,22047,0,33122,6966,6645,6033,9518
722,2020-03-19,3,0,2020-05-22,637,23,22055,80,238230,41592,97772,16544,44255
723,2020-03-19,1,0,2020-05-22,366,26,22063,0,137096,24235,20422,39778,7222
724,2020-03-19,1,0,2020-05-22,198,16,22075,0,23394,4024,6301,3997,12319
725,2020-03-19,1,1,2020-05-22,289,25,22093,0,21485,4921,4305,4535,4898
726,2020-03-19,2,0,2020-05-22,247,52,22097,16,83580,17636,17473,12940,6358
727,2020-03-19,1,0,2020-05-22,128,5,22119,16,40043,10020,9749,5310,3332
728,2020-03-19,2,0,2020-05-22,154,30,22121,0,25518,4884,3906,7518,7610
729,2020-03-19,1,0,2020-05-22,388,36,22045,11,73346,14679,21749,9296,10301
730,2020-03-19,1,0,2020-05-22,812,76,25015,11,161197,34945,53456,28444,23080
731,2020-03-19,1,0,2020-05-22,112,1,27099,0,39386,9579,14320,4386,3555
732,2020-03-19,1,0,2020-05-22,316,2,27139,0,141463,20208,26843,46413,21822
733,2020-03-19,1,0,2020-05-22,136,10,26037,2,77321,16938,11591,24101,8849
734,2020-03-19,2,0,2020-05-22,173,6,26045,0,108586,26110,23230,27456,23523
735,2020-03-19,1,0,2020-05-22,1929,240,26049,151,410881,93094,117459,40777,27124
736,2020-03-19,3,0,2020-05-22,390,26,26093,8,186946,41663,39999,50428,17571
737,2020-03-19,1,0,2020-05-22,79,8,26111,26,83489,19242,26558,10117,13168
738,2020-03-19,1,0,2020-05-22,29,1,18119,0,20957,5415,3556,5564,1974
739,2020-03-19,1,0,2020-05-22,567,43,22019,75,198753,39284,78135,6626,11948
740,2020-03-19,1,0,2020-05-22,350,3,18157,30,186081,28594,77406,7340,18141
741,2020-03-19,1,0,2020-05-22,101,3,21047,18,72438,11300,25771,4623,27864
742,2020-03-19,1,0,2020-05-22,300,6,21059,32,99258,22152,37475,5506,7582
743,2020-03-19,1,0,2020-05-22,53,2,21199,38,63974,15846,22605,2592,4507
744,2020-03-19,1,0,2020-05-22,34,0,21209,6,52322,8436,14962,9835,13419
745,2020-03-19,1,0,2020-05-22,195,5,18177,30,66972,16958,23107,4930,6729
746,2020-03-19,1,0,2020-05-22,238,11,22007,0,22881,5211,2879,6299,853
747,2020-03-19,1,0,2020-05-22,545,21,20173,236,510484,97508,225669,12313,29940
748,2020-03-19,1,0,2020-05-22,103,4,21101,12,46252,10871,13751,6185,5249
749,2020-03-19,1,0,2020-05-22,7,0,20107,0,9602,2635,1650,2288,1058
750,2020-03-19,2,0,2020-05-22,3,0,20127,0,5605,1854,1756,1058,474
751,2020-03-19,1,0,2020-05-22,307,16,19061,18,96571,22155,45996,3440,11755
752,2020-03-19,1,0,2020-05-22,540,38,19139,5,42923,9608,15933,4887,6530
753,2020-03-19,1,0,2020-05-22,9,0,20021,0,20501,5088,4647,4651,2007
754,2020-03-20,1,0,2020-05-22,597,27,37159,20,138940,31195,36067,19524,13361
755,2020-03-20,1,0,2020-05-22,95,8,37139,10,39546,8584,12063,5203,5598
756,2020-03-20,1,0,2020-05-22,37,4,37167,10,60875,14861,16849,8751,4120
757,2020-03-20,1,0,2020-05-22,246,2,37147,71,176484,30269,66702,12827,14358
758,2020-03-20,1,0,2020-05-22,4,0,38069,0,4272,1309,1752,417,412
759,2020-03-20,1,0,2020-05-22,9,1,38071,0,11574,2909,5289,750,1097
760,2020-03-20,1,0,2020-05-22,272,30,39007,19,98622,25127,27895,11839,4704
761,2020-03-20,1,0,2020-05-22,476,49,39029,20,104584,27542,24601,19643,8194
762,2020-03-20,3,0,2020-05-22,291,39,37135,13,141812,25896,39013,29518,36906
763,2020-03-20,1,0,2020-05-22,35,9,37031,8,68699,21116,22325,7536,4737
764,2020-03-20,1,0,2020-05-22,332,11,37057,29,164118,37797,33122,36648,11900
765,2020-03-20,4,0,2020-05-22,138,20,37069,0,63866,14275,9803,16307,4417
766,2020-03-20,1,0,2020-05-22,6,0,41061,4,25810,6683,10137,719,744
767,2020-03-20,1,0,2020-05-22,1,0,41023,0,7209,2694,2611,214,97
768,2020-03-20,1,0,2020-05-22,138,5,42027,0,160646,29386,66332,7497,14725
769,2020-03-20,1,0,2020-05-22,2581,18,39101,15,65483,15039,18282,6635,7022
770,2020-03-20,1,0,2020-05-22,40,0,39159,7,54688,8714,13211,11717,18629
771,2020-03-20,2,0,2020-05-22,310,18,39165,57,223868,42520,42607,61477,45630
772,2020-03-20,1,0,2020-05-22,15,1,40049,0,27751,6609,7847,2690,3993
773,2020-03-20,1,0,2020-05-22,91,8,29201,12,38858,9126,10512,6452,6405
774,2020-03-20,1,0,2020-05-22,137,1,31019,34,48834,9288,23998,2793,3887
775,2020-03-20,1,0,2020-05-22,1005,8,31109,108,306357,55100,149092,9902,17975
776,2020-03-20,1,0,2020-05-22,60,1,32023,0,43296,15960,10647,3137,2491
777,2020-03-20,1,0,2020-05-22,51,2,33005,27,76109,19389,30058,8784,6177
778,2020-03-20,1,0,2020-05-22,127,10,28129,0,16114,3931,2313,3934,1577
779,2020-03-20,3,0,2020-05-22,69,11,28139,0,21993,4899,5406,2804,1525
780,2020-03-20,2,0,2020-05-22,21,0,29043,0,83028,16810,11735,25363,6502
781,2020-03-20,1,0,2020-05-22,25,2,29069,0,30905,7240,8051,3454,1992
782,2020-03-20,1,0,2020-05-22,36,1,29169,0,53132,6246,26306,1805,5973
783,2020-03-20,1,0,2020-05-22,356,34,36021,9,61481,18429,17728,11552,6976
784,2020-03-20,1,0,2020-05-22,189,11,36035,8,53955,13782,14241,9295,4552
785,2020-03-20,1,0,2020-05-22,189,4,36037,10,58537,13935,18056,11097,7281
786,2020-03-20,3,0,2020-05-22,897,40,36063,32,212675,52917,59899,38903,15712
787,2020-03-20,2,0,2020-05-22,828,41,36065,51,232324,56184,88331,13137,20130
788,2020-03-20,1,0,2020-05-22,1921,61,34011,36,154952,30141,45043,16311,16690
790,2020-03-20,1,0,2020-05-22,2086,87,35031,5,72849,11923,20212,2238,2561
791,2020-03-20,1,0,2020-05-22,697,28,42055,24,153003,38030,48776,21366,12306
795,2020-03-20,2,0,2020-05-22,71,0,53015,18,103590,26255,31339,8261,6942
796,2020-03-20,1,0,2020-05-22,62,2,50001,0,36825,9459,13547,5481,2569
797,2020-03-20,1,0,2020-05-22,51,1,50021,13,59676,16414,25530,3971,3432
798,2020-03-20,1,0,2020-05-22,711,11,51001,10,32840,9713,10922,3289,2214
799,2020-03-20,1,0,2020-05-22,30,1,51073,7,37035,9239,7401,10428,3306
800,2020-03-20,1,0,2020-05-22,75,3,55055,4,84586,18308,23222,20226,9790
801,2020-03-20,1,0,2020-05-22,36,1,55073,52,135293,30856,58518,10462,12548
802,2020-03-20,1,0,2020-05-22,520,15,55105,33,161226,34912,51579,22609,11201
803,2020-03-20,2,0,2020-05-22,58,0,55109,0,87142,16229,21903,23315,11749
804,2020-03-20,1,0,2020-05-22,30,0,56005,14,48116,6482,25287,722,4307
805,2020-03-20,1,0,2020-05-22,68,0,56025,14,81023,16036,38831,1794,2705
806,2020-03-20,1,0,2020-05-22,49,0,55045,6,36869,8908,11936,7568,5174
807,2020-03-20,1,0,2020-05-22,21,0,55033,0,44260,9015,14363,7623,4291
808,2020-03-20,1,0,2020-05-22,15,0,53055,0,16221,6649,6962,381,438
809,2020-03-20,1,0,2020-05-22,10,1,53065,0,43858,13171,10517,5076,1381
810,2020-03-20,1,0,2020-05-22,135,18,54035,0,29123,7844,6150,4622,2078
811,2020-03-20,1,0,2020-05-22,214,18,54039,156,187827,49628,73749,8336,28928
812,2020-03-20,3,0,2020-05-22,325,6,28121,18,149645,29151,34397,33787,25412
813,2020-03-20,1,0,2020-05-22,46,0,55017,6,63445,14882,18128,12549,7841
814,2020-03-20,1,0,2020-05-22,16,0,55031,0,43503,10444,12633,8383,5134
815,2020-03-20,1,0,2020-05-22,190,4,42049,88,277794,63334,121059,5351,10146
816,2020-03-20,2,0,2020-05-22,122,2,45075,20,89116,22393,25025,8041,7684
817,2020-03-20,1,0,2020-05-22,110,3,45077,15,121449,25531,27285,22386,13060
818,2020-03-20,1,1,2020-05-22,574,30,45041,98,138537,30487,48416,9134,18844
819,2020-03-20,1,0,2020-05-22,339,17,45085,17,107379,22798,35121,8162,8715
820,2020-03-20,1,0,2020-05-22,37,1,47001,25,75538,19563,20319,10745,26619
821,2020-03-20,1,0,2020-05-22,78,3,47009,16,127135,32770,34264,21158,12612
822,2020-03-20,1,0,2020-05-22,90,1,47011,27,103666,22968,31837,10966,10165
823,2020-03-20,1,0,2020-05-22,242,6,45031,12,67572,16204,14632,10822,6932
824,2020-03-20,1,0,2020-05-22,4,0,42105,4,17070,5099,4828,1964,1740
825,2020-03-20,1,0,2020-05-22,166,7,45003,35,165707,41209,47319,21058,17252
826,2020-03-20,1,0,2020-05-22,211,15,45015,0,204632,37127,38077,49369,20935
827,2020-03-20,1,0,2020-05-22,289,36,45027,6,34156,10223,5511,5586,2577
828,2020-03-20,2,0,2020-05-22,101,0,47043,6,51341,10824,11773,9759,4946
829,2020-03-20,1,0,2020-05-22,29,2,48147,2,33787,8521,7039,5984,2301
830,2020-03-20,1,0,2020-05-22,27,1,48219,0,23273,4565,7263,3136,2882
831,2020-03-20,1,0,2020-05-22,18,0,48459,0,40506,9637,6339,10028,2388
832,2020-03-20,1,0,2020-05-22,21,0,48067,0,30118,8380,7105,4676,1969
833,2020-03-20,1,0,2020-05-22,47,2,47059,6,68520,18918,21775,5232,4417
834,2020-03-20,1,0,2020-05-22,25,2,47063,20,63465,14917,19050,5745,10890
835,2020-03-20,1,0,2020-05-22,78,0,47119,65,87606,18777,22431,15790,10646
836,2020-03-20,1,0,2020-05-22,423,2,47167,7,61434,11660,10056,16764,2620
837,2020-03-20,1,0,2020-05-22,55,7,48049,12,37787,9428,13457,1363,1818
838,2020-03-20,1,0,2020-05-22,190,11,28113,28,39763,8664,11208,2920,4048
839,2020-03-20,1,0,2020-05-22,101,3,12087,14,76745,22310,36257,2315,5832
840,2020-03-20,1,0,2020-05-22,23,0,8113,0,7804,1475,4054,318,1021
841,2020-03-20,1,0,2020-05-22,910,72,9011,32,270772,63495,110317,26738,28148
842,2020-03-20,14,0,2020-05-22,439,24,13045,18,114898,20423,28306,18342,13592
843,2020-03-20,1,0,2020-05-22,38,0,13201,0,5884,1561,1093,1236,607
844,2020-03-20,1,0,2020-05-22,114,8,13207,0,26795,6594,3994,6505,3728
845,2020-03-20,1,0,2020-05-22,509,17,13215,61,198647,34483,72814,13290,39853
846,2020-03-20,1,0,2020-05-22,103,5,13219,0,35972,7602,4966,11004,7305
847,2020-03-20,2,0,2020-05-22,41,3,13227,6,30343,8464,6572,5945,4049
848,2020-03-20,1,0,2020-05-22,170,19,13243,0,7206,2258,1937,537,487
849,2020-03-20,2,0,2020-05-22,250,14,13255,22,64192,14777,11503,11411,9451
850,2020-03-20,2,0,2020-05-22,436,40,13261,10,30687,6539,8473,2562,3551
851,2020-03-20,2,0,2020-05-22,209,26,13273,0,8978,2148,1495,1557,810
852,2020-03-20,1,0,2020-05-22,212,14,13277,20,40531,8091,13154,2630,7687
853,2020-03-20,1,0,2020-05-22,92,12,13287,0,8036,2004,1532,1298,679
854,2020-03-20,2,0,2020-05-22,204,20,13321,0,20809,5131,2681,5586,1388
855,2020-03-20,1,0,2020-05-22,15,0,13181,0,7768,2318,1206,1845,183
856,2020-03-20,2,0,2020-05-22,428,21,13051,78,285506,56014,115610,10130,36649
857,2020-03-20,1,0,2020-05-22,101,1,13085,0,23397,6208,3263,6428,4634
858,2020-03-20,1,0,2020-05-22,478,22,13097,8,140152,22028,22953,37459,20926
859,2020-03-20,1,0,2020-05-22,26,2,13149,0,11607,2692,1237,3122,765
860,2020-03-20,1,0,2020-05-22,50,1,13171,0,18282,3955,2671,4113,1903
861,2020-03-20,1,0,2020-05-22,492,7,4027,42,204281,45739,69297,3589,2056
862,2020-03-20,1,0,2020-05-22,73,0,1043,12,81703,19667,21995,9859,5556
863,2020-03-20,1,0,2020-05-22,69,2,1071,10,52326,13441,13628,6942,4075
864,2020-03-20,1,0,2020-05-22,17,0,1075,0,14021,3811,3147,2174,966
865,2020-03-20,1,0,2020-05-22,122,2,1077,48,92590,23452,27415,11770,6900
866,2020-03-20,1,0,2020-05-22,63,5,1129,0,16746,4103,2726,2807,1842
867,2020-03-20,1,0,2020-05-22,220,25,8014,20,64283,11264,8491,22711,28489
868,2020-03-20,1,0,2020-05-22,21,0,8093,0,16900,4718,3117,5617,827
869,2020-03-20,1,0,2020-05-22,9,0,6005,6,37306,12967,8063,3817,3843
870,2020-03-20,4,0,2020-05-22,1145,22,6025,28,179957,30768,52816,4507,4184
871,2020-03-20,1,0,2020-05-22,181,8,24047,6,51559,17655,16053,6490,8962
872,2020-03-20,2,0,2020-05-22,600,20,22079,26,132080,27820,46313,5151,10378
873,2020-03-20,1,0,2020-05-22,782,32,22105,64,128850,24738,33454,19183,9818
874,2020-03-20,1,0,2020-05-22,180,15,28001,15,31583,7493,8654,1887,2761
875,2020-03-20,1,0,2020-05-22,23,2,28037,0,7772,2064,1348,1684,535
876,2020-03-20,1,0,2020-05-22,50,6,28053,0,8678,1849,1664,918,408
877,2020-03-20,1,0,2020-05-22,116,3,28071,24,52744,8639,18439,3676,4848
878,2020-03-20,1,0,2020-05-22,82,1,28077,0,12659,3005,2305,2234,945
879,2020-03-20,1,0,2020-05-22,99,5,28081,42,84840,16183,30606,6584,20297
880,2020-03-20,1,0,2020-05-22,68,3,28093,0,35981,7858,5442,8398,2493
881,2020-03-20,1,0,2020-05-22,6,0,16011,5,45369,8667,12359,6212,3094
882,2020-03-20,1,0,2020-05-22,41,1,27025,10,54297,10806,10127,16962,6568
883,2020-03-20,1,0,2020-05-22,356,22,27027,0,62040,10982,14202,18419,8003
884,2020-03-20,2,0,2020-05-22,17,1,27045,0,20825,5688,5644,4704,1468
885,2020-03-20,1,0,2020-05-22,1199,73,18003,170,367747,70976,151053,16373,29197
886,2020-03-20,1,0,2020-05-22,214,22,18053,19,67615,16678,23534,5060,6817
887,2020-03-20,1,0,2020-05-22,455,29,18145,0,44339,10052,12360,8728,6274
888,2020-03-20,1,0,2020-05-22,233,2,18163,154,181831,40560,72476,12538,33367
889,2020-03-20,1,0,2020-05-22,132,8,18167,54,107723,22306,41055,5285,13915
890,2020-03-20,1,0,2020-05-22,284,6,16027,41,207027,36810,48386,31566,13377
891,2020-03-20,3,0,2020-05-22,66,0,16055,55,150128,36910,50193,13866,6250
892,2020-03-20,1,0,2020-05-22,44,1,17001,25,66787,16968,29221,2783,5670
893,2020-03-20,1,0,2020-05-22,32,5,17021,0,33562,8376,8829,6111,2503
894,2020-03-20,4,0,2020-05-22,195,9,17113,30,173231,29727,80181,9253,14227
895,2020-03-20,1,0,2020-05-22,112,3,22025,0,10044,2388,1956,1651,526
896,2020-03-20,2,0,2020-05-22,236,16,22031,0,27164,6289,4929,5443,3720
897,2020-03-20,1,0,2020-05-22,49,1,21035,10,38616,8253,13950,2692,3727
898,2020-03-20,1,0,2020-05-22,61,1,20161,8,75696,8478,28790,10925,9157
899,2020-03-20,1,0,2020-05-22,51,0,20155,20,63360,15902,25201,3873,3301
900,2020-03-21,2,0,2020-05-22,170,5,39025,16,202166,43133,39529,56545,20642
901,2020-03-21,2,0,2020-05-22,240,18,36101,8,97539,24270,31554,10627,9728
902,2020-03-21,1,0,2020-05-22,246,7,37021,166,252268,64710,102909,11813,27195
903,2020-03-21,1,0,2020-05-22,134,3,37035,52,156182,35455,53280,15525,28821
904,2020-03-21,1,0,2020-05-22,25,1,41033,12,84514,28339,23286,4406,2987
905,2020-03-21,1,0,2020-05-22,209,12,42019,35,185984,44846,56459,33368,33924
906,2020-03-21,1,1,2020-05-22,133,4,39043,18,75369,20550,24153,10790,10846
907,2020-03-21,1,0,2020-05-22,200,10,39089,38,170678,36737,44772,34951,16878
908,2020-03-21,2,0,2020-05-22,32,2,39039,8,38311,9084,11245,6542,5291
909,2020-03-21,1,0,2020-05-22,143,4,28151,22,48002,9825,14891,1842,2177
910,2020-03-21,3,0,2020-05-22,17,2,30013,20,81816,19330,37806,1313,1490
911,2020-03-21,1,0,2020-05-22,13,0,30081,5,41387,13513,12350,4375,896
912,2020-03-21,1,0,2020-05-22,71,0,29101,0,53941,8743,18829,7335,4630
913,2020-03-21,1,0,2020-05-22,59,2,28107,0,34229,7047,8514,4101,2809
914,2020-03-21,1,0,2020-05-22,82,0,28127,0,27215,6069,4720,4903,2005
915,2020-03-21,1,0,2020-05-22,47,2,28143,0,10276,1747,3276,869,6600
916,2020-03-21,1,0,2020-05-22,68,4,28145,8,28202,6249,5863,4872,4806
917,2020-03-21,1,0,2020-05-22,7,1,29013,0,16405,4245,3738,3211,807
918,2020-03-21,1,0,2020-05-22,29,0,29097,88,118522,23997,43078,11560,17611
919,2020-03-21,1,0,2020-05-22,21,0,35025,8,69505,10775,27158,1821,3586
920,2020-03-21,1,0,2020-05-22,248,13,33017,17,126552,25034,37478,25414,16823
921,2020-03-21,1,0,2020-05-22,122,3,51093,0,36090,9254,5563,11686,4704
922,2020-03-21,1,0,2020-05-22,192,20,51117,10,30959,9967,8848,3288,4360
924,2020-03-21,1,0,2020-05-22,31,1,51067,4,56277,16636,13915,10772,2951
925,2020-03-21,2,0,2020-05-22,99,5,50011,0,48816,10296,15807,8870,3100
926,2020-03-21,2,0,2020-05-22,80,3,50025,0,43332,12533,17705,4009,6810
927,2020-03-21,1,0,2020-05-22,142,4,51003,12,105105,24260,29135,18498,26737
928,2020-03-21,1,0,2020-05-22,31,4,51023,0,33149,9316,5313,10565,4546
929,2020-03-21,1,0,2020-05-22,16,1,56007,6,15689,3421,6751,913,680
930,2020-03-21,4,0,2020-05-22,139,7,28087,18,59558,12035,20803,3844,6530
931,2020-03-21,2,0,2020-05-22,27,0,54051,9,32006,9258,6797,6430,4701
932,2020-03-21,1,0,2020-05-22,31,0,54079,0,56644,13622,12716,12945,8453
933,2020-03-21,1,0,2020-05-22,30,2,45053,4,27465,6289,4910,6685,3431
934,2020-03-21,1,0,2020-05-22,91,0,45069,0,27505,6373,5150,4274,2677
935,2020-03-21,1,0,2020-05-22,44,1,45071,7,37914,9371,10296,5379,4794
936,2020-03-21,2,0,2020-05-22,79,1,45047,30,69981,16269,22018,5679,6862
937,2020-03-21,1,0,2020-05-22,26,1,47017,6,28137,7284,5458,5052,2469
938,2020-03-21,1,0,2020-05-22,20,0,47029,5,35262,9766,7846,5767,1826
939,2020-03-21,1,0,2020-05-22,50,0,42093,42,18302,5047,4509,3756,10919
940,2020-03-21,1,0,2020-05-22,146,3,45033,6,31073,6605,7114,3528,2598
941,2020-03-21,1,0,2020-05-22,47,2,45037,0,26620,6610,3964,5953,2979
942,2020-03-21,1,0,2020-05-22,141,7,48117,0,18947,3234,7077,1215,1438
943,2020-03-21,1,0,2020-05-22,29,1,48069,0,7891,1688,2353,865,418
944,2020-03-21,1,0,2020-05-22,124,12,48329,48,159883,24676,65484,10222,23449
945,2020-03-21,1,0,2020-05-22,3,1,48359,0,2083,388,490,278,480
946,2020-03-21,2,0,2020-05-22,2229,26,48375,99,121230,19850,39867,12993,37036
947,2020-03-21,1,0,2020-05-22,100,2,47047,0,39336,10782,5103,11733,3044
948,2020-03-21,3,0,2020-05-22,57,2,47123,0,45698,12263,9623,6154,4286
949,2020-03-21,5,0,2020-05-22,350,5,47141,38,75565,16721,25709,4191,10153
950,2020-03-21,1,0,2020-05-22,10,0,47145,6,52926,15778,10433,9813,5344
951,2020-03-21,2,0,2020-05-22,11,0,47151,0,21949,4657,5544,2051,694
952,2020-03-21,1,0,2020-05-22,161,2,48021,0,80306,16787,14211,17580,3973
953,2020-03-21,1,0,2020-05-22,231,19,28085,5,34542,7781,8491,4350,2945
954,2020-03-21,2,0,2020-05-22,233,5,12083,110,343778,119425,93101,19604,11785
955,2020-03-21,1,0,2020-05-22,138,4,12107,10,72435,21116,16392,7464,3520
956,2020-03-21,1,0,2020-05-22,363,28,12111,69,298763,87591,73223,36216,12783
957,2020-03-21,2,0,2020-05-22,329,19,13009,12,45527,9287,11805,3975,4649
958,2020-03-21,1,0,2020-05-22,92,3,12005,77,180117,40210,74077,4691,6347
959,2020-03-21,1,0,2020-05-22,111,8,12055,38,100177,41387,26971,3697,2669
960,2020-03-21,1,0,2020-05-22,88,1,13187,0,31567,7478,6910,7215,2511
961,2020-03-21,1,0,2020-05-22,107,10,1093,4,30058,8196,7622,3706,2984
962,2020-03-21,3,0,2020-05-22,1139,23,4001,0,71602,14107,14377,3724,2318
963,2020-03-21,1,0,2020-05-22,56,2,4003,12,126516,35231,45069,2399,3089
964,2020-03-21,2,0,2020-05-22,28,1,6115,24,74644,12327,12513,13600,11305
965,2020-03-21,2,0,2020-05-22,69,18,8015,2,18818,6312,7322,650,860
966,2020-03-21,3,0,2020-05-22,48,2,8039,0,24553,5592,4171,8053,1306
967,2020-03-21,1,0,2020-05-22,3,0,8053,0,820,329,392,50,19
968,2020-03-21,1,0,2020-05-22,152,12,8085,8,40908,12041,13623,2797,1705
969,2020-03-21,2,0,2020-05-22,6,0,6093,4,43530,14018,14730,935,1579
970,2020-03-21,1,0,2020-05-22,34,0,6007,43,225207,53616,79201,7346,7843
971,2020-03-21,2,0,2020-05-22,74,0,6017,28,185015,49939,43057,34018,12950
972,2020-03-21,1,0,2020-05-22,13,0,25019,0,10912,2283,5796,234,502
973,2020-03-21,1,0,2020-05-22,389,10,24043,48,149546,33148,44286,21743,24467
974,2020-03-21,1,0,2020-05-22,197,6,26005,0,114145,24717,22783,27570,18353
975,2020-03-21,1,0,2020-05-22,57,2,26015,0,59607,14931,10646,15501,3070
976,2020-03-21,2,0,2020-05-22,571,43,26021,20,154948,39067,54884,12630,12434
977,2020-03-21,1,0,2020-05-22,334,20,26025,32,134327,31227,44776,10799,17083
978,2020-03-21,1,0,2020-05-22,17,2,26035,0,30597,9532,5912,4403,2201
979,2020-03-21,1,0,2020-05-22,71,1,24039,0,25801,5570,4136,3759,2682
980,2020-03-21,1,0,2020-05-22,294,29,22101,15,52578,11173,17129,3687,8037
981,2020-03-21,1,0,2020-05-22,28,0,23023,0,35149,9471,8134,9229,8274
982,2020-03-21,1,0,2020-05-22,223,0,24011,0,32785,6877,5756,9271,2963
983,2020-03-21,1,0,2020-05-22,16,0,27157,0,21490,5929,5768,5317,1948
984,2020-03-21,1,0,2020-05-22,269,12,28007,0,18731,4680,4051,2509,877
985,2020-03-21,1,0,2020-05-22,95,3,28025,6,19990,4730,4139,3340,1947
986,2020-03-21,2,0,2020-05-22,134,0,27147,0,36612,8393,14113,4004,5946
987,2020-03-21,1,0,2020-05-22,68,2,28043,5,21379,4746,6311,1648,3005
988,2020-03-21,3,0,2020-05-22,81,7,28057,0,23439,5355,3953,5212,2198
989,2020-03-21,1,0,2020-05-22,307,3,17037,16,104473,16887,30170,19672,11100
990,2020-03-21,1,0,2020-05-22,373,8,28079,0,22936,4515,3793,4384,2023
991,2020-03-21,1,0,2020-05-22,19,1,28039,6,23545,4774,3809,4256,1018
992,2020-03-21,1,0,2020-05-22,109,13,27137,179,200294,50288,84613,9555,17360
993,2020-03-21,1,0,2020-05-22,973,104,26145,133,193803,47390,63597,15486,27153
994,2020-03-21,1,0,2020-05-22,177,23,26157,0,53569,14012,11306,11372,3353
995,2020-03-21,1,0,2020-05-22,11,2,26165,6,32915,8300,9802,3442,5233
996,2020-03-21,1,0,2020-05-22,41,0,27039,0,20485,4015,4195,6541,2287
997,2020-03-21,1,0,2020-05-22,37,0,27063,0,10104,2709,3941,1498,1663
998,2020-03-21,1,0,2020-05-22,136,1,18103,4,36035,7957,7242,7210,2697
999,2020-03-21,1,0,2020-05-22,52,1,18175,0,27807,6355,5394,6225,1005
1000,2020-03-21,1,0,2020-05-22,26,0,19065,0,20139,5519,7076,2728,1858
1001,2020-03-21,1,0,2020-05-22,56,1,19087,0,19865,4736,6405,2495,2417
1002,2020-03-21,1,0,2020-05-22,316,28,18059,24,72776,15514,13121,21747,8607
1003,2020-03-21,1,1,2020-05-22,328,26,18035,36,115938,25540,41029,9472,11563
1004,2020-03-21,1,0,2020-05-22,908,28,18039,35,202924,38669,77049,12355,36707
1005,2020-03-21,3,0,2020-05-22,917,75,19113,44,220008,45693,101384,11205,22435
1006,2020-03-21,1,0,2020-05-22,180,21,18061,4,39450,9441,8041,9931,3232
1007,2020-03-21,1,0,2020-05-22,16,0,21215,0,18012,3154,1284,7237,614
1008,2020-03-21,1,0,2020-05-22,101,9,22009,2,41095,9096,10040,4634,1178
1009,2020-03-21,1,0,2020-05-22,56,4,22011,6,36598,7788,7697,6566,2275
1010,2020-03-21,1,0,2020-05-22,136,21,22013,0,13806,3706,2459,2596,2166
1011,2020-03-21,1,0,2020-05-22,60,10,22027,4,16296,3960,3430,2151,957
1012,2020-03-21,2,0,2020-05-22,87,1,22039,24,33750,6942,6273,4362,1894
1013,2020-03-21,2,0,2020-05-22,1041,35,22073,88,156433,30466,57604,5988,11688
1014,2020-03-21,1,0,2020-05-22,88,1,19169,14,95888,14980,40123,9021,11644
1015,2020-03-21,1,0,2020-05-22,45,1,21151,12,88376,16155,27748,10968,8646
1016,2020-03-21,1,1,2020-05-22,15,1,21005,0,22017,4689,3756,6786,1205
1017,2020-03-22,1,0,2020-05-22,60,0,37165,8,35445,8246,7468,3542,4775
1018,2020-03-22,1,0,2020-05-22,646,13,37155,25,134187,26448,33697,13140,8986
1019,2020-03-22,9,0,2020-05-22,373,17,37179,14,222095,36152,48569,49491,17988
1020,2020-03-22,1,0,2020-05-22,166,3,37127,21,94125,22363,26786,12940,15268
1021,2020-03-22,1,0,2020-05-22,28,2,39019,0,27825,7474,5284,7049,2439
1022,2020-03-22,1,0,2020-05-22,43,0,39027,6,41869,9347,11412,6594,6917
1023,2020-03-22,1,0,2020-05-22,350,3,37105,8,59805,12481,17456,7425,9501
1024,2020-03-22,4,0,2020-05-22,20,1,37039,0,27463,9952,7317,1963,2196
1025,2020-03-22,1,0,2020-05-22,305,41,37089,27,112156,35451,29827,15285,9967
1026,2020-03-22,1,0,2020-05-22,226,7,37077,6,58503,13167,10372,13337,10482
1027,2020-03-22,1,0,2020-05-22,62,2,37059,0,41766,11078,7289,10662,3418
1028,2020-03-22,2,0,2020-05-22,541,14,37051,48,332766,52166,128640,13315,42049
1029,2020-03-22,1,0,2020-05-22,34,6,40101,24,69471,15273,21563,5002,8403
1030,2020-03-22,1,0,2020-05-22,7,0,40103,0,11421,2862,3207,1841,1738
1031,2020-03-22,1,0,2020-05-22,195,2,36089,20,110817,24432,39158,4539,2759
1032,2020-03-22,1,0,2020-05-22,47,1,39063,34,75508,16816,30030,6694,15814
1033,2020-03-22,1,0,2020-05-22,86,5,39057,20,164825,36821,44588,32446,36993
1034,2020-03-22,1,0,2020-05-22,7,1,39053,14,30203,7248,9063,2701,2851
1035,2020-03-22,1,0,2020-05-22,261,43,39173,10,129504,25640,34924,28589,31173
1036,2020-03-22,1,0,2020-05-22,308,55,39133,16,162080,34412,38280,40353,22553
1037,2020-03-22,1,0,2020-05-22,814,7,31047,0,23925,4804,10477,1646,1427
1038,2020-03-22,1,0,2020-05-22,59,1,28137,0,28333,5924,5039,5979,1765
1039,2020-03-22,2,0,2020-05-22,73,3,28133,0,26915,4684,5591,2612,2253
1040,2020-03-22,1,0,2020-05-22,26,2,28115,0,31075,6065,6970,6297,3631
1041,2020-03-22,2,0,2020-05-22,126,9,28105,6,49392,7290,15510,3696,4669
1042,2020-03-22,1,0,2020-05-22,77,1,28097,0,10309,2723,1712,1849,1221
1043,2020-03-22,1,0,2020-05-22,27,1,28155,0,9868,2204,1557,1883,670
1044,2020-03-22,1,0,2020-05-22,37,0,36023,12,48334,10162,16662,6832,5513
1045,2020-03-22,1,0,2020-05-22,297,4,36053,6,71760,16941,16374,16065,7688
1046,2020-03-22,1,0,2020-05-22,16,1,33019,0,43073,11885,11315,9740,3330
1047,2020-03-22,1,0,2020-05-22,1490,103,35045,10,128221,23922,48217,2763,3477
1048,2020-03-22,1,0,2020-05-22,523,26,34033,19,63776,15640,13589,15131,10580
1049,2020-03-22,1,0,2020-05-22,342,29,42037,22,66615,16359,19834,9984,8031
1050,2020-03-22,2,0,2020-05-22,555,5,51047,6,49795,10197,10279,11300,6061
1051,2020-03-22,1,0,2020-05-22,84,6,51065,0,26109,6641,2835,9024,1627
1052,2020-03-22,2,0,2020-05-22,9,0,51105,0,24428,6175,4311,3208,857
1053,2020-03-22,1,0,2020-05-22,67,1,51109,0,34813,9238,5494,10321,4093
1054,2020-03-22,2,0,2020-05-22,444,6,51165,0,78653,18979,20171,17250,14180
1055,2020-03-22,1,0,2020-05-22,41,2,51019,6,77319,21440,12517,22616,6910
1056,2020-03-22,1,0,2020-05-22,25,0,51009,0,31819,8552,5656,8766,3821
1057,2020-03-22,1,0,2020-05-22,19,0,53075,6,47794,6710,18639,2195,4996
1058,2020-03-22,1,0,2020-05-22,235,0,46013,10,38637,8651,19825,783,1856
1059,2020-03-22,1,0,2020-05-22,66,8,45029,8,37581,9996,9334,5177,2559
1060,2020-03-22,1,0,2020-05-22,102,4,42085,45,113623,31083,37895,11042,13146
1061,2020-03-22,1,0,2020-05-22,93,4,42051,15,133160,36302,32121,20327,7665
1062,2020-03-22,1,0,2020-05-22,1049,57,42043,142,273329,61034,100019,30137,80387
1063,2020-03-22,1,0,2020-05-22,560,26,42107,16,144287,38502,41664,20354,10014
1064,2020-03-22,1,0,2020-05-22,7,0,47083,0,8188,2113,1287,1606,534
1065,2020-03-22,1,0,2020-05-22,60,1,47053,3,49222,11692,10653,9333,4262
1066,2020-03-22,1,0,2020-05-22,45,1,47051,10,41397,10550,10287,6332,4135
1067,2020-03-22,1,0,2020-05-22,12,0,47023,0,17097,3805,3550,3576,1297
1068,2020-03-22,1,0,2020-05-22,130,0,47105,5,51024,16724,8881,10535,6603
1069,2020-03-22,1,0,2020-05-22,35,1,47115,0,28355,7204,5870,5843,2569
1070,2020-03-22,1,0,2020-05-22,13,0,47135,0,7882,2130,1762,908,540
1071,2020-03-22,1,0,2020-05-22,124,12,47107,4,52569,13164,13924,6441,5690
1072,2020-03-22,1,1,2020-05-22,281,11,13013,6,75099,12454,9852,21578,7811
1073,2020-03-22,2,0,2020-05-22,206,19,13035,0,23556,4813,3615,4838,3128
1074,2020-03-22,1,0,2020-05-22,225,13,13069,10,43048,7860,13033,2074,3245
1075,2020-03-22,1,0,2020-05-22,46,1,13065,0,6788,1466,1828,442,474
1076,2020-03-22,1,0,2020-05-22,24,2,13055,0,24880,5705,5237,3612,1781
1077,2020-03-22,1,0,2020-05-22,97,8,12027,8,35675,9739,9247,2882,3025
1078,2020-03-22,2,0,2020-05-22,121,2,12023,27,68484,17039,18465,6295,6677
1079,2020-03-22,1,0,2020-05-22,50,2,12007,0,26775,6394,3762,5455,2557
1080,2020-03-22,1,0,2020-05-22,173,4,12035,18,105015,38651,21840,14425,3553
1081,2020-03-22,1,0,2020-05-22,11,0,13289,0,8323,2395,408,2118,1251
1082,2020-03-22,1,0,2020-05-22,24,0,17085,0,22046,7704,6179,4617,2327
1083,2020-03-22,2,0,2020-05-22,515,7,17019,51,207946,35016,93465,6611,16006
1084,2020-03-22,1,0,2020-05-22,2,0,16085,0,10104,3660,3807,451,714
1085,2020-03-22,1,0,2020-05-22,13,0,13267,0,25402,4769,3741,3239,2119
1086,2020-03-22,1,0,2020-05-22,23,5,26055,20,91222,23009,38667,4533,12924
1087,2020-03-22,1,0,2020-05-22,17,1,26051,0,25324,8522,4368,4217,1117
1088,2020-03-22,1,0,2020-05-22,21,2,26047,58,32978,9255,13396,2115,5319
1089,2020-03-22,1,0,2020-05-22,370,13,24037,12,110979,18983,41536,13387,9738
1090,2020-03-22,1,0,2020-05-22,339,20,24015,5,102416,21069,22831,25141,10945
1091,2020-03-22,1,0,2020-05-22,125,12,28017,0,17305,3982,3899,2584,2250
1092,2020-03-22,1,0,2020-05-22,30,2,17105,5,36812,9046,10996,4597,4363
1093,2020-03-22,1,0,2020-05-22,21,0,26143,0,23934,9877,5391,1937,1851
1094,2020-03-22,1,0,2020-05-22,39,1,27079,0,27810,6343,5634,8605,3102
1095,2020-03-22,1,0,2020-05-22,21,1,18159,0,15290,3910,3673,3472,2095
1096,2020-03-22,1,0,2020-05-22,110,6,18137,0,28372,6402,6310,6548,4877
1097,2020-03-22,1,0,2020-05-22,132,6,18133,6,37543,8058,9616,5733,4101
1098,2020-03-22,1,0,2020-05-22,261,24,18109,10,69533,15510,12192,19878,5185
1099,2020-03-22,1,0,2020-05-22,157,10,18105,38,144436,23773,60472,7446,15915
1100,2020-03-22,1,1,2020-05-22,107,3,18143,4,23722,5247,4910,4876,2174
1101,2020-03-22,1,0,2020-05-22,88,8,19157,5,18428,4687,7713,1783,3152
1102,2020-03-22,1,0,2020-05-22,7,0,19109,0,15166,4508,6324,1376,1533
1103,2020-03-22,2,0,2020-05-22,20,1,19033,18,43134,12003,19623,2592,5069
1104,2020-03-22,1,0,2020-05-22,329,9,19163,46,171493,36851,60687,21186,25099
1105,2020-03-22,1,0,2020-05-22,173,2,17177,8,45839,13432,16074,5415,4012
1106,2020-03-22,1,0,2020-05-22,665,25,17161,58,146205,35994,49310,18032,29909
1107,2020-03-22,1,0,2020-05-22,188,0,19167,0,34692,6858,16693,1905,4260
1108,2020-03-22,3,0,2020-05-22,384,23,19171,0,17236,4455,4547,3595,1217
1109,2020-03-22,1,0,2020-05-22,289,15,22001,4,62607,12138,12222,11832,3421
1110,2020-03-22,1,0,2020-05-22,60,3,21185,8,64633,11255,9072,19728,7057
1111,2020-03-22,1,0,2020-05-22,50,0,21113,0,51667,10163,10054,12412,8142
1112,2020-03-22,1,0,2020-05-22,3,0,20123,4,6230,1776,2827,236,1043
1113,2020-03-22,1,0,2020-05-22,84,0,20085,0,13322,3473,3003,3439,1313
1114,2020-03-22,1,0,2020-05-22,2468,23,19193,33,102397,20666,38576,12295,11323
1115,2020-03-22,1,0,2020-05-22,44,2,21003,0,20628,4783,4262,4076,1390
1116,2020-03-22,1,0,2020-05-22,3,0,21025,4,13276,2950,2628,1465,869
1117,2020-03-22,1,0,2020-05-22,90,2,21093,20,107699,19472,40529,9251,14868
