,date_0days,cases_0days,deaths_0days,date_70days,cases_70days,deaths_70days,fips,icu_beds,kaiser_total_population,kaiser_60plus_population
0,2020-01-21,1,0,2020-03-31,1228,32,53061,72,771904,143234
1,2020-01-24,1,0,2020-04-03,6473,141,17031,1606,5238541,1005046
2,2020-01-25,1,0,2020-04-04,786,14,6059,651,3155816,598030
3,2020-01-26,1,0,2020-04-05,1326,31,4013,1004,4155501,808534
4,2020-01-26,1,0,2020-04-05,5940,132,6037,2126,10105722,1800341
5,2020-01-31,1,0,2020-04-10,1484,50,6085,313,1911226,338720
6,2020-02-01,1,0,2020-04-11,4926,81,25025,447,780685,125537
7,2020-02-02,2,0,2020-04-12,875,14,6075,337,864263,179193
8,2020-02-05,1,0,2020-04-15,351,15,55025,39,522837,93985
9,2020-02-10,1,0,2020-04-20,2325,72,6073,570,3283665,604412
10,2020-02-12,1,0,2020-04-22,1126,39,48029,648,1892004,307269
11,2020-02-17,10,0,2020-04-27,476,14,31055,187,549706,95539
12,2020-02-20,1,0,2020-04-30,54,0,6023,32,135490,31200
13,2020-02-21,1,0,2020-05-01,1090,43,6067,396,1495400,279005
14,2020-02-24,4,0,2020-05-04,378,22,53063,113,490764,105082
15,2020-02-24,1,0,2020-05-04,325,6,6095,92,434981,90069
16,2020-02-25,1,0,2020-05-05,2832,35,49035,282,1106700,164497
17,2020-02-26,1,0,2020-05-06,286,4,6097,82,500943,124291
18,2020-02-26,1,0,2020-05-06,79,2,6055,32,141005,33686
19,2020-02-26,1,0,2020-05-06,244,14,6041,66,260814,72684
20,2020-02-28,1,0,2020-05-08,6942,487,53033,450,2118119,386511
21,2020-02-28,1,0,2020-05-08,556,12,41067,85,572071,100693
22,2020-03-01,1,0,2020-05-10,776,74,12081,90,363542,120595
23,2020-03-01,1,0,2020-05-10,1432,37,12057,432,1351087,257269
24,2020-03-01,1,0,2020-05-10,2085,75,6001,282,1629615,300276
25,2020-03-02,1,0,2020-05-11,7004,661,25021,59,694389,155147
26,2020-03-02,1,0,2020-05-11,58,1,33009,54,89280,23734
27,2020-03-02,1,0,2020-05-11,104,2,53071,28,59862,13443
28,2020-03-02,2,0,2020-05-11,3516,145,13121,538,1010420,159840
29,2020-03-02,1,0,2020-05-11,170,8,6061,70,374985,92327
30,2020-03-02,1,0,2020-05-11,1464,65,6081,131,763450,161619
31,2020-03-03,1,0,2020-05-12,1061,23,37183,175,1023811,157546
32,2020-03-03,1,0,2020-05-12,1066,32,6013,163,1123678,231404
33,2020-03-04,1,0,2020-05-13,17150,1409,34003,147,937920,211672
34,2020-03-04,9,0,2020-05-13,31610,1368,36119,179,975321,214443
35,2020-03-04,1,0,2020-05-13,1452,40,48157,128,711421,107897
36,2020-03-04,1,0,2020-05-13,165,7,53007,20,75138,18408
37,2020-03-05,1,0,2020-05-14,38743,2485,36059,461,1363069,318040
38,2020-03-05,1,0,2020-05-14,1154,45,32031,331,445551,95558
39,2020-03-05,1,0,2020-05-14,5144,282,32003,535,2112436,405618
40,2020-03-05,1,0,2020-05-14,456,10,47187,28,212161,37356
41,2020-03-05,4,0,2020-05-14,8817,193,48201,918,4525519,651673
42,2020-03-05,3,0,2020-05-14,7588,437,24031,150,1039198,209461
43,2020-03-05,1,0,2020-05-14,18381,1327,25017,216,1582857,319971
44,2020-03-05,1,0,2020-05-14,180,9,12113,16,166778,34353
45,2020-03-05,1,0,2020-05-14,1748,107,8059,94,564029,124374
46,2020-03-05,1,0,2020-05-14,621,31,8035,54,320940,50139
47,2020-03-06,1,0,2020-05-15,107,7,42127,8,51656,15447
48,2020-03-06,1,0,2020-05-15,5409,466,42045,100,563384,123831
49,2020-03-06,1,0,2020-05-15,752,37,40143,379,637123,120771
50,2020-03-06,2,0,2020-05-15,12637,434,36087,39,325027,66379
51,2020-03-06,1,0,2020-05-15,5255,262,34007,199,510996,104370
52,2020-03-06,1,0,2020-05-15,501,10,45019,221,387847,82073
53,2020-03-06,1,0,2020-05-15,1287,61,27123,135,537893,102817
54,2020-03-06,1,0,2020-05-15,1772,66,53053,189,845193,157501
55,2020-03-06,1,0,2020-05-15,29,0,53031,6,30524,13626
56,2020-03-06,1,0,2020-05-15,401,25,53011,90,457474,92850
57,2020-03-06,1,0,2020-05-15,165,0,49053,32,155577,40002
58,2020-03-06,1,0,2020-05-15,354,2,49011,22,334977,45623
59,2020-03-06,1,0,2020-05-15,261,12,45055,10,63734,15574
60,2020-03-06,1,0,2020-05-15,495,24,37037,4,68364,20511
61,2020-03-06,1,0,2020-05-15,670,28,4021,22,405537,100086
62,2020-03-06,1,0,2020-05-15,182,22,6113,14,212605,34981
63,2020-03-06,2,0,2020-05-15,4452,248,8031,227,678467,109403
64,2020-03-06,1,0,2020-05-15,532,12,21067,260,315109,55235
65,2020-03-06,1,0,2020-05-15,8082,500,18097,526,939964,160942
66,2020-03-06,1,0,2020-05-15,78,0,13233,0,41444,8705
67,2020-03-06,1,0,2020-05-15,414,11,15003,148,990060,218287
68,2020-03-06,1,1,2020-05-15,1384,74,12071,141,700165,239488
69,2020-03-06,2,0,2020-05-15,6133,272,12011,587,1890416,406732
70,2020-03-06,1,0,2020-05-15,1251,83,8041,95,674826,116223
71,2020-03-06,1,0,2020-05-15,566,8,8037,5,53726,8107
72,2020-03-07,2,0,2020-05-16,423,3,36091,19,226632,52232
73,2020-03-07,1,0,2020-05-16,41,0,41035,0,66018,18095
74,2020-03-07,2,0,2020-05-16,50,0,41029,50,212070,60113
75,2020-03-07,1,0,2020-05-16,4106,329,29189,468,999539,235062
76,2020-03-07,2,0,2020-05-16,5797,614,42091,215,818677,190034
77,2020-03-07,1,0,2020-05-16,51,0,53037,6,43726,9312
78,2020-03-07,1,0,2020-05-16,7386,278,51059,178,1142004,205097
79,2020-03-07,1,0,2020-05-16,60,1,50003,10,36054,10413
80,2020-03-07,1,0,2020-05-16,1095,60,33015,43,302479,69798
81,2020-03-07,1,0,2020-05-16,149,3,6087,22,273263,57232
82,2020-03-07,1,0,2020-05-16,5618,255,6065,351,2355002,437180
83,2020-03-07,1,0,2020-05-16,71,2,6039,10,154440,28392
84,2020-03-07,1,0,2020-05-16,1192,16,6019,164,971616,157757
85,2020-03-07,1,0,2020-05-16,495,37,25003,24,127751,37339
86,2020-03-07,1,0,2020-05-16,648,56,20091,110,578797,110038
87,2020-03-07,1,0,2020-05-16,2407,132,13067,119,739072,120689
88,2020-03-07,1,0,2020-05-16,591,30,12127,148,518660,160876
89,2020-03-07,1,0,2020-05-16,2597,102,13135,82,889954,122430
90,2020-03-07,1,0,2020-05-16,176,5,12091,57,197591,41694
91,2020-03-07,1,0,2020-05-16,370,41,12015,51,173236,81236
93,2020-03-08,1,0,2020-05-17,1552,42,36111,25,180129,45203
94,2020-03-08,1,0,2020-05-17,38117,1799,36103,281,1497595,326104
95,2020-03-08,1,0,2020-05-17,827,23,41047,68,330453,68700
96,2020-03-08,1,0,2020-05-17,25,0,41019,32,107576,35360
97,2020-03-08,1,0,2020-05-17,15205,838,34031,97,510563,98279
98,2020-03-08,1,0,2020-05-17,113,2,27019,25,98799,15454
99,2020-03-08,1,0,2020-05-17,159,2,53035,20,258903,59433
100,2020-03-08,1,0,2020-05-17,3726,85,47157,277,937847,169553
101,2020-03-08,1,0,2020-05-17,4132,44,47037,614,678322,113356
102,2020-03-08,1,0,2020-05-17,399,13,45083,39,297732,63159
103,2020-03-08,1,0,2020-05-17,9252,569,25027,169,818249,170081
104,2020-03-08,1,0,2020-05-17,14248,1146,9001,173,947328,197334
105,2020-03-08,1,0,2020-05-17,690,34,24025,19,250132,53295
106,2020-03-08,1,0,2020-05-17,1922,127,21111,366,764378,161771
107,2020-03-08,1,0,2020-05-17,19,0,21097,6,18630,4370
108,2020-03-08,3,0,2020-05-17,569,7,19103,95,144425,21650
109,2020-03-08,1,0,2020-05-17,1050,74,18063,39,158170,28822
110,2020-03-08,1,0,2020-05-17,714,24,13057,15,235896,42210
111,2020-03-09,3,0,2020-05-18,3410,175,39035,680,1257401,297844
112,2020-03-09,2,0,2020-05-18,7408,513,34025,152,627551,142622
113,2020-03-09,1,0,2020-05-18,17574,1068,34017,105,679756,109974
114,2020-03-09,1,0,2020-05-18,21,0,55093,0,41226,8070
115,2020-03-09,1,0,2020-05-18,14903,962,34039,80,557320,106249
116,2020-03-09,1,0,2020-05-18,1259,88,42089,44,167306,37614
118,2020-03-09,1,0,2020-05-18,1049,31,48085,195,914075,135322
119,2020-03-09,1,0,2020-05-18,3767,253,8005,127,626612,111767
120,2020-03-09,1,0,2020-05-18,34,4,6089,81,178919,47900
121,2020-03-09,1,0,2020-05-18,495,21,8069,55,330976,67199
122,2020-03-09,1,0,2020-05-18,1825,157,4019,296,1007257,245814
123,2020-03-09,1,0,2020-05-18,11629,436,24033,89,905161,159437
124,2020-03-09,1,0,2020-05-18,7059,430,22051,215,437038,96599
125,2020-03-09,1,0,2020-05-18,170,2,19155,29,93287,21265
126,2020-03-09,1,0,2020-05-18,153,21,18113,0,47421,9969
127,2020-03-09,2,0,2020-05-18,2856,86,13089,168,736066,121505
128,2020-03-09,1,0,2020-05-18,210,11,13113,37,110306,25277
129,2020-03-09,1,0,2020-05-18,187,13,13115,65,96471,20941
130,2020-03-10,1,0,2020-05-19,1005,55,41051,165,788459,143926
131,2020-03-10,1,0,2020-05-19,20129,1109,42101,528,1569657,287348
132,2020-03-10,1,0,2020-05-19,8078,928,26125,409,1241860,273867
133,2020-03-10,1,0,2020-05-19,19292,2275,26163,586,1763822,362535
134,2020-03-10,1,0,2020-05-19,919,42,27003,35,344861,63313
135,2020-03-10,2,0,2020-05-19,4000,247,34005,82,449192,98530
136,2020-03-10,2,0,2020-05-19,1527,48,51107,33,374558,46809
137,2020-03-10,1,0,2020-05-19,426,15,53057,18,121725,31915
138,2020-03-10,1,0,2020-05-19,359,36,53073,24,212738,47353
139,2020-03-10,1,0,2020-05-19,224,3,49057,64,244101,38967
140,2020-03-10,1,0,2020-05-19,43,2,46005,6,18163,4501
141,2020-03-10,1,0,2020-05-19,10,0,46023,0,9319,2183
142,2020-03-10,2,1,2020-05-19,9,1,46035,8,19753,4889
143,2020-03-10,1,0,2020-05-19,3165,40,46099,54,183660,32585
144,2020-03-10,1,0,2020-05-19,57,2,47163,103,156519,44012
145,2020-03-10,2,0,2020-05-19,7904,191,48113,614,2552213,377154
146,2020-03-10,1,0,2020-05-19,848,18,48339,97,535187,96577
147,2020-03-10,1,0,2020-05-19,4643,130,48439,409,1983675,306980
148,2020-03-10,1,0,2020-05-19,850,28,6111,139,847834,167777
149,2020-03-10,1,0,2020-05-19,179,6,8051,0,16215,2905
150,2020-03-10,1,0,2020-05-19,339,7,12001,210,259865,47766
151,2020-03-10,1,0,2020-05-19,709,33,6077,121,724153,123774
152,2020-03-10,3,0,2020-05-19,1030,40,12021,73,356774,132129
153,2020-03-10,1,0,2020-05-19,280,37,18011,8,63013,11259
154,2020-03-10,5,0,2020-05-19,6869,494,22071,111,388182,74618
155,2020-03-10,1,0,2020-05-19,12748,797,25009,98,775860,173485
156,2020-03-10,1,0,2020-05-19,10,1,18001,4,35018,7140
157,2020-03-10,1,0,2020-05-19,1224,64,17111,33,308043,58774
158,2020-03-10,1,0,2020-05-19,66,1,12089,0,78435,21894
159,2020-03-10,1,0,2020-05-19,4682,120,17089,103,529402,93411
160,2020-03-10,1,0,2020-05-19,327,12,12101,166,498136,142985
161,2020-03-10,2,0,2020-05-19,1062,71,12103,279,949842,293786
162,2020-03-10,1,0,2020-05-19,29,1,13049,0,12963,2473
163,2020-03-11,1,0,2020-05-20,116,0,41017,36,175321,45371
164,2020-03-11,1,0,2020-05-20,29,1,38101,19,69628,11458
165,2020-03-11,1,0,2020-05-20,620,79,39151,128,374273,94437
166,2020-03-11,2,0,2020-05-20,4662,431,42017,90,626486,151809
167,2020-03-11,1,0,2020-05-20,94,9,41053,0,79666,18539
168,2020-03-11,1,0,2020-05-20,105,3,41059,3,76736,15752
169,2020-03-11,2,0,2020-05-20,110,9,41043,11,121074,29548
170,2020-03-11,1,0,2020-05-20,438,32,28035,48,75835,13870
171,2020-03-11,2,0,2020-05-20,14954,913,34023,185,837288,164627
172,2020-03-11,1,0,2020-05-20,1254,59,35001,138,674855,140933
173,2020-03-11,1,0,2020-05-20,127,3,35049,22,147514,42681
174,2020-03-11,2,0,2020-05-20,49,4,35053,0,17098,4106
175,2020-03-11,1,0,2020-05-20,2466,174,36055,191,748680,166403
176,2020-03-11,1,0,2020-05-20,181,10,53029,6,80323,24585
177,2020-03-11,2,0,2020-05-20,1728,81,51013,32,229534,32701
178,2020-03-11,1,0,2020-05-20,127,1,53067,72,269885,60028
179,2020-03-11,2,0,2020-05-20,148,3,55039,15,102082,24000
180,2020-03-11,1,0,2020-05-20,514,24,55133,64,396731,95193
181,2020-03-11,1,0,2020-05-20,16,0,56033,11,29964,8337
182,2020-03-11,1,0,2020-05-20,488,10,27109,218,151685,29861
183,2020-03-11,1,0,2020-05-20,439,38,50007,46,160985,31691
184,2020-03-11,1,0,2020-05-20,108,5,45057,20,86544,22468
185,2020-03-11,1,0,2020-05-20,4,0,46009,0,6972,1925
186,2020-03-11,1,0,2020-05-20,173,4,48183,66,123402,24309
187,2020-03-11,9,0,2020-05-20,57,2,8097,4,17747,4417
188,2020-03-11,1,0,2020-05-20,2933,138,10003,119,555036,112051
189,2020-03-11,1,0,2020-05-20,16033,578,12086,593,2702602,563748
190,2020-03-11,2,0,2020-05-20,598,26,6099,88,535684,92698
191,2020-03-11,1,0,2020-05-20,499,21,5069,34,71373,15529
192,2020-03-11,1,0,2020-05-20,1062,36,18141,74,268613,57385
193,2020-03-11,1,0,2020-05-20,1939,156,22017,107,251069,54633
194,2020-03-11,3,0,2020-05-20,1053,104,18081,6,149359,29234
195,2020-03-11,1,0,2020-05-20,5041,277,24005,123,828637,186412
196,2020-03-11,1,0,2020-05-20,334,18,18067,13,82457,20461
197,2020-03-11,1,0,2020-05-20,233,5,12109,47,226578,57092
198,2020-03-11,3,0,2020-05-20,419,35,13015,21,102623,18389
199,2020-03-11,1,0,2020-05-20,6905,231,17097,108,704476,131932
200,2020-03-11,1,0,2020-05-20,226,5,13185,48,113941,17921
201,2020-03-11,1,0,2020-05-20,345,23,13177,0,29216,4964
202,2020-03-12,1,0,2020-05-21,81,2,37133,14,192685,22983
203,2020-03-12,1,0,2020-05-21,290,20,37101,24,186308,33619
204,2020-03-12,2,0,2020-05-21,801,7,37067,259,368362,76042
205,2020-03-12,1,0,2020-05-21,406,21,37025,25,196716,35521
206,2020-03-12,1,0,2020-05-21,499,40,39155,42,203341,55450
207,2020-03-12,2,0,2020-05-21,2894,70,37119,173,1034290,156489
208,2020-03-12,1,0,2020-05-21,284,9,41005,54,399962,94656
209,2020-03-12,1,0,2020-05-21,10107,359,36071,76,378174,70347
210,2020-03-12,1,0,2020-05-21,27,0,31025,0,25513,5904
211,2020-03-12,1,0,2020-05-21,81,3,32510,24,54219,14410
212,2020-03-12,1,0,2020-05-21,16906,1576,34013,267,800401,146732
213,2020-03-12,1,0,2020-05-21,6155,583,34027,91,498847,110520
214,2020-03-12,2,0,2020-05-21,1700,134,36001,120,308580,67673
215,2020-03-12,1,0,2020-05-21,71,0,36025,0,45950,14201
216,2020-03-12,1,0,2020-05-21,3745,135,36027,51,295685,66971
217,2020-03-12,1,0,2020-05-21,93,1,36043,0,62943,16310
218,2020-03-12,1,0,2020-05-21,2814,186,42095,64,300941,74273
219,2020-03-12,1,0,2020-05-21,473,18,42103,0,55687,15643
220,2020-03-12,1,0,2020-05-21,244,19,51085,24,103218,23448
221,2020-03-12,3,0,2020-05-21,189,15,51095,26,73028,22611
222,2020-03-12,1,0,2020-05-21,99,2,51147,8,22903,5017
223,2020-03-12,1,0,2020-05-21,4183,79,51153,24,450763,60739
224,2020-03-12,1,0,2020-05-21,1,0,53013,0,3999,1371
225,2020-03-12,1,0,2020-05-21,15,0,53027,0,71454,19476
226,2020-03-12,1,0,2020-05-21,111,8,29077,163,286759,60988
227,2020-03-12,2,0,2020-05-21,2684,83,53077,52,248279,44560
229,2020-03-12,1,0,2020-05-21,328,5,47093,254,452286,93686
230,2020-03-12,1,0,2020-05-21,1303,121,9005,21,184454,50170
231,2020-03-12,1,0,2020-05-21,351,25,12019,28,203291,41495
232,2020-03-12,1,0,2020-05-21,1355,37,12031,412,912043,171837
233,2020-03-12,2,0,2020-05-21,4966,308,12099,401,1426772,414928
234,2020-03-12,2,0,2020-05-21,2759,108,8001,168,487850,69778
235,2020-03-12,2,0,2020-05-21,1853,11,27145,41,155300,30193
236,2020-03-12,1,0,2020-05-21,207,4,2020,73,298225,43608
237,2020-03-12,5,0,2020-05-21,740,28,5119,209,392848,79133
238,2020-03-12,1,0,2020-05-21,1603,74,6107,51,458809,69266
239,2020-03-12,2,0,2020-05-21,550,67,12115,118,404839,174026
240,2020-03-12,1,0,2020-05-21,445,12,12117,38,449260,92794
241,2020-03-12,1,0,2020-05-21,17,0,21173,4,27550,5851
242,2020-03-12,1,0,2020-05-21,202,2,23001,54,107317,24289
243,2020-03-12,1,0,2020-05-21,674,24,26065,219,286185,51447
244,2020-03-12,3,0,2020-05-21,3145,62,26081,150,636376,115828
245,2020-03-12,1,0,2020-05-21,62,1,26117,12,62956,14301
246,2020-03-12,1,0,2020-05-21,422,33,26147,23,159761,38914
247,2020-03-12,2,0,2020-05-21,1265,95,26161,92,361509,65781
248,2020-03-12,1,0,2020-05-21,929,32,27037,12,414655,76445
249,2020-03-12,1,0,2020-05-21,6029,502,27053,311,1224763,229263
250,2020-03-12,1,1,2020-05-21,1266,71,20209,145,163227,27635
251,2020-03-12,1,0,2020-05-21,7,0,19027,6,20428,5287
252,2020-03-13,1,0,2020-05-22,949,18,37191,16,124496,26321
253,2020-03-13,1,0,2020-05-22,645,28,36093,36,155239,34957
254,2020-03-13,1,0,2020-05-22,1179,55,40109,300,774203,140665
255,2020-03-13,3,0,2020-05-22,572,43,42041,45,245801,58099
256,2020-03-13,1,0,2020-05-22,2363,242,42029,93,514652,109411
257,2020-03-13,1,0,2020-05-22,88,2,30111,41,156332,34804
258,2020-03-13,1,0,2020-05-22,16,0,30049,8,66290,16327
259,2020-03-13,1,0,2020-05-22,149,1,30031,8,100733,17127
260,2020-03-13,1,0,2020-05-22,9,3,29083,8,21834,5958
261,2020-03-13,1,0,2020-05-22,203,27,28109,6,55049,13434
262,2020-03-13,1,0,2020-05-22,11,0,30093,11,34514,8536
263,2020-03-13,1,0,2020-05-22,8285,678,34029,106,589699,167321
264,2020-03-13,1,0,2020-05-22,134,5,42125,50,207661,55472
265,2020-03-13,1,0,2020-05-22,231,3,53025,0,93420,17194
267,2020-03-13,1,0,2020-05-22,211,25,28083,9,30113,5674
268,2020-03-13,1,0,2020-05-22,238,6,56013,12,40354,9748
269,2020-03-13,3,0,2020-05-22,78,3,55117,13,115094,27003
270,2020-03-13,1,0,2020-05-22,1269,22,55101,33,195101,42061
271,2020-03-13,2,0,2020-05-22,5893,270,55079,381,956586,173173
272,2020-03-13,1,0,2020-05-22,27,0,47089,6,52887,13602
273,2020-03-13,1,0,2020-05-22,531,13,47065,215,354589,81748
274,2020-03-13,1,0,2020-05-22,5,1,46087,0,5515,1423
275,2020-03-13,1,0,2020-05-22,950,20,47149,78,298456,42641
276,2020-03-13,4,0,2020-05-22,2761,83,48453,294,1176584,160972
277,2020-03-13,3,0,2020-05-22,198,4,48423,194,222277,47438
278,2020-03-13,1,0,2020-05-22,2160,58,48141,203,834825,133011
279,2020-03-13,1,0,2020-05-22,282,3,48027,90,336506,47766
280,2020-03-13,1,0,2020-05-22,740,31,48167,26,321184,62311
281,2020-03-13,1,0,2020-05-22,213,2,27171,3,131130,22152
282,2020-03-13,1,0,2020-05-22,2367,125,8123,26,285729,48279
283,2020-03-13,2,0,2020-05-22,197,2,8117,8,29722,5667
284,2020-03-13,1,0,2020-05-22,59,6,8107,4,24359,4914
285,2020-03-13,1,0,2020-05-22,233,14,8101,32,163368,39318
286,2020-03-13,1,0,2020-05-22,644,18,12097,66,325168,57062
287,2020-03-13,1,0,2020-05-22,1743,37,12095,388,1290216,206342
288,2020-03-13,1,0,2020-05-22,16,1,8019,0,9257,2454
289,2020-03-13,1,0,2020-05-22,464,9,1125,84,204424,36426
290,2020-03-13,1,0,2020-05-22,1096,29,1101,88,227120,44214
291,2020-03-13,1,0,2020-05-22,72,0,1083,10,91695,18399
292,2020-03-13,2,0,2020-05-22,1498,88,1073,471,659460,138161
293,2020-03-13,1,0,2020-05-22,242,7,1051,5,80989,15929
294,2020-03-13,1,0,2020-05-22,259,4,28029,0,28748,6493
295,2020-03-13,1,0,2020-05-22,69,2,6069,8,58671,10074
296,2020-03-13,1,0,2020-05-22,958,67,24017,10,156021,26064
297,2020-03-13,1,0,2020-05-22,3215,149,24003,53,564600,111090
298,2020-03-13,1,0,2020-05-22,968,38,23005,72,289173,68027
299,2020-03-13,1,0,2020-05-22,623,48,22109,26,113067,21180
300,2020-03-13,2,0,2020-05-22,1609,155,22103,149,249201,55158
301,2020-03-13,1,0,2020-05-22,622,43,22089,8,52728,9258
302,2020-03-13,1,0,2020-05-22,14,1,26029,0,26160,8123
303,2020-03-13,1,0,2020-05-22,6445,776,26099,122,864019,192977
304,2020-03-13,1,0,2020-05-22,11,0,26089,0,21564,8279
305,2020-03-13,1,0,2020-05-22,269,16,26017,32,105350,27300
306,2020-03-13,1,0,2020-05-22,794,23,16001,105,435117,80856
307,2020-03-13,1,0,2020-05-22,627,20,13151,40,217506,34127
308,2020-03-13,2,0,2020-05-22,136,15,13129,8,56424,10941
309,2020-03-13,1,0,2020-05-22,26,0,20015,16,66260,13403
310,2020-03-13,1,0,2020-05-22,18,0,19085,0,14196,3779
311,2020-03-14,2,0,2020-05-22,374,11,39013,15,68889,18587
312,2020-03-14,4,0,2020-05-22,734,23,39017,74,375702,73222
313,2020-03-14,1,0,2020-05-22,74,4,37019,19,122586,46285
314,2020-03-14,1,0,2020-05-22,4996,215,39049,449,1253507,205767
315,2020-03-14,1,0,2020-05-22,626,58,39093,75,305405,71677
316,2020-03-14,2,0,2020-05-22,258,20,37085,14,128753,21027
317,2020-03-14,1,0,2020-05-22,142,4,37049,72,103374,24450
318,2020-03-14,2,0,2020-05-22,1183,148,39153,170,541318,126698
319,2020-03-14,1,0,2020-05-22,1739,154,42003,580,1229605,303430
320,2020-03-14,1,0,2020-05-22,301,2,39157,38,92531,23202
321,2020-03-14,1,0,2020-05-22,147,2,36109,16,104415,18998
322,2020-03-14,1,0,2020-05-22,21,1,40065,6,25574,4799
323,2020-03-14,1,0,2020-05-22,118,17,36107,0,49322,12444
324,2020-03-14,2,0,2020-05-22,39,1,30063,32,114231,22759
325,2020-03-14,1,0,2020-05-22,6295,443,34021,92,373362,75299
326,2020-03-14,1,0,2020-05-22,468,39,36007,47,196124,47891
327,2020-03-14,2,0,2020-05-22,529,24,35043,0,138815,30925
328,2020-03-14,1,0,2020-05-22,373,4,51177,12,130159,23288
329,2020-03-14,1,0,2020-05-22,1152,29,51041,106,335594,65652
330,2020-03-14,2,0,2020-05-22,49,2,50027,0,55485,16500
331,2020-03-14,1,0,2020-05-22,160,1,55139,26,169540,35586
332,2020-03-14,1,0,2020-05-22,38,1,50023,14,58691,15091
333,2020-03-14,1,0,2020-05-22,24,3,53039,0,21172,6449
334,2020-03-14,1,0,2020-05-22,17,1,47013,10,39824,10474
335,2020-03-14,1,0,2020-05-22,537,29,45063,55,281870,59280
336,2020-03-14,3,0,2020-05-22,314,12,45013,24,179316,56939
337,2020-03-14,2,0,2020-05-22,403,0,49043,4,39731,6731
338,2020-03-14,1,0,2020-05-22,266,3,48209,42,194843,29297
339,2020-03-14,2,0,2020-05-22,825,12,48039,16,345995,57101
340,2020-03-14,1,0,2020-05-22,10756,888,9009,186,862127,194911
341,2020-03-14,1,0,2020-05-22,9463,1155,9003,216,897417,201242
342,2020-03-14,1,0,2020-05-22,50,0,8077,44,148798,35763
343,2020-03-14,2,0,2020-05-22,311,7,13077,19,138015,25269
344,2020-03-14,1,0,2020-05-22,21,0,4009,0,37700,6933
345,2020-03-14,1,0,2020-05-22,271,9,1003,51,203360,53519
346,2020-03-14,1,0,2020-05-22,898,61,8013,72,316782,59425
347,2020-03-14,1,0,2020-05-22,253,1,6079,46,280119,70097
348,2020-03-14,1,0,2020-05-22,6362,353,25005,96,557016,124173
349,2020-03-14,1,0,2020-05-22,1257,103,25001,34,213900,80676
350,2020-03-14,1,0,2020-05-22,757,73,24013,10,167319,36730
351,2020-03-14,1,0,2020-05-22,838,77,22095,0,43565,8070
352,2020-03-14,1,0,2020-05-22,766,65,22057,21,98112,19612
353,2020-03-14,1,0,2020-05-22,5,0,27129,0,14798,4088
354,2020-03-14,1,0,2020-05-22,455,19,26115,0,149619,35206
355,2020-03-14,1,0,2020-05-22,36,0,21179,4,45131,9073
356,2020-03-14,1,0,2020-05-22,18,2,17203,0,38942,8978
357,2020-03-14,2,0,2020-05-22,983,74,17163,42,264433,54566
358,2020-03-14,2,0,2020-05-22,334,28,17167,99,198134,45191
359,2020-03-14,1,0,2020-05-22,6744,337,17043,257,931826,189208
360,2020-03-14,1,0,2020-05-22,10,0,17035,0,10899,2730
361,2020-03-14,1,0,2020-05-22,11,0,16081,0,10776,1500
362,2020-03-14,2,0,2020-05-22,510,5,16013,0,21583,5080
363,2020-03-14,2,0,2020-05-22,20,0,15007,9,71093,18043
364,2020-03-14,1,0,2020-05-22,380,25,22015,0,125698,23653
365,2020-03-14,1,0,2020-05-22,9,1,21017,4,20017,4949
366,2020-03-14,1,0,2020-05-22,32,0,20059,5,25599,5593
367,2020-03-14,1,0,2020-05-22,821,14,19049,0,80864,12950
368,2020-03-14,1,0,2020-05-22,22,0,18179,7,27832,6613
369,2020-03-14,1,0,2020-05-22,377,20,18091,34,110839,25713
370,2020-03-15,1,0,2020-05-22,12,0,37189,10,53421,11059
371,2020-03-15,1,0,2020-05-22,275,9,37195,14,81379,19331
372,2020-03-15,1,0,2020-05-22,2071,218,39095,251,433404,92861
373,2020-03-15,1,0,2020-05-22,63,7,41071,11,102366,22508
374,2020-03-15,1,0,2020-05-22,45,1,40119,11,80634,13033
375,2020-03-15,1,0,2020-05-22,51,7,40071,6,45173,11238
376,2020-03-15,1,0,2020-05-22,481,37,40027,77,274024,47856
377,2020-03-15,1,0,2020-05-22,258,18,39103,12,176362,40244
378,2020-03-15,2,0,2020-05-22,1187,59,36079,10,99464,22683
379,2020-03-15,1,0,2020-05-22,2004,107,33011,62,406371,84563
380,2020-03-15,2,0,2020-05-22,855,24,28049,218,243249,44090
381,2020-03-15,1,0,2020-05-22,77,4,36057,8,49500,11948
382,2020-03-15,2,0,2020-05-22,215,4,36039,0,47791,13422
383,2020-03-15,3,0,2020-05-22,5397,473,36029,262,923995,216391
384,2020-03-15,1,0,2020-05-22,3613,197,42077,143,360774,80015
385,2020-03-15,1,0,2020-05-22,1651,13,49049,122,576496,59457
386,2020-03-15,1,0,2020-05-22,2,0,53043,0,10344,3325
387,2020-03-15,1,0,2020-05-22,35,3,53041,6,76012,20549
388,2020-03-15,3,0,2020-05-22,359,21,45051,100,310186,90290
389,2020-03-15,1,0,2020-05-22,1200,50,45045,137,490332,100264
390,2020-03-15,2,0,2020-05-22,219,8,45007,40,194174,45832
391,2020-03-15,1,0,2020-05-22,2620,133,42079,71,318222,82489
392,2020-03-15,1,0,2020-05-22,1205,30,48121,81,781321,106598
393,2020-03-15,1,0,2020-05-22,453,25,27163,31,250979,49212
394,2020-03-15,1,0,2020-05-22,118,12,12017,40,141373,61636
395,2020-03-15,1,0,2020-05-22,26,3,12003,0,27537,5367
396,2020-03-15,1,0,2020-05-22,120,2,8045,5,57945,10202
397,2020-03-15,1,0,2020-05-22,23,0,27161,0,18898,4286
398,2020-03-15,6,0,2020-05-22,1723,138,13095,50,91522,18997
399,2020-03-15,2,0,2020-05-22,1071,43,13063,34,274150,36959
400,2020-03-15,2,0,2020-05-22,219,13,13059,104,123554,17345
401,2020-03-15,1,0,2020-05-22,83,1,5125,16,116252,26545
402,2020-03-15,2,0,2020-05-22,132,1,5051,41,97994,28731
403,2020-03-15,2,0,2020-05-22,420,19,1117,32,208721,41610
404,2020-03-15,1,0,2020-05-22,471,32,1081,28,156597,24513
405,2020-03-15,1,0,2020-05-22,1544,11,6083,82,442996,86816
406,2020-03-15,1,0,2020-05-22,4146,173,6071,410,2121220,330448
407,2020-03-15,1,0,2020-05-22,1590,50,24027,16,312495,57302
409,2020-03-15,1,0,2020-05-22,18,0,23015,4,34021,11973
410,2020-03-15,1,0,2020-05-22,521,21,22087,8,45067,6771
411,2020-03-15,1,0,2020-05-22,5568,537,25013,119,469188,103567
412,2020-03-15,3,0,2020-05-22,7424,492,25023,47,509114,119899
413,2020-03-15,1,0,2020-05-22,657,26,26139,22,280243,54457
414,2020-03-15,1,0,2020-05-22,1780,52,17201,87,287512,65218
415,2020-03-15,1,0,2020-05-22,133,10,17195,9,56823,14999
416,2020-03-15,1,0,2020-05-22,173,16,17027,4,37640,8553
417,2020-03-15,1,0,2020-05-22,117,6,15009,20,164094,37939
418,2020-03-15,1,0,2020-05-22,286,11,13217,10,105042,18455
419,2020-03-15,1,0,2020-05-22,1097,96,18057,10,309687,49209
420,2020-03-15,1,0,2020-05-22,37,0,21049,8,35757,8552
421,2020-03-15,1,0,2020-05-22,3525,105,19153,112,467235,81860
422,2020-03-15,2,0,2020-05-22,118,4,19005,0,13940,4004
423,2020-03-16,1,0,2020-05-22,1162,43,37063,148,300865,51648
424,2020-03-16,1,0,2020-05-22,248,27,39055,12,93895,23672
425,2020-03-16,1,0,2020-05-22,123,3,40017,8,132922,23558
426,2020-03-16,1,0,2020-05-22,55,5,41003,12,88249,18413
427,2020-03-16,1,0,2020-05-22,231,24,28095,9,35967,9309
428,2020-03-16,1,0,2020-05-22,180,8,36069,27,109491,27978
429,2020-03-16,1,0,2020-05-22,46,0,33003,8,47524,16281
430,2020-03-16,1,0,2020-05-22,77,8,29037,9,101888,22296
431,2020-03-16,1,0,2020-05-22,86,10,28045,6,46277,11941
432,2020-03-16,1,0,2020-05-22,938,55,34019,12,125717,30279
433,2020-03-16,1,0,2020-05-22,1828,105,36067,152,467669,103054
434,2020-03-16,2,0,2020-05-22,44,0,36003,6,47400,11338
435,2020-03-16,4,0,2020-05-22,4416,392,34035,28,333316,67698
436,2020-03-16,1,0,2020-05-22,67,3,51199,0,67196,14070
437,2020-03-16,1,0,2020-05-22,552,4,51179,4,141159,19771
438,2020-03-16,1,0,2020-05-22,8,0,50017,2,28901,7904
439,2020-03-16,1,0,2020-05-22,228,1,49051,0,29306,4220
440,2020-03-16,1,0,2020-05-22,9,0,55141,27,73427,18838
441,2020-03-16,1,0,2020-05-22,174,5,55087,64,183288,35410
442,2020-03-16,1,0,2020-05-22,108,0,49045,4,63357,8290
443,2020-03-16,1,0,2020-05-22,155,9,45039,0,22868,6384
444,2020-03-16,2,1,2020-05-22,67,5,48321,6,36744,8504
445,2020-03-16,1,0,2020-05-22,176,11,48037,82,93635,20099
446,2020-03-16,1,0,2020-05-22,70,2,47155,16,95523,23741
447,2020-03-16,1,0,2020-05-22,740,25,12033,120,309924,68143
448,2020-03-16,1,0,2020-05-22,266,15,12069,158,326215,107419
449,2020-03-16,1,0,2020-05-22,444,12,13117,24,211300,33215
450,2020-03-16,1,0,2020-05-22,966,8,5079,0,13885,2882
451,2020-03-16,1,0,2020-05-22,18,0,5041,0,12094,3044
452,2020-03-16,1,0,2020-05-22,18,0,5025,0,8332,2195
453,2020-03-16,1,0,2020-05-22,73,4,5023,0,25361,8437
455,2020-03-16,1,0,2020-05-22,41,1,6057,10,98838,33612
456,2020-03-16,1,0,2020-05-22,2269,41,13139,85,192865,36793
457,2020-03-16,1,0,2020-05-22,73,1,24041,16,37461,12868
458,2020-03-16,1,0,2020-05-22,1632,95,24021,18,246105,46881
459,2020-03-16,1,0,2020-05-22,108,1,27013,29,65767,12070
460,2020-03-16,1,0,2020-05-22,158,2,27009,0,39360,7326
461,2020-03-16,1,0,2020-05-22,4966,255,17197,92,687727,116816
462,2020-03-16,1,0,2020-05-22,176,7,17143,107,186145,40675
463,2020-03-16,1,0,2020-05-22,785,54,22005,0,119129,18726
464,2020-03-16,1,0,2020-05-22,238,9,13285,20,69433,13380
465,2020-03-16,1,0,2020-05-22,273,11,13223,8,152399,21365
466,2020-03-16,1,0,2020-05-22,460,36,18005,17,81024,16862
467,2020-03-16,1,0,2020-05-22,313,40,18043,16,76481,16661
468,2020-03-17,1,0,2020-05-22,345,1,37163,8,63664,14291
469,2020-03-17,1,0,2020-05-22,1287,24,36105,10,75783,18426
470,2020-03-17,1,0,2020-05-22,1442,41,38017,111,170620,27710
471,2020-03-17,2,0,2020-05-22,23,0,39031,7,36602,9240
472,2020-03-17,2,0,2020-05-22,128,0,38015,72,92372,18957
473,2020-03-17,1,0,2020-05-22,212,5,37097,36,169798,34692
474,2020-03-17,1,0,2020-05-22,79,3,36121,5,40886,9523
475,2020-03-17,1,0,2020-05-22,146,16,39037,6,51919,13217
476,2020-03-17,1,0,2020-05-22,252,11,39085,27,229701,58488
477,2020-03-17,2,1,2020-05-22,66,2,41039,67,363471,90330
478,2020-03-17,1,0,2020-05-22,29,2,40117,0,16448,4188
479,2020-03-17,1,0,2020-05-22,1295,163,39099,67,231857,62316
480,2020-03-17,1,0,2020-05-22,460,32,36083,12,159800,35905
481,2020-03-17,1,0,2020-05-22,419,2,31153,8,175188,26946
482,2020-03-17,1,0,2020-05-22,8,0,31107,0,8496,2628
483,2020-03-17,2,0,2020-05-22,2031,132,34015,14,291372,60833
484,2020-03-17,2,0,2020-05-22,485,16,29095,274,688554,136794
485,2020-03-17,1,0,2020-05-22,58,1,29051,25,76749,16261
486,2020-03-17,1,0,2020-05-22,111,1,29019,110,174589,28350
487,2020-03-17,1,0,2020-05-22,94,4,36019,21,81224,17868
488,2020-03-17,1,0,2020-05-22,1118,123,34041,20,107088,24579
489,2020-03-17,1,0,2020-05-22,22,0,35055,6,32809,10333
490,2020-03-17,1,0,2020-05-22,550,71,42007,20,168161,45796
491,2020-03-17,1,0,2020-05-22,612,18,53021,0,89124,11049
493,2020-03-17,2,0,2020-05-22,1375,117,51087,53,324073,65204
494,2020-03-17,1,0,2020-05-22,89,5,51075,0,22148,6309
496,2020-03-17,1,0,2020-05-22,291,13,28059,48,141314,28610
497,2020-03-17,1,0,2020-05-22,2,0,56029,4,29276,8475
498,2020-03-17,2,0,2020-05-22,182,2,56021,15,97031,20072
499,2020-03-17,4,0,2020-05-22,948,22,55059,27,167886,31603
500,2020-03-17,1,0,2020-05-22,34,1,53045,6,61569,18441
501,2020-03-17,1,0,2020-05-22,143,1,54037,5,55673,11916
502,2020-03-17,1,0,2020-05-22,329,5,45091,24,251664,48997
503,2020-03-17,1,0,2020-05-22,1333,62,45079,211,404869,68651
504,2020-03-17,1,0,2020-05-22,9,1,45017,0,14808,4258
505,2020-03-17,2,0,2020-05-22,656,50,48303,267,298042,49312
506,2020-03-17,2,0,2020-05-22,266,12,48139,18,164092,29137
507,2020-03-17,1,0,2020-05-22,383,18,48041,48,214231,26525
508,2020-03-17,1,0,2020-05-22,380,11,12009,159,568183,170919
509,2020-03-17,1,0,2020-05-22,4048,119,10005,38,215551,71832
510,2020-03-17,1,0,2020-05-22,840,49,12105,145,652256,169578
511,2020-03-17,1,0,2020-05-22,1470,53,4017,12,107902,24267
513,2020-03-17,1,0,2020-05-22,98,1,1115,6,86937,18943
514,2020-03-17,1,0,2020-05-22,286,4,1089,100,353213,70040
515,2020-03-17,1,0,2020-05-22,230,6,28047,57,200491,38987
516,2020-03-17,1,0,2020-05-22,1705,28,6029,144,878744,130831
517,2020-03-17,2,0,2020-05-22,371,8,6053,27,433168,76257
518,2020-03-17,1,0,2020-05-22,523,18,13245,264,201568,38152
519,2020-03-17,1,0,2020-05-22,331,8,23031,14,201454,52544
520,2020-03-17,1,0,2020-05-22,19,0,23017,6,57230,16027
521,2020-03-17,1,0,2020-05-22,124,9,23011,16,121289,31337
522,2020-03-17,1,0,2020-05-22,389,37,22117,13,46449,11494
523,2020-03-17,1,0,2020-05-22,249,7,13313,34,103963,18625
524,2020-03-17,1,0,2020-05-22,63,3,27103,0,33477,6976
525,2020-03-17,2,0,2020-05-22,124,5,27091,0,20084,5976
526,2020-03-17,1,0,2020-05-22,430,26,26075,51,158989,36118
527,2020-03-17,1,0,2020-05-22,100,10,26137,4,24247,6554
528,2020-03-17,2,0,2020-05-22,112,9,18047,7,22835,5422
529,2020-03-17,1,0,2020-05-22,81,0,15001,24,196325,52582
530,2020-03-17,1,0,2020-05-22,20,0,16065,4,38241,3374
531,2020-03-17,2,0,2020-05-22,3157,178,18089,188,488694,104898
532,2020-03-17,1,0,2020-05-22,14,3,21143,0,8268,2744
533,2020-03-17,1,0,2020-05-22,3370,227,22033,124,446167,81150
534,2020-03-17,1,0,2020-05-22,1558,2,20057,10,34658,5103
535,2020-03-17,1,0,2020-05-22,6,0,19001,0,7192,2161
536,2020-03-17,1,0,2020-05-22,1663,37,19013,24,132960,28271
537,2020-03-17,1,0,2020-05-22,63,0,20045,10,117806,18450
538,2020-03-18,1,0,2020-05-22,143,3,37129,57,219866,48907
539,2020-03-18,1,0,2020-05-22,184,5,39023,38,135520,33970
540,2020-03-18,2,0,2020-05-22,64,2,38059,0,30059,6275
541,2020-03-18,1,0,2020-05-22,17,0,39005,6,53299,12790
542,2020-03-18,1,0,2020-05-22,125,10,37125,68,94191,28522
543,2020-03-18,1,0,2020-05-22,246,28,36113,24,64701,17940
544,2020-03-18,1,0,2020-05-22,224,11,36115,0,62183,15438
545,2020-03-18,1,0,2020-05-22,56,0,37109,10,80504,18644
546,2020-03-18,1,0,2020-05-22,220,6,37071,74,214049,46215
547,2020-03-18,1,0,2020-05-22,977,50,37081,142,517197,102558
548,2020-03-18,1,0,2020-05-22,175,1,37093,0,52571,7093
549,2020-03-18,1,0,2020-05-22,282,11,39041,6,193024,34052
550,2020-03-18,1,0,2020-05-22,214,5,42001,8,101589,26312
551,2020-03-18,1,0,2020-05-22,48,1,39077,12,58497,13292
552,2020-03-18,1,0,2020-05-22,337,30,39109,10,104081,25472
553,2020-03-18,2,0,2020-05-22,54,0,33001,10,60383,17260
554,2020-03-18,1,0,2020-05-22,307,13,33013,18,147958,34833
555,2020-03-18,3,0,2020-05-22,1919,130,34001,64,272926,62613
556,2020-03-18,1,0,2020-05-22,726,54,29183,39,385115,74900
557,2020-03-18,1,0,2020-05-22,46,2,31111,19,35569,8746
558,2020-03-18,1,0,2020-05-22,258,11,31001,10,31564,7465
560,2020-03-18,1,0,2020-05-22,5,0,36041,0,4646,1721
561,2020-03-18,1,0,2020-05-22,72,0,36045,10,116567,19760
562,2020-03-18,1,0,2020-05-22,114,4,36051,0,64373,14878
563,2020-03-18,1,0,2020-05-22,44,0,36031,0,38233,11100
564,2020-03-18,1,0,2020-05-22,118,2,36017,7,48763,12688
565,2020-03-18,1,0,2020-05-22,3838,283,42011,71,415500,93051
567,2020-03-18,1,1,2020-05-22,826,61,53005,44,190529,37874
568,2020-03-18,1,0,2020-05-22,25,1,51036,0,7022,2156
569,2020-03-18,1,0,2020-05-22,48,0,55063,52,117582,24464
570,2020-03-18,2,0,2020-05-22,178,4,55131,12,133967,30378
571,2020-03-18,1,0,2020-05-22,100,1,56039,6,22923,4298
572,2020-03-18,1,0,2020-05-22,13,0,54055,29,60963,16998
573,2020-03-18,1,0,2020-05-22,2204,31,55009,60,258004,49706
574,2020-03-18,2,0,2020-05-22,74,0,49005,14,120288,15104
575,2020-03-18,1,0,2020-05-22,181,13,45061,0,17897,4150
576,2020-03-18,1,0,2020-05-22,100,0,47021,0,39713,7818
577,2020-03-18,2,0,2020-05-22,1451,148,42069,51,211960,54892
578,2020-03-18,2,0,2020-05-22,895,22,42133,60,442216,99386
579,2020-03-18,1,0,2020-05-22,8,1,48285,3,19859,6001
580,2020-03-18,5,0,2020-05-22,107,4,48309,54,245720,46694
581,2020-03-18,1,0,2020-05-22,64,2,48325,0,48548,10696
582,2020-03-18,1,0,2020-05-22,498,18,48479,56,269624,34315
583,2020-03-18,1,0,2020-05-22,82,2,48485,24,131778,25521
584,2020-03-18,4,0,2020-05-22,528,21,48491,90,508313,81426
585,2020-03-18,1,0,2020-05-22,25,1,49003,0,52182,9213
586,2020-03-18,1,0,2020-05-22,42,2,48401,0,53026,11467
587,2020-03-18,1,0,2020-05-22,335,0,47147,8,68575,13369
588,2020-03-18,2,0,2020-05-22,792,42,47165,38,175730,36997
589,2020-03-18,1,0,2020-05-22,40,2,28111,0,12047,2963
590,2020-03-18,1,0,2020-05-22,328,6,12073,60,285890,49057
591,2020-03-18,1,0,2020-05-22,12,0,8125,0,10109,2385
592,2020-03-18,1,0,2020-05-22,992,135,9007,24,164110,41372
593,2020-03-18,3,0,2020-05-22,1296,56,10001,29,173145,36849
594,2020-03-18,1,0,2020-05-22,339,16,13153,36,150341,25522
595,2020-03-18,1,0,2020-05-22,252,17,12119,0,116754,74936
596,2020-03-18,1,0,2020-05-22,100,7,12131,28,63457,16604
597,2020-03-18,1,0,2020-05-22,223,6,13073,0,143723,26092
598,2020-03-18,1,0,2020-05-22,16,1,5011,0,10994,2825
599,2020-03-18,1,0,2020-05-22,98,3,5045,25,121282,19658
600,2020-03-18,1,0,2020-05-22,213,5,5143,61,223683,34691
601,2020-03-18,1,0,2020-05-22,137,3,1015,24,115527,27115
602,2020-03-18,1,0,2020-05-22,979,69,4005,41,138639,23195
603,2020-03-18,1,0,2020-05-22,85,2,1121,14,80888,18842
605,2020-03-18,1,0,2020-05-22,21,0,6045,14,87497,24313
606,2020-03-18,1,0,2020-05-22,310,46,25011,6,70926,19773
607,2020-03-18,1,0,2020-05-22,98,1,23019,51,152284,36356
608,2020-03-18,2,0,2020-05-22,134,10,28011,8,33121,6690
609,2020-03-18,2,0,2020-05-22,92,3,28027,10,24296,4799
610,2020-03-18,1,0,2020-05-22,328,2,27131,4,65251,13206
611,2020-03-18,1,0,2020-05-22,442,6,28033,44,173267,29708
612,2020-03-18,1,0,2020-05-22,618,20,28089,7,102212,18766
613,2020-03-18,1,0,2020-05-22,453,45,18019,25,114893,23978
614,2020-03-18,1,0,2020-05-22,83,4,18041,20,23426,6065
615,2020-03-18,1,0,2020-05-22,127,6,18079,0,27840,6079
616,2020-03-18,1,0,2020-05-22,585,66,18095,21,129641,30680
617,2020-03-18,1,0,2020-05-22,54,1,17199,26,67477,16353
618,2020-03-18,1,0,2020-05-22,18,0,17189,0,14260,3641
619,2020-03-18,1,0,2020-05-22,374,19,16083,30,82248,16621
620,2020-03-18,1,0,2020-05-22,197,10,17077,21,59115,11301
621,2020-03-18,1,0,2020-05-22,1041,47,17091,56,110801,23667
622,2020-03-18,3,0,2020-05-22,680,22,17093,0,122933,16292
623,2020-03-18,1,0,2020-05-22,130,10,17099,13,111151,27315
624,2020-03-18,1,0,2020-05-22,516,49,17119,58,266153,60531
625,2020-03-18,1,0,2020-05-22,24,0,21073,10,49969,11999
626,2020-03-18,1,0,2020-05-22,520,32,21117,54,163987,31245
627,2020-03-18,1,0,2020-05-22,917,5,21227,52,123824,21484
628,2020-03-18,2,0,2020-05-22,1069,7,20103,10,79359,15061
629,2020-03-18,1,0,2020-05-22,178,8,19183,0,22095,5388
630,2020-03-18,1,0,2020-05-22,21,0,19191,0,20575,5243
631,2020-03-19,1,0,2020-05-22,49,0,36095,0,31611,8559
632,2020-03-19,1,0,2020-05-22,104,1,36117,8,91442,22194
633,2020-03-19,1,0,2020-05-22,18,1,40083,0,45326,9257
634,2020-03-19,1,0,2020-05-22,95,2,40087,0,37919,7891
635,2020-03-19,1,0,2020-05-22,309,33,40147,8,51867,12914
636,2020-03-19,1,0,2020-05-22,72,2,40051,9,54351,11298
637,2020-03-19,1,0,2020-05-22,12,0,40039,4,29169,5338
638,2020-03-19,2,0,2020-05-22,2279,124,39061,297,808703,169087
639,2020-03-19,1,0,2020-05-22,561,14,39113,196,531987,124285
640,2020-03-19,1,0,2020-05-22,178,3,39139,37,121533,30674
641,2020-03-19,1,0,2020-05-22,4,0,30007,0,5755,1828
642,2020-03-19,1,0,2020-05-22,37,2,30029,22,96147,24545
643,2020-03-19,1,0,2020-05-22,8,1,30057,0,7902,3066
644,2020-03-19,1,0,2020-05-22,7,0,30085,0,11218,1796
645,2020-03-19,1,0,2020-05-22,3,0,31127,0,7041,1894
646,2020-03-19,1,0,2020-05-22,22,1,32007,7,52377,8008
647,2020-03-19,1,0,2020-05-22,343,22,28051,0,18267,3568
648,2020-03-19,1,0,2020-05-22,422,12,28067,14,68328,14853
649,2020-03-19,1,0,2020-05-22,578,10,28123,0,28399,5665
650,2020-03-19,1,0,2020-05-22,50,0,28147,0,14670,3582
651,2020-03-19,1,0,2020-05-22,81,9,28157,0,9084,2046
652,2020-03-19,1,0,2020-05-22,92,0,28159,0,18482,4963
653,2020-03-19,1,0,2020-05-22,198,2,28163,0,27496,4778
654,2020-03-19,1,0,2020-05-22,10,0,35047,8,28203,7333
655,2020-03-19,1,0,2020-05-22,545,46,34009,16,94549,31925
656,2020-03-19,2,0,2020-05-22,1075,141,34037,10,143570,32694
657,2020-03-19,1,0,2020-05-22,25,0,53009,19,73439,26654
658,2020-03-19,3,1,2020-05-22,133,11,55089,46,87817,21950
659,2020-03-19,1,0,2020-05-22,77,3,55111,10,63340,15064
660,2020-03-19,2,0,2020-05-22,329,11,55127,16,102917,22640
661,2020-03-19,1,0,2020-05-22,89,0,55035,48,102388,20349
662,2020-03-19,4,0,2020-05-22,37,1,55021,10,56790,13488
663,2020-03-19,1,0,2020-05-22,120,5,54061,119,103715,16742
664,2020-03-19,2,0,2020-05-22,4,0,54093,0,7035,2245
665,2020-03-19,1,0,2020-05-22,3,1,55007,0,15004,5390
666,2020-03-19,1,0,2020-05-22,67,1,55015,0,49737,9760
667,2020-03-19,1,0,2020-05-22,25,1,48467,0,53607,14526
668,2020-03-19,1,0,2020-05-22,126,3,45035,0,151716,28002
669,2020-03-19,1,0,2020-05-22,36,0,45001,6,24788,7042
670,2020-03-19,1,0,2020-05-22,132,0,45081,0,20228,4901
671,2020-03-19,2,0,2020-05-22,2736,278,42071,64,536494,122633
672,2020-03-19,1,0,2020-05-22,892,24,42075,18,137616,34280
673,2020-03-19,2,0,2020-05-22,436,38,42129,51,356835,103773
674,2020-03-19,1,0,2020-05-22,3,0,48103,0,4836,798
675,2020-03-19,1,0,2020-05-22,17,1,48123,0,20474,5292
676,2020-03-19,2,0,2020-05-22,173,4,48251,35,160173,30241
677,2020-03-19,1,0,2020-05-22,671,32,48061,104,420201,71392
678,2020-03-19,1,0,2020-05-22,97,1,47035,12,58178,21229
679,2020-03-19,1,0,2020-05-22,46,0,47045,10,37751,8344
680,2020-03-19,1,0,2020-05-22,218,3,47125,21,192120,25156
681,2020-03-19,2,0,2020-05-22,68,0,47179,76,126437,29936
682,2020-03-19,2,0,2020-05-22,343,8,47189,12,128874,27113
683,2020-03-19,4,0,2020-05-22,110,5,12053,44,179144,61882
684,2020-03-19,1,0,2020-05-22,112,9,12061,40,147981,57277
685,2020-03-19,1,0,2020-05-22,219,0,12063,7,48571,12035
686,2020-03-19,1,0,2020-05-22,476,9,12085,74,155719,57914
687,2020-03-19,1,0,2020-05-22,5,0,8049,0,14793,3858
688,2020-03-19,1,0,2020-05-22,591,40,8087,6,28123,6047
689,2020-03-19,4,0,2020-05-22,796,55,9013,16,151596,31539
690,2020-03-19,1,0,2020-05-22,348,14,9015,6,116674,25482
691,2020-03-19,2,0,2020-05-22,83,1,13127,24,83467,20679
692,2020-03-19,2,0,2020-05-22,96,1,13175,16,47451,10610
693,2020-03-19,1,0,2020-05-22,70,3,13225,0,27027,5201
694,2020-03-19,1,0,2020-05-22,257,9,13247,16,88482,17124
695,2020-03-19,1,0,2020-05-22,61,1,13103,0,57087,9061
696,2020-03-19,2,1,2020-05-22,234,29,13099,0,10405,2739
697,2020-03-19,1,0,2020-05-22,423,20,13021,117,153923,31993
698,2020-03-19,1,0,2020-05-22,131,0,4023,0,46358,10530
699,2020-03-19,1,0,2020-05-22,284,6,4025,39,220972,85127
700,2020-03-19,1,0,2020-05-22,212,0,5007,30,251823,44616
701,2020-03-19,1,0,2020-05-22,5,0,5009,24,37212,9809
702,2020-03-19,1,0,2020-05-22,36,0,5019,0,22495,5000
703,2020-03-19,1,0,2020-05-22,174,0,5031,66,104246,19242
704,2020-03-19,1,0,2020-05-22,16,0,5053,0,18076,4063
705,2020-03-19,1,0,2020-05-22,42,0,5055,8,44197,9006
706,2020-03-19,1,0,2020-05-22,27,0,5063,12,37097,8706
707,2020-03-19,1,0,2020-05-22,31,2,5111,0,24098,5793
708,2020-03-19,1,0,2020-05-22,276,8,5035,0,49278,9487
709,2020-03-19,1,0,2020-05-22,9,0,5113,6,20212,5939
710,2020-03-19,1,0,2020-05-22,330,23,1017,0,33895,8501
711,2020-03-19,1,0,2020-05-22,1916,107,1097,157,414328,88103
712,2020-03-19,1,0,2020-05-22,179,1,1127,12,64927,16386
713,2020-03-19,1,0,2020-05-22,100,1,5115,11,63372,12757
714,2020-03-19,1,1,2020-05-22,44,1,8025,0,5514,1074
715,2020-03-19,1,0,2020-05-22,6,0,5129,0,7925,2684
716,2020-03-19,1,0,2020-05-22,18,0,5131,69,127362,26807
717,2020-03-19,1,0,2020-05-22,62,1,5133,0,17206,3266
718,2020-03-19,1,0,2020-05-22,28,2,5141,0,16751,5519
719,2020-03-19,1,0,2020-05-22,292,15,24009,4,90824,18153
720,2020-03-19,1,0,2020-05-22,854,22,24045,24,102014,21277
721,2020-03-19,1,0,2020-05-22,541,40,22047,0,33122,6966
722,2020-03-19,3,0,2020-05-22,637,23,22055,80,238230,41592
723,2020-03-19,1,0,2020-05-22,366,26,22063,0,137096,24235
724,2020-03-19,1,0,2020-05-22,198,16,22075,0,23394,4024
725,2020-03-19,1,1,2020-05-22,289,25,22093,0,21485,4921
726,2020-03-19,2,0,2020-05-22,247,52,22097,16,83580,17636
727,2020-03-19,1,0,2020-05-22,128,5,22119,16,40043,10020
728,2020-03-19,2,0,2020-05-22,154,30,22121,0,25518,4884
729,2020-03-19,1,0,2020-05-22,388,36,22045,11,73346,14679
730,2020-03-19,1,0,2020-05-22,812,76,25015,11,161197,34945
731,2020-03-19,1,0,2020-05-22,112,1,27099,0,39386,9579
732,2020-03-19,1,0,2020-05-22,316,2,27139,0,141463,20208
733,2020-03-19,1,0,2020-05-22,136,10,26037,2,77321,16938
734,2020-03-19,2,0,2020-05-22,173,6,26045,0,108586,26110
735,2020-03-19,1,0,2020-05-22,1929,240,26049,151,410881,93094
736,2020-03-19,3,0,2020-05-22,390,26,26093,8,186946,41663
737,2020-03-19,1,0,2020-05-22,79,8,26111,26,83489,19242
738,2020-03-19,1,0,2020-05-22,29,1,18119,0,20957,5415
739,2020-03-19,1,0,2020-05-22,567,43,22019,75,198753,39284
740,2020-03-19,1,0,2020-05-22,350,3,18157,30,186081,28594
741,2020-03-19,1,0,2020-05-22,101,3,21047,18,72438,11300
742,2020-03-19,1,0,2020-05-22,300,6,21059,32,99258,22152
743,2020-03-19,1,0,2020-05-22,53,2,21199,38,63974,15846
744,2020-03-19,1,0,2020-05-22,34,0,21209,6,52322,8436
745,2020-03-19,1,0,2020-05-22,195,5,18177,30,66972,16958
746,2020-03-19,1,0,2020-05-22,238,11,22007,0,22881,5211
747,2020-03-19,1,0,2020-05-22,545,21,20173,236,510484,97508
748,2020-03-19,1,0,2020-05-22,103,4,21101,12,46252,10871
749,2020-03-19,1,0,2020-05-22,7,0,20107,0,9602,2635
750,2020-03-19,2,0,2020-05-22,3,0,20127,0,5605,1854
751,2020-03-19,1,0,2020-05-22,307,16,19061,18,96571,22155
752,2020-03-19,1,0,2020-05-22,540,38,19139,5,42923,9608
753,2020-03-19,1,0,2020-05-22,9,0,20021,0,20501,5088
754,2020-03-20,1,0,2020-05-22,597,27,37159,20,138940,31195
755,2020-03-20,1,0,2020-05-22,95,8,37139,10,39546,8584
756,2020-03-20,1,0,2020-05-22,37,4,37167,10,60875,14861
757,2020-03-20,1,0,2020-05-22,246,2,37147,71,176484,30269
758,2020-03-20,1,0,2020-05-22,4,0,38069,0,4272,1309
759,2020-03-20,1,0,2020-05-22,9,1,38071,0,11574,2909
760,2020-03-20,1,0,2020-05-22,272,30,39007,19,98622,25127
761,2020-03-20,1,0,2020-05-22,476,49,39029,20,104584,27542
762,2020-03-20,3,0,2020-05-22,291,39,37135,13,141812,25896
763,2020-03-20,1,0,2020-05-22,35,9,37031,8,68699,21116
764,2020-03-20,1,0,2020-05-22,332,11,37057,29,164118,37797
765,2020-03-20,4,0,2020-05-22,138,20,37069,0,63866,14275
766,2020-03-20,1,0,2020-05-22,6,0,41061,4,25810,6683
767,2020-03-20,1,0,2020-05-22,1,0,41023,0,7209,2694
768,2020-03-20,1,0,2020-05-22,138,5,42027,0,160646,29386
769,2020-03-20,1,0,2020-05-22,2581,18,39101,15,65483,15039
770,2020-03-20,1,0,2020-05-22,40,0,39159,7,54688,8714
771,2020-03-20,2,0,2020-05-22,310,18,39165,57,223868,42520
772,2020-03-20,1,0,2020-05-22,15,1,40049,0,27751,6609
773,2020-03-20,1,0,2020-05-22,91,8,29201,12,38858,9126
774,2020-03-20,1,0,2020-05-22,137,1,31019,34,48834,9288
775,2020-03-20,1,0,2020-05-22,1005,8,31109,108,306357,55100
776,2020-03-20,1,0,2020-05-22,60,1,32023,0,43296,15960
777,2020-03-20,1,0,2020-05-22,51,2,33005,27,76109,19389
778,2020-03-20,1,0,2020-05-22,127,10,28129,0,16114,3931
779,2020-03-20,3,0,2020-05-22,69,11,28139,0,21993,4899
780,2020-03-20,2,0,2020-05-22,21,0,29043,0,83028,16810
781,2020-03-20,1,0,2020-05-22,25,2,29069,0,30905,7240
782,2020-03-20,1,0,2020-05-22,36,1,29169,0,53132,6246
783,2020-03-20,1,0,2020-05-22,356,34,36021,9,61481,18429
784,2020-03-20,1,0,2020-05-22,189,11,36035,8,53955,13782
785,2020-03-20,1,0,2020-05-22,189,4,36037,10,58537,13935
786,2020-03-20,3,0,2020-05-22,897,40,36063,32,212675,52917
787,2020-03-20,2,0,2020-05-22,828,41,36065,51,232324,56184
788,2020-03-20,1,0,2020-05-22,1921,61,34011,36,154952,30141
790,2020-03-20,1,0,2020-05-22,2086,87,35031,5,72849,11923
791,2020-03-20,1,0,2020-05-22,697,28,42055,24,153003,38030
795,2020-03-20,2,0,2020-05-22,71,0,53015,18,103590,26255
796,2020-03-20,1,0,2020-05-22,62,2,50001,0,36825,9459
797,2020-03-20,1,0,2020-05-22,51,1,50021,13,59676,16414
798,2020-03-20,1,0,2020-05-22,711,11,51001,10,32840,9713
799,2020-03-20,1,0,2020-05-22,30,1,51073,7,37035,9239
800,2020-03-20,1,0,2020-05-22,75,3,55055,4,84586,18308
801,2020-03-20,1,0,2020-05-22,36,1,55073,52,135293,30856
802,2020-03-20,1,0,2020-05-22,520,15,55105,33,161226,34912
803,2020-03-20,2,0,2020-05-22,58,0,55109,0,87142,16229
804,2020-03-20,1,0,2020-05-22,30,0,56005,14,48116,6482
805,2020-03-20,1,0,2020-05-22,68,0,56025,14,81023,16036
806,2020-03-20,1,0,2020-05-22,49,0,55045,6,36869,8908
807,2020-03-20,1,0,2020-05-22,21,0,55033,0,44260,9015
808,2020-03-20,1,0,2020-05-22,15,0,53055,0,16221,6649
809,2020-03-20,1,0,2020-05-22,10,1,53065,0,43858,13171
810,2020-03-20,1,0,2020-05-22,135,18,54035,0,29123,7844
811,2020-03-20,1,0,2020-05-22,214,18,54039,156,187827,49628
812,2020-03-20,3,0,2020-05-22,325,6,28121,18,149645,29151
813,2020-03-20,1,0,2020-05-22,46,0,55017,6,63445,14882
814,2020-03-20,1,0,2020-05-22,16,0,55031,0,43503,10444
815,2020-03-20,1,0,2020-05-22,190,4,42049,88,277794,63334
816,2020-03-20,2,0,2020-05-22,122,2,45075,20,89116,22393
817,2020-03-20,1,0,2020-05-22,110,3,45077,15,121449,25531
818,2020-03-20,1,1,2020-05-22,574,30,45041,98,138537,30487
819,2020-03-20,1,0,2020-05-22,339,17,45085,17,107379,22798
820,2020-03-20,1,0,2020-05-22,37,1,47001,25,75538,19563
821,2020-03-20,1,0,2020-05-22,78,3,47009,16,127135,32770
822,2020-03-20,1,0,2020-05-22,90,1,47011,27,103666,22968
823,2020-03-20,1,0,2020-05-22,242,6,45031,12,67572,16204
824,2020-03-20,1,0,2020-05-22,4,0,42105,4,17070,5099
825,2020-03-20,1,0,2020-05-22,166,7,45003,35,165707,41209
826,2020-03-20,1,0,2020-05-22,211,15,45015,0,204632,37127
827,2020-03-20,1,0,2020-05-22,289,36,45027,6,34156,10223
828,2020-03-20,2,0,2020-05-22,101,0,47043,6,51341,10824
829,2020-03-20,1,0,2020-05-22,29,2,48147,2,33787,8521
830,2020-03-20,1,0,2020-05-22,27,1,48219,0,23273,4565
831,2020-03-20,1,0,2020-05-22,18,0,48459,0,40506,9637
832,2020-03-20,1,0,2020-05-22,21,0,48067,0,30118,8380
833,2020-03-20,1,0,2020-05-22,47,2,47059,6,68520,18918
834,2020-03-20,1,0,2020-05-22,25,2,47063,20,63465,14917
835,2020-03-20,1,0,2020-05-22,78,0,47119,65,87606,18777
836,2020-03-20,1,0,2020-05-22,423,2,47167,7,61434,11660
837,2020-03-20,1,0,2020-05-22,55,7,48049,12,37787,9428
838,2020-03-20,1,0,2020-05-22,190,11,28113,28,39763,8664
839,2020-03-20,1,0,2020-05-22,101,3,12087,14,76745,22310
840,2020-03-20,1,0,2020-05-22,23,0,8113,0,7804,1475
841,2020-03-20,1,0,2020-05-22,910,72,9011,32,270772,63495
842,2020-03-20,14,0,2020-05-22,439,24,13045,18,114898,20423
843,2020-03-20,1,0,2020-05-22,38,0,13201,0,5884,1561
844,2020-03-20,1,0,2020-05-22,114,8,13207,0,26795,6594
845,2020-03-20,1,0,2020-05-22,509,17,13215,61,198647,34483
846,2020-03-20,1,0,2020-05-22,103,5,13219,0,35972,7602
847,2020-03-20,2,0,2020-05-22,41,3,13227,6,30343,8464
848,2020-03-20,1,0,2020-05-22,170,19,13243,0,7206,2258
849,2020-03-20,2,0,2020-05-22,250,14,13255,22,64192,14777
850,2020-03-20,2,0,2020-05-22,436,40,13261,10,30687,6539
851,2020-03-20,2,0,2020-05-22,209,26,13273,0,8978,2148
852,2020-03-20,1,0,2020-05-22,212,14,13277,20,40531,8091
853,2020-03-20,1,0,2020-05-22,92,12,13287,0,8036,2004
854,2020-03-20,2,0,2020-05-22,204,20,13321,0,20809,5131
855,2020-03-20,1,0,2020-05-22,15,0,13181,0,7768,2318
856,2020-03-20,2,0,2020-05-22,428,21,13051,78,285506,56014
857,2020-03-20,1,0,2020-05-22,101,1,13085,0,23397,6208
858,2020-03-20,1,0,2020-05-22,478,22,13097,8,140152,22028
859,2020-03-20,1,0,2020-05-22,26,2,13149,0,11607,2692
860,2020-03-20,1,0,2020-05-22,50,1,13171,0,18282,3955
861,2020-03-20,1,0,2020-05-22,492,7,4027,42,204281,45739
862,2020-03-20,1,0,2020-05-22,73,0,1043,12,81703,19667
863,2020-03-20,1,0,2020-05-22,69,2,1071,10,52326,13441
864,2020-03-20,1,0,2020-05-22,17,0,1075,0,14021,3811
865,2020-03-20,1,0,2020-05-22,122,2,1077,48,92590,23452
866,2020-03-20,1,0,2020-05-22,63,5,1129,0,16746,4103
867,2020-03-20,1,0,2020-05-22,220,25,8014,20,64283,11264
868,2020-03-20,1,0,2020-05-22,21,0,8093,0,16900,4718
869,2020-03-20,1,0,2020-05-22,9,0,6005,6,37306,12967
870,2020-03-20,4,0,2020-05-22,1145,22,6025,28,179957,30768
871,2020-03-20,1,0,2020-05-22,181,8,24047,6,51559,17655
872,2020-03-20,2,0,2020-05-22,600,20,22079,26,132080,27820
873,2020-03-20,1,0,2020-05-22,782,32,22105,64,128850,24738
874,2020-03-20,1,0,2020-05-22,180,15,28001,15,31583,7493
875,2020-03-20,1,0,2020-05-22,23,2,28037,0,7772,2064
876,2020-03-20,1,0,2020-05-22,50,6,28053,0,8678,1849
877,2020-03-20,1,0,2020-05-22,116,3,28071,24,52744,8639
878,2020-03-20,1,0,2020-05-22,82,1,28077,0,12659,3005
879,2020-03-20,1,0,2020-05-22,99,5,28081,42,84840,16183
880,2020-03-20,1,0,2020-05-22,68,3,28093,0,35981,7858
881,2020-03-20,1,0,2020-05-22,6,0,16011,5,45369,8667
882,2020-03-20,1,0,2020-05-22,41,1,27025,10,54297,10806
883,2020-03-20,1,0,2020-05-22,356,22,27027,0,62040,10982
884,2020-03-20,2,0,2020-05-22,17,1,27045,0,20825,5688
885,2020-03-20,1,0,2020-05-22,1199,73,18003,170,367747,70976
886,2020-03-20,1,0,2020-05-22,214,22,18053,19,67615,16678
887,2020-03-20,1,0,2020-05-22,455,29,18145,0,44339,10052
888,2020-03-20,1,0,2020-05-22,233,2,18163,154,181831,40560
889,2020-03-20,1,0,2020-05-22,132,8,18167,54,107723,22306
890,2020-03-20,1,0,2020-05-22,284,6,16027,41,207027,36810
891,2020-03-20,3,0,2020-05-22,66,0,16055,55,150128,36910
892,2020-03-20,1,0,2020-05-22,44,1,17001,25,66787,16968
893,2020-03-20,1,0,2020-05-22,32,5,17021,0,33562,8376
894,2020-03-20,4,0,2020-05-22,195,9,17113,30,173231,29727
895,2020-03-20,1,0,2020-05-22,112,3,22025,0,10044,2388
896,2020-03-20,2,0,2020-05-22,236,16,22031,0,27164,6289
897,2020-03-20,1,0,2020-05-22,49,1,21035,10,38616,8253
898,2020-03-20,1,0,2020-05-22,61,1,20161,8,75696,8478
899,2020-03-20,1,0,2020-05-22,51,0,20155,20,63360,15902
900,2020-03-21,2,0,2020-05-22,170,5,39025,16,202166,43133
901,2020-03-21,2,0,2020-05-22,240,18,36101,8,97539,24270
902,2020-03-21,1,0,2020-05-22,246,7,37021,166,252268,64710
903,2020-03-21,1,0,2020-05-22,134,3,37035,52,156182,35455
904,2020-03-21,1,0,2020-05-22,25,1,41033,12,84514,28339
905,2020-03-21,1,0,2020-05-22,209,12,42019,35,185984,44846
906,2020-03-21,1,1,2020-05-22,133,4,39043,18,75369,20550
907,2020-03-21,1,0,2020-05-22,200,10,39089,38,170678,36737
908,2020-03-21,2,0,2020-05-22,32,2,39039,8,38311,9084
909,2020-03-21,1,0,2020-05-22,143,4,28151,22,48002,9825
910,2020-03-21,3,0,2020-05-22,17,2,30013,20,81816,19330
911,2020-03-21,1,0,2020-05-22,13,0,30081,5,41387,13513
912,2020-03-21,1,0,2020-05-22,71,0,29101,0,53941,8743
913,2020-03-21,1,0,2020-05-22,59,2,28107,0,34229,7047
914,2020-03-21,1,0,2020-05-22,82,0,28127,0,27215,6069
915,2020-03-21,1,0,2020-05-22,47,2,28143,0,10276,1747
916,2020-03-21,1,0,2020-05-22,68,4,28145,8,28202,6249
917,2020-03-21,1,0,2020-05-22,7,1,29013,0,16405,4245
918,2020-03-21,1,0,2020-05-22,29,0,29097,88,118522,23997
919,2020-03-21,1,0,2020-05-22,21,0,35025,8,69505,10775
920,2020-03-21,1,0,2020-05-22,248,13,33017,17,126552,25034
921,2020-03-21,1,0,2020-05-22,122,3,51093,0,36090,9254
922,2020-03-21,1,0,2020-05-22,192,20,51117,10,30959,9967
924,2020-03-21,1,0,2020-05-22,31,1,51067,4,56277,16636
925,2020-03-21,2,0,2020-05-22,99,5,50011,0,48816,10296
926,2020-03-21,2,0,2020-05-22,80,3,50025,0,43332,12533
927,2020-03-21,1,0,2020-05-22,142,4,51003,12,105105,24260
928,2020-03-21,1,0,2020-05-22,31,4,51023,0,33149,9316
929,2020-03-21,1,0,2020-05-22,16,1,56007,6,15689,3421
930,2020-03-21,4,0,2020-05-22,139,7,28087,18,59558,12035
931,2020-03-21,2,0,2020-05-22,27,0,54051,9,32006,9258
932,2020-03-21,1,0,2020-05-22,31,0,54079,0,56644,13622
933,2020-03-21,1,0,2020-05-22,30,2,45053,4,27465,6289
934,2020-03-21,1,0,2020-05-22,91,0,45069,0,27505,6373
935,2020-03-21,1,0,2020-05-22,44,1,45071,7,37914,9371
936,2020-03-21,2,0,2020-05-22,79,1,45047,30,69981,16269
937,2020-03-21,1,0,2020-05-22,26,1,47017,6,28137,7284
938,2020-03-21,1,0,2020-05-22,20,0,47029,5,35262,9766
939,2020-03-21,1,0,2020-05-22,50,0,42093,42,18302,5047
940,2020-03-21,1,0,2020-05-22,146,3,45033,6,31073,6605
941,2020-03-21,1,0,2020-05-22,47,2,45037,0,26620,6610
942,2020-03-21,1,0,2020-05-22,141,7,48117,0,18947,3234
943,2020-03-21,1,0,2020-05-22,29,1,48069,0,7891,1688
944,2020-03-21,1,0,2020-05-22,124,12,48329,48,159883,24676
945,2020-03-21,1,0,2020-05-22,3,1,48359,0,2083,388
946,2020-03-21,2,0,2020-05-22,2229,26,48375,99,121230,19850
947,2020-03-21,1,0,2020-05-22,100,2,47047,0,39336,10782
948,2020-03-21,3,0,2020-05-22,57,2,47123,0,45698,12263
949,2020-03-21,5,0,2020-05-22,350,5,47141,38,75565,16721
950,2020-03-21,1,0,2020-05-22,10,0,47145,6,52926,15778
951,2020-03-21,2,0,2020-05-22,11,0,47151,0,21949,4657
952,2020-03-21,1,0,2020-05-22,161,2,48021,0,80306,16787
953,2020-03-21,1,0,2020-05-22,231,19,28085,5,34542,7781
954,2020-03-21,2,0,2020-05-22,233,5,12083,110,343778,119425
955,2020-03-21,1,0,2020-05-22,138,4,12107,10,72435,21116
956,2020-03-21,1,0,2020-05-22,363,28,12111,69,298763,87591
957,2020-03-21,2,0,2020-05-22,329,19,13009,12,45527,9287
958,2020-03-21,1,0,2020-05-22,92,3,12005,77,180117,40210
959,2020-03-21,1,0,2020-05-22,111,8,12055,38,100177,41387
960,2020-03-21,1,0,2020-05-22,88,1,13187,0,31567,7478
961,2020-03-21,1,0,2020-05-22,107,10,1093,4,30058,8196
962,2020-03-21,3,0,2020-05-22,1139,23,4001,0,71602,14107
963,2020-03-21,1,0,2020-05-22,56,2,4003,12,126516,35231
964,2020-03-21,2,0,2020-05-22,28,1,6115,24,74644,12327
965,2020-03-21,2,0,2020-05-22,69,18,8015,2,18818,6312
966,2020-03-21,3,0,2020-05-22,48,2,8039,0,24553,5592
967,2020-03-21,1,0,2020-05-22,3,0,8053,0,820,329
968,2020-03-21,1,0,2020-05-22,152,12,8085,8,40908,12041
969,2020-03-21,2,0,2020-05-22,6,0,6093,4,43530,14018
970,2020-03-21,1,0,2020-05-22,34,0,6007,43,225207,53616
971,2020-03-21,2,0,2020-05-22,74,0,6017,28,185015,49939
972,2020-03-21,1,0,2020-05-22,13,0,25019,0,10912,2283
973,2020-03-21,1,0,2020-05-22,389,10,24043,48,149546,33148
974,2020-03-21,1,0,2020-05-22,197,6,26005,0,114145,24717
975,2020-03-21,1,0,2020-05-22,57,2,26015,0,59607,14931
976,2020-03-21,2,0,2020-05-22,571,43,26021,20,154948,39067
977,2020-03-21,1,0,2020-05-22,334,20,26025,32,134327,31227
978,2020-03-21,1,0,2020-05-22,17,2,26035,0,30597,9532
979,2020-03-21,1,0,2020-05-22,71,1,24039,0,25801,5570
980,2020-03-21,1,0,2020-05-22,294,29,22101,15,52578,11173
981,2020-03-21,1,0,2020-05-22,28,0,23023,0,35149,9471
982,2020-03-21,1,0,2020-05-22,223,0,24011,0,32785,6877
983,2020-03-21,1,0,2020-05-22,16,0,27157,0,21490,5929
984,2020-03-21,1,0,2020-05-22,269,12,28007,0,18731,4680
985,2020-03-21,1,0,2020-05-22,95,3,28025,6,19990,4730
986,2020-03-21,2,0,2020-05-22,134,0,27147,0,36612,8393
987,2020-03-21,1,0,2020-05-22,68,2,28043,5,21379,4746
988,2020-03-21,3,0,2020-05-22,81,7,28057,0,23439,5355
989,2020-03-21,1,0,2020-05-22,307,3,17037,16,104473,16887
990,2020-03-21,1,0,2020-05-22,373,8,28079,0,22936,4515
991,2020-03-21,1,0,2020-05-22,19,1,28039,6,23545,4774
992,2020-03-21,1,0,2020-05-22,109,13,27137,179,200294,50288
993,2020-03-21,1,0,2020-05-22,973,104,26145,133,193803,47390
994,2020-03-21,1,0,2020-05-22,177,23,26157,0,53569,14012
995,2020-03-21,1,0,2020-05-22,11,2,26165,6,32915,8300
996,2020-03-21,1,0,2020-05-22,41,0,27039,0,20485,4015
997,2020-03-21,1,0,2020-05-22,37,0,27063,0,10104,2709
998,2020-03-21,1,0,2020-05-22,136,1,18103,4,36035,7957
999,2020-03-21,1,0,2020-05-22,52,1,18175,0,27807,6355
1000,2020-03-21,1,0,2020-05-22,26,0,19065,0,20139,5519
1001,2020-03-21,1,0,2020-05-22,56,1,19087,0,19865,4736
1002,2020-03-21,1,0,2020-05-22,316,28,18059,24,72776,15514
1003,2020-03-21,1,1,2020-05-22,328,26,18035,36,115938,25540
1004,2020-03-21,1,0,2020-05-22,908,28,18039,35,202924,38669
1005,2020-03-21,3,0,2020-05-22,917,75,19113,44,220008,45693
1006,2020-03-21,1,0,2020-05-22,180,21,18061,4,39450,9441
1007,2020-03-21,1,0,2020-05-22,16,0,21215,0,18012,3154
1008,2020-03-21,1,0,2020-05-22,101,9,22009,2,41095,9096
1009,2020-03-21,1,0,2020-05-22,56,4,22011,6,36598,7788
1010,2020-03-21,1,0,2020-05-22,136,21,22013,0,13806,3706
1011,2020-03-21,1,0,2020-05-22,60,10,22027,4,16296,3960
1012,2020-03-21,2,0,2020-05-22,87,1,22039,24,33750,6942
1013,2020-03-21,2,0,2020-05-22,1041,35,22073,88,156433,30466
1014,2020-03-21,1,0,2020-05-22,88,1,19169,14,95888,14980
1015,2020-03-21,1,0,2020-05-22,45,1,21151,12,88376,16155
1016,2020-03-21,1,1,2020-05-22,15,1,21005,0,22017,4689
1017,2020-03-22,1,0,2020-05-22,60,0,37165,8,35445,8246
1018,2020-03-22,1,0,2020-05-22,646,13,37155,25,134187,26448
1019,2020-03-22,9,0,2020-05-22,373,17,37179,14,222095,36152
1020,2020-03-22,1,0,2020-05-22,166,3,37127,21,94125,22363
1021,2020-03-22,1,0,2020-05-22,28,2,39019,0,27825,7474
1022,2020-03-22,1,0,2020-05-22,43,0,39027,6,41869,9347
1023,2020-03-22,1,0,2020-05-22,350,3,37105,8,59805,12481
1024,2020-03-22,4,0,2020-05-22,20,1,37039,0,27463,9952
1025,2020-03-22,1,0,2020-05-22,305,41,37089,27,112156,35451
1026,2020-03-22,1,0,2020-05-22,226,7,37077,6,58503,13167
1027,2020-03-22,1,0,2020-05-22,62,2,37059,0,41766,11078
1028,2020-03-22,2,0,2020-05-22,541,14,37051,48,332766,52166
1029,2020-03-22,1,0,2020-05-22,34,6,40101,24,69471,15273
1030,2020-03-22,1,0,2020-05-22,7,0,40103,0,11421,2862
1031,2020-03-22,1,0,2020-05-22,195,2,36089,20,110817,24432
1032,2020-03-22,1,0,2020-05-22,47,1,39063,34,75508,16816
1033,2020-03-22,1,0,2020-05-22,86,5,39057,20,164825,36821
1034,2020-03-22,1,0,2020-05-22,7,1,39053,14,30203,7248
1035,2020-03-22,1,0,2020-05-22,261,43,39173,10,129504,25640
1036,2020-03-22,1,0,2020-05-22,308,55,39133,16,162080,34412
1037,2020-03-22,1,0,2020-05-22,814,7,31047,0,23925,4804
1038,2020-03-22,1,0,2020-05-22,59,1,28137,0,28333,5924
1039,2020-03-22,2,0,2020-05-22,73,3,28133,0,26915,4684
1040,2020-03-22,1,0,2020-05-22,26,2,28115,0,31075,6065
1041,2020-03-22,2,0,2020-05-22,126,9,28105,6,49392,7290
1042,2020-03-22,1,0,2020-05-22,77,1,28097,0,10309,2723
1043,2020-03-22,1,0,2020-05-22,27,1,28155,0,9868,2204
1044,2020-03-22,1,0,2020-05-22,37,0,36023,12,48334,10162
1045,2020-03-22,1,0,2020-05-22,297,4,36053,6,71760,16941
1046,2020-03-22,1,0,2020-05-22,16,1,33019,0,43073,11885
1047,2020-03-22,1,0,2020-05-22,1490,103,35045,10,128221,23922
1048,2020-03-22,1,0,2020-05-22,523,26,34033,19,63776,15640
1049,2020-03-22,1,0,2020-05-22,342,29,42037,22,66615,16359
1050,2020-03-22,2,0,2020-05-22,555,5,51047,6,49795,10197
1051,2020-03-22,1,0,2020-05-22,84,6,51065,0,26109,6641
1052,2020-03-22,2,0,2020-05-22,9,0,51105,0,24428,6175
1053,2020-03-22,1,0,2020-05-22,67,1,51109,0,34813,9238
1054,2020-03-22,2,0,2020-05-22,444,6,51165,0,78653,18979
1055,2020-03-22,1,0,2020-05-22,41,2,51019,6,77319,21440
1056,2020-03-22,1,0,2020-05-22,25,0,51009,0,31819,8552
1057,2020-03-22,1,0,2020-05-22,19,0,53075,6,47794,6710
1058,2020-03-22,1,0,2020-05-22,235,0,46013,10,38637,8651
1059,2020-03-22,1,0,2020-05-22,66,8,45029,8,37581,9996
1060,2020-03-22,1,0,2020-05-22,102,4,42085,45,113623,31083
1061,2020-03-22,1,0,2020-05-22,93,4,42051,15,133160,36302
1062,2020-03-22,1,0,2020-05-22,1049,57,42043,142,273329,61034
1063,2020-03-22,1,0,2020-05-22,560,26,42107,16,144287,38502
1064,2020-03-22,1,0,2020-05-22,7,0,47083,0,8188,2113
1065,2020-03-22,1,0,2020-05-22,60,1,47053,3,49222,11692
1066,2020-03-22,1,0,2020-05-22,45,1,47051,10,41397,10550
1067,2020-03-22,1,0,2020-05-22,12,0,47023,0,17097,3805
1068,2020-03-22,1,0,2020-05-22,130,0,47105,5,51024,16724
1069,2020-03-22,1,0,2020-05-22,35,1,47115,0,28355,7204
1070,2020-03-22,1,0,2020-05-22,13,0,47135,0,7882,2130
1071,2020-03-22,1,0,2020-05-22,124,12,47107,4,52569,13164
1072,2020-03-22,1,1,2020-05-22,281,11,13013,6,75099,12454
1073,2020-03-22,2,0,2020-05-22,206,19,13035,0,23556,4813
1074,2020-03-22,1,0,2020-05-22,225,13,13069,10,43048,7860
1075,2020-03-22,1,0,2020-05-22,46,1,13065,0,6788,1466
1076,2020-03-22,1,0,2020-05-22,24,2,13055,0,24880,5705
1077,2020-03-22,1,0,2020-05-22,97,8,12027,8,35675,9739
1078,2020-03-22,2,0,2020-05-22,121,2,12023,27,68484,17039
1079,2020-03-22,1,0,2020-05-22,50,2,12007,0,26775,6394
1080,2020-03-22,1,0,2020-05-22,173,4,12035,18,105015,38651
1081,2020-03-22,1,0,2020-05-22,11,0,13289,0,8323,2395
1082,2020-03-22,1,0,2020-05-22,24,0,17085,0,22046,7704
1083,2020-03-22,2,0,2020-05-22,515,7,17019,51,207946,35016
1084,2020-03-22,1,0,2020-05-22,2,0,16085,0,10104,3660
1085,2020-03-22,1,0,2020-05-22,13,0,13267,0,25402,4769
1086,2020-03-22,1,0,2020-05-22,23,5,26055,20,91222,23009
1087,2020-03-22,1,0,2020-05-22,17,1,26051,0,25324,8522
1088,2020-03-22,1,0,2020-05-22,21,2,26047,58,32978,9255
1089,2020-03-22,1,0,2020-05-22,370,13,24037,12,110979,18983
1090,2020-03-22,1,0,2020-05-22,339,20,24015,5,102416,21069
1091,2020-03-22,1,0,2020-05-22,125,12,28017,0,17305,3982
1092,2020-03-22,1,0,2020-05-22,30,2,17105,5,36812,9046
1093,2020-03-22,1,0,2020-05-22,21,0,26143,0,23934,9877
1094,2020-03-22,1,0,2020-05-22,39,1,27079,0,27810,6343
1095,2020-03-22,1,0,2020-05-22,21,1,18159,0,15290,3910
1096,2020-03-22,1,0,2020-05-22,110,6,18137,0,28372,6402
1097,2020-03-22,1,0,2020-05-22,132,6,18133,6,37543,8058
1098,2020-03-22,1,0,2020-05-22,261,24,18109,10,69533,15510
1099,2020-03-22,1,0,2020-05-22,157,10,18105,38,144436,23773
1100,2020-03-22,1,1,2020-05-22,107,3,18143,4,23722,5247
1101,2020-03-22,1,0,2020-05-22,88,8,19157,5,18428,4687
1102,2020-03-22,1,0,2020-05-22,7,0,19109,0,15166,4508
1103,2020-03-22,2,0,2020-05-22,20,1,19033,18,43134,12003
1104,2020-03-22,1,0,2020-05-22,329,9,19163,46,171493,36851
1105,2020-03-22,1,0,2020-05-22,173,2,17177,8,45839,13432
1106,2020-03-22,1,0,2020-05-22,665,25,17161,58,146205,35994
1107,2020-03-22,1,0,2020-05-22,188,0,19167,0,34692,6858
1108,2020-03-22,3,0,2020-05-22,384,23,19171,0,17236,4455
1109,2020-03-22,1,0,2020-05-22,289,15,22001,4,62607,12138
1110,2020-03-22,1,0,2020-05-22,60,3,21185,8,64633,11255
1111,2020-03-22,1,0,2020-05-22,50,0,21113,0,51667,10163
1112,2020-03-22,1,0,2020-05-22,3,0,20123,4,6230,1776
1113,2020-03-22,1,0,2020-05-22,84,0,20085,0,13322,3473
1114,2020-03-22,1,0,2020-05-22,2468,23,19193,33,102397,20666
1115,2020-03-22,1,0,2020-05-22,44,2,21003,0,20628,4783
1116,2020-03-22,1,0,2020-05-22,3,0,21025,4,13276,2950
1117,2020-03-22,1,0,2020-05-22,90,2,21093,20,107699,19472
