,date_0days,cases_0days,deaths_0days,date_70days,cases_70days,deaths_70days,fips
0,2020-01-21,1,0,2020-03-31,1228,32,53061
1,2020-01-24,1,0,2020-04-03,6473,141,17031
2,2020-01-25,1,0,2020-04-04,786,14,6059
3,2020-01-26,1,0,2020-04-05,5940,132,6037
4,2020-01-26,1,0,2020-04-05,1326,31,4013
5,2020-01-31,1,0,2020-04-10,1484,50,6085
6,2020-02-01,1,0,2020-04-11,4926,81,25025
7,2020-02-02,2,0,2020-04-12,875,14,6075
8,2020-02-05,1,0,2020-04-15,351,15,55025
9,2020-02-10,1,0,2020-04-20,2325,72,6073
10,2020-02-12,1,0,2020-04-22,1126,39,48029
11,2020-02-17,10,0,2020-04-27,476,14,31055
12,2020-02-20,1,0,2020-04-30,54,0,6023
13,2020-02-21,1,0,2020-05-01,1090,43,6067
14,2020-02-24,4,0,2020-05-04,378,22,53063
15,2020-02-24,1,0,2020-05-04,325,6,6095
16,2020-02-25,1,0,2020-05-05,2832,35,49035
17,2020-02-26,1,0,2020-05-06,286,4,6097
18,2020-02-26,1,0,2020-05-06,79,2,6055
19,2020-02-26,1,0,2020-05-06,244,14,6041
20,2020-02-28,1,0,2020-05-08,556,12,41067
21,2020-02-28,1,0,2020-05-08,6942,487,53033
22,2020-03-01,1,0,2020-05-10,776,74,12081
23,2020-03-01,1,0,2020-05-10,1432,37,12057
24,2020-03-01,1,0,2020-05-10,2085,75,6001
25,2020-03-02,1,0,2020-05-11,7004,661,25021
26,2020-03-02,1,0,2020-05-11,58,1,33009
27,2020-03-02,1,0,2020-05-11,104,2,53071
28,2020-03-02,2,0,2020-05-11,3516,145,13121
29,2020-03-02,1,0,2020-05-11,170,8,6061
30,2020-03-02,1,0,2020-05-11,1464,65,6081
31,2020-03-03,1,0,2020-05-12,1061,23,37183
32,2020-03-03,1,0,2020-05-12,1066,32,6013
33,2020-03-04,1,0,2020-05-13,17150,1409,34003
34,2020-03-04,9,0,2020-05-13,31610,1368,36119
35,2020-03-04,1,0,2020-05-13,1452,40,48157
36,2020-03-04,1,0,2020-05-13,165,7,53007
37,2020-03-05,1,0,2020-05-14,38743,2485,36059
38,2020-03-05,1,0,2020-05-14,1154,45,32031
39,2020-03-05,1,0,2020-05-14,5144,282,32003
40,2020-03-05,4,0,2020-05-14,8817,193,48201
41,2020-03-05,1,0,2020-05-14,456,10,47187
42,2020-03-05,1,0,2020-05-14,18381,1327,25017
43,2020-03-05,3,0,2020-05-14,7588,437,24031
44,2020-03-05,1,0,2020-05-14,180,9,12113
45,2020-03-05,1,0,2020-05-14,1748,107,8059
46,2020-03-05,1,0,2020-05-14,621,31,8035
47,2020-03-06,1,0,2020-05-15,752,37,40143
48,2020-03-06,1,0,2020-05-15,495,24,37037
49,2020-03-06,2,0,2020-05-15,12637,434,36087
50,2020-03-06,1,0,2020-05-15,5255,262,34007
51,2020-03-06,1,0,2020-05-15,5409,466,42045
52,2020-03-06,1,0,2020-05-15,107,7,42127
53,2020-03-06,1,0,2020-05-15,401,25,53011
54,2020-03-06,1,0,2020-05-15,501,10,45019
55,2020-03-06,1,0,2020-05-15,1287,61,27123
56,2020-03-06,1,0,2020-05-15,1772,66,53053
57,2020-03-06,1,0,2020-05-15,29,0,53031
58,2020-03-06,1,0,2020-05-15,354,2,49011
59,2020-03-06,1,0,2020-05-15,261,12,45055
60,2020-03-06,1,0,2020-05-15,165,0,49053
61,2020-03-06,1,0,2020-05-15,670,28,4021
62,2020-03-06,2,0,2020-05-15,4452,248,8031
63,2020-03-06,1,0,2020-05-15,182,22,6113
64,2020-03-06,1,0,2020-05-15,532,12,21067
65,2020-03-06,1,0,2020-05-15,8082,500,18097
66,2020-03-06,1,0,2020-05-15,414,11,15003
67,2020-03-06,1,0,2020-05-15,78,0,13233
68,2020-03-06,1,1,2020-05-15,1384,74,12071
69,2020-03-06,2,0,2020-05-15,6133,272,12011
70,2020-03-06,1,0,2020-05-15,1251,83,8041
71,2020-03-06,1,0,2020-05-15,566,8,8037
72,2020-03-07,1,0,2020-05-16,41,0,41035
73,2020-03-07,2,0,2020-05-16,423,3,36091
74,2020-03-07,2,0,2020-05-16,50,0,41029
75,2020-03-07,1,0,2020-05-16,1095,60,33015
76,2020-03-07,1,0,2020-05-16,4106,329,29189
77,2020-03-07,1,0,2020-05-16,51,0,53037
78,2020-03-07,1,0,2020-05-16,7386,278,51059
79,2020-03-07,1,0,2020-05-16,60,1,50003
80,2020-03-07,2,0,2020-05-16,5797,614,42091
81,2020-03-07,1,0,2020-05-16,149,3,6087
82,2020-03-07,1,0,2020-05-16,5618,255,6065
83,2020-03-07,1,0,2020-05-16,71,2,6039
84,2020-03-07,1,0,2020-05-16,1192,16,6019
85,2020-03-07,1,0,2020-05-16,495,37,25003
86,2020-03-07,1,0,2020-05-16,648,56,20091
87,2020-03-07,1,0,2020-05-16,2597,102,13135
88,2020-03-07,1,0,2020-05-16,2407,132,13067
89,2020-03-07,1,0,2020-05-16,591,30,12127
90,2020-03-07,1,0,2020-05-16,176,5,12091
91,2020-03-07,1,0,2020-05-16,370,41,12015
92,2020-03-07,1,0,2020-05-16,7042,375,11001
93,2020-03-08,1,0,2020-05-17,1552,42,36111
94,2020-03-08,1,0,2020-05-17,827,23,41047
95,2020-03-08,1,0,2020-05-17,25,0,41019
96,2020-03-08,1,0,2020-05-17,38117,1799,36103
97,2020-03-08,1,0,2020-05-17,15205,838,34031
98,2020-03-08,1,0,2020-05-17,113,2,27019
99,2020-03-08,1,0,2020-05-17,9252,569,25027
100,2020-03-08,1,0,2020-05-17,159,2,53035
101,2020-03-08,1,0,2020-05-17,3726,85,47157
102,2020-03-08,1,0,2020-05-17,4132,44,47037
103,2020-03-08,1,0,2020-05-17,399,13,45083
104,2020-03-08,1,0,2020-05-17,14248,1146,9001
105,2020-03-08,1,0,2020-05-17,690,34,24025
106,2020-03-08,1,0,2020-05-17,1922,127,21111
107,2020-03-08,1,0,2020-05-17,19,0,21097
108,2020-03-08,3,0,2020-05-17,569,7,19103
109,2020-03-08,1,0,2020-05-17,1050,74,18063
110,2020-03-08,1,0,2020-05-17,714,24,13057
111,2020-03-09,3,0,2020-05-18,3410,175,39035
112,2020-03-09,2,0,2020-05-18,7408,513,34025
113,2020-03-09,1,0,2020-05-18,17574,1068,34017
114,2020-03-09,1,0,2020-05-18,14903,962,34039
115,2020-03-09,1,0,2020-05-18,21,0,55093
116,2020-03-09,1,0,2020-05-18,557,19,51810
117,2020-03-09,1,0,2020-05-18,1259,88,42089
118,2020-03-09,1,0,2020-05-18,1049,31,48085
119,2020-03-09,1,0,2020-05-18,3767,253,8005
120,2020-03-09,1,0,2020-05-18,34,4,6089
121,2020-03-09,1,0,2020-05-18,1825,157,4019
122,2020-03-09,1,0,2020-05-18,495,21,8069
123,2020-03-09,1,0,2020-05-18,11629,436,24033
124,2020-03-09,1,0,2020-05-18,7059,430,22051
125,2020-03-09,1,0,2020-05-18,170,2,19155
126,2020-03-09,1,0,2020-05-18,153,21,18113
127,2020-03-09,2,0,2020-05-18,2856,86,13089
128,2020-03-09,1,0,2020-05-18,210,11,13113
129,2020-03-09,1,0,2020-05-18,187,13,13115
130,2020-03-10,1,0,2020-05-19,1005,55,41051
131,2020-03-10,1,0,2020-05-19,8078,928,26125
132,2020-03-10,1,0,2020-05-19,20129,1109,42101
133,2020-03-10,1,0,2020-05-19,19292,2275,26163
134,2020-03-10,1,0,2020-05-19,919,42,27003
135,2020-03-10,2,0,2020-05-19,4000,247,34005
136,2020-03-10,2,0,2020-05-19,1527,48,51107
137,2020-03-10,1,0,2020-05-19,426,15,53057
138,2020-03-10,1,0,2020-05-19,359,36,53073
139,2020-03-10,1,0,2020-05-19,224,3,49057
140,2020-03-10,1,0,2020-05-19,43,2,46005
141,2020-03-10,1,0,2020-05-19,10,0,46023
142,2020-03-10,2,1,2020-05-19,9,1,46035
143,2020-03-10,1,0,2020-05-19,3165,40,46099
144,2020-03-10,1,0,2020-05-19,57,2,47163
145,2020-03-10,2,0,2020-05-19,7904,191,48113
146,2020-03-10,1,0,2020-05-19,848,18,48339
147,2020-03-10,1,0,2020-05-19,4643,130,48439
148,2020-03-10,1,0,2020-05-19,850,28,6111
149,2020-03-10,1,0,2020-05-19,179,6,8051
150,2020-03-10,1,0,2020-05-19,339,7,12001
151,2020-03-10,1,0,2020-05-19,709,33,6077
152,2020-03-10,3,0,2020-05-19,1030,40,12021
153,2020-03-10,1,0,2020-05-19,280,37,18011
154,2020-03-10,5,0,2020-05-19,6869,494,22071
155,2020-03-10,1,0,2020-05-19,12748,797,25009
156,2020-03-10,1,0,2020-05-19,10,1,18001
157,2020-03-10,1,0,2020-05-19,1224,64,17111
158,2020-03-10,1,0,2020-05-19,66,1,12089
159,2020-03-10,1,0,2020-05-19,4682,120,17089
160,2020-03-10,1,0,2020-05-19,327,12,12101
161,2020-03-10,2,0,2020-05-19,1062,71,12103
162,2020-03-10,1,0,2020-05-19,29,1,13049
163,2020-03-11,1,0,2020-05-20,116,0,41017
164,2020-03-11,1,0,2020-05-20,29,1,38101
165,2020-03-11,1,0,2020-05-20,620,79,39151
166,2020-03-11,1,0,2020-05-20,94,9,41053
167,2020-03-11,1,0,2020-05-20,105,3,41059
168,2020-03-11,2,0,2020-05-20,4662,431,42017
169,2020-03-11,2,0,2020-05-20,110,9,41043
170,2020-03-11,1,0,2020-05-20,438,32,28035
171,2020-03-11,2,0,2020-05-20,14954,913,34023
172,2020-03-11,1,0,2020-05-20,1254,59,35001
173,2020-03-11,1,0,2020-05-20,127,3,35049
174,2020-03-11,2,0,2020-05-20,49,4,35053
175,2020-03-11,1,0,2020-05-20,2466,174,36055
176,2020-03-11,1,0,2020-05-20,181,10,53029
177,2020-03-11,2,0,2020-05-20,1728,81,51013
178,2020-03-11,1,0,2020-05-20,127,1,53067
179,2020-03-11,2,0,2020-05-20,148,3,55039
180,2020-03-11,1,0,2020-05-20,514,24,55133
181,2020-03-11,1,0,2020-05-20,16,0,56033
182,2020-03-11,1,0,2020-05-20,488,10,27109
183,2020-03-11,1,0,2020-05-20,439,38,50007
184,2020-03-11,1,0,2020-05-20,108,5,45057
185,2020-03-11,1,0,2020-05-20,4,0,46009
186,2020-03-11,1,0,2020-05-20,173,4,48183
187,2020-03-11,2,0,2020-05-20,598,26,6099
188,2020-03-11,9,0,2020-05-20,57,2,8097
189,2020-03-11,1,0,2020-05-20,2933,138,10003
190,2020-03-11,1,0,2020-05-20,16033,578,12086
191,2020-03-11,1,0,2020-05-20,499,21,5069
192,2020-03-11,1,0,2020-05-20,1062,36,18141
193,2020-03-11,1,0,2020-05-20,1939,156,22017
194,2020-03-11,3,0,2020-05-20,1053,104,18081
195,2020-03-11,1,0,2020-05-20,5041,277,24005
196,2020-03-11,1,0,2020-05-20,233,5,12109
197,2020-03-11,1,0,2020-05-20,334,18,18067
198,2020-03-11,3,0,2020-05-20,419,35,13015
199,2020-03-11,1,0,2020-05-20,6905,231,17097
200,2020-03-11,1,0,2020-05-20,226,5,13185
201,2020-03-11,1,0,2020-05-20,345,23,13177
202,2020-03-12,1,0,2020-05-21,499,40,39155
203,2020-03-12,2,0,2020-05-21,801,7,37067
204,2020-03-12,2,0,2020-05-21,2894,70,37119
205,2020-03-12,1,0,2020-05-21,290,20,37101
206,2020-03-12,1,0,2020-05-21,406,21,37025
207,2020-03-12,1,0,2020-05-21,81,2,37133
208,2020-03-12,1,0,2020-05-21,284,9,41005
209,2020-03-12,1,0,2020-05-21,10107,359,36071
210,2020-03-12,1,0,2020-05-21,27,0,31025
211,2020-03-12,1,0,2020-05-21,81,3,32510
212,2020-03-12,1,0,2020-05-21,16906,1576,34013
213,2020-03-12,2,0,2020-05-21,1700,134,36001
214,2020-03-12,1,0,2020-05-21,71,0,36025
215,2020-03-12,1,0,2020-05-21,3745,135,36027
216,2020-03-12,1,0,2020-05-21,93,1,36043
217,2020-03-12,1,0,2020-05-21,6155,583,34027
218,2020-03-12,1,0,2020-05-21,2814,186,42095
219,2020-03-12,1,0,2020-05-21,473,18,42103
220,2020-03-12,1,0,2020-05-21,244,19,51085
221,2020-03-12,3,0,2020-05-21,189,15,51095
222,2020-03-12,1,0,2020-05-21,99,2,51147
223,2020-03-12,1,0,2020-05-21,4183,79,51153
224,2020-03-12,1,0,2020-05-21,1,0,53013
225,2020-03-12,1,0,2020-05-21,15,0,53027
226,2020-03-12,2,0,2020-05-21,2684,83,53077
227,2020-03-12,1,0,2020-05-21,1627,37,51510
228,2020-03-12,1,0,2020-05-21,328,5,47093
229,2020-03-12,1,0,2020-05-21,111,8,29077
230,2020-03-12,1,0,2020-05-21,6029,502,27053
231,2020-03-12,2,0,2020-05-21,1853,11,27145
232,2020-03-12,1,0,2020-05-21,1303,121,9005
233,2020-03-12,1,0,2020-05-21,351,25,12019
234,2020-03-12,1,0,2020-05-21,1355,37,12031
235,2020-03-12,2,0,2020-05-21,4966,308,12099
236,2020-03-12,2,0,2020-05-21,550,67,12115
237,2020-03-12,2,0,2020-05-21,2759,108,8001
238,2020-03-12,1,0,2020-05-21,207,4,2020
239,2020-03-12,5,0,2020-05-21,740,28,5119
240,2020-03-12,1,0,2020-05-21,1603,74,6107
241,2020-03-12,1,0,2020-05-21,445,12,12117
242,2020-03-12,1,0,2020-05-21,17,0,21173
243,2020-03-12,1,0,2020-05-21,202,2,23001
244,2020-03-12,3,0,2020-05-21,3145,62,26081
245,2020-03-12,1,0,2020-05-21,62,1,26117
246,2020-03-12,1,0,2020-05-21,422,33,26147
247,2020-03-12,2,0,2020-05-21,1265,95,26161
248,2020-03-12,1,0,2020-05-21,929,32,27037
249,2020-03-12,1,0,2020-05-21,674,24,26065
250,2020-03-12,1,1,2020-05-21,1266,71,20209
251,2020-03-12,1,0,2020-05-21,7,0,19027
252,2020-03-13,1,0,2020-05-22,949,18,37191
253,2020-03-13,1,0,2020-05-22,1179,55,40109
254,2020-03-13,1,0,2020-05-22,645,28,36093
255,2020-03-13,3,0,2020-05-22,572,43,42041
256,2020-03-13,1,0,2020-05-22,2363,242,42029
257,2020-03-13,1,0,2020-05-22,11,0,30093
258,2020-03-13,1,0,2020-05-22,16,0,30049
259,2020-03-13,1,0,2020-05-22,149,1,30031
260,2020-03-13,1,0,2020-05-22,9,3,29083
261,2020-03-13,1,0,2020-05-22,203,27,28109
262,2020-03-13,1,0,2020-05-22,88,2,30111
263,2020-03-13,1,0,2020-05-22,8285,678,34029
264,2020-03-13,1,0,2020-05-22,231,3,53025
265,2020-03-13,1,0,2020-05-22,704,21,51660
266,2020-03-13,1,0,2020-05-22,238,6,56013
267,2020-03-13,3,0,2020-05-22,78,3,55117
268,2020-03-13,1,0,2020-05-22,1269,22,55101
269,2020-03-13,2,0,2020-05-22,5893,270,55079
270,2020-03-13,1,0,2020-05-22,211,25,28083
271,2020-03-13,1,0,2020-05-22,134,5,42125
272,2020-03-13,1,0,2020-05-22,27,0,47089
273,2020-03-13,1,0,2020-05-22,531,13,47065
274,2020-03-13,1,0,2020-05-22,5,1,46087
275,2020-03-13,1,0,2020-05-22,950,20,47149
276,2020-03-13,4,0,2020-05-22,2761,83,48453
277,2020-03-13,3,0,2020-05-22,198,4,48423
278,2020-03-13,1,0,2020-05-22,740,31,48167
279,2020-03-13,1,0,2020-05-22,2160,58,48141
280,2020-03-13,1,0,2020-05-22,282,3,48027
281,2020-03-13,1,0,2020-05-22,213,2,27171
282,2020-03-13,1,0,2020-05-22,2367,125,8123
283,2020-03-13,2,0,2020-05-22,197,2,8117
284,2020-03-13,1,0,2020-05-22,59,6,8107
285,2020-03-13,1,0,2020-05-22,233,14,8101
286,2020-03-13,1,0,2020-05-22,16,1,8019
287,2020-03-13,1,0,2020-05-22,644,18,12097
288,2020-03-13,1,0,2020-05-22,1743,37,12095
289,2020-03-13,1,0,2020-05-22,464,9,1125
290,2020-03-13,1,0,2020-05-22,1096,29,1101
291,2020-03-13,1,0,2020-05-22,72,0,1083
292,2020-03-13,2,0,2020-05-22,1498,88,1073
293,2020-03-13,1,0,2020-05-22,242,7,1051
294,2020-03-13,1,0,2020-05-22,259,4,28029
295,2020-03-13,1,0,2020-05-22,69,2,6069
296,2020-03-13,1,0,2020-05-22,958,67,24017
297,2020-03-13,1,0,2020-05-22,3215,149,24003
298,2020-03-13,1,0,2020-05-22,968,38,23005
299,2020-03-13,1,0,2020-05-22,623,48,22109
300,2020-03-13,2,0,2020-05-22,1609,155,22103
301,2020-03-13,1,0,2020-05-22,622,43,22089
302,2020-03-13,1,0,2020-05-22,14,1,26029
303,2020-03-13,1,0,2020-05-22,6445,776,26099
304,2020-03-13,1,0,2020-05-22,11,0,26089
305,2020-03-13,1,0,2020-05-22,269,16,26017
306,2020-03-13,1,0,2020-05-22,794,23,16001
307,2020-03-13,1,0,2020-05-22,627,20,13151
308,2020-03-13,2,0,2020-05-22,136,15,13129
309,2020-03-13,1,0,2020-05-22,26,0,20015
310,2020-03-13,1,0,2020-05-22,18,0,19085
311,2020-03-14,4,0,2020-05-23,750,25,39017
312,2020-03-14,1,0,2020-05-23,5097,224,39049
313,2020-03-14,2,0,2020-05-23,381,12,39013
314,2020-03-14,2,0,2020-05-23,269,21,37085
315,2020-03-14,1,0,2020-05-23,177,4,37049
316,2020-03-14,1,0,2020-05-23,81,4,37019
317,2020-03-14,1,0,2020-05-23,149,2,36109
318,2020-03-14,1,0,2020-05-23,637,59,39093
319,2020-03-14,1,0,2020-05-23,121,18,36107
320,2020-03-14,1,0,2020-05-23,1753,158,42003
321,2020-03-14,2,0,2020-05-23,1204,159,39153
322,2020-03-14,1,0,2020-05-23,21,1,40065
323,2020-03-14,1,0,2020-05-23,306,2,39157
324,2020-03-14,2,0,2020-05-23,39,1,30063
325,2020-03-14,1,0,2020-05-23,6351,447,34021
326,2020-03-14,1,0,2020-05-23,485,41,36007
327,2020-03-14,2,0,2020-05-23,534,26,35043
328,2020-03-14,1,0,2020-05-23,386,4,51177
329,2020-03-14,1,0,2020-05-23,1193,29,51041
330,2020-03-14,2,0,2020-05-23,49,2,50027
331,2020-03-14,1,0,2020-05-23,39,1,50023
332,2020-03-14,1,0,2020-05-23,166,1,55139
333,2020-03-14,1,0,2020-05-23,24,3,53039
334,2020-03-14,1,0,2020-05-23,17,1,47013
335,2020-03-14,3,0,2020-05-23,332,12,45013
336,2020-03-14,1,0,2020-05-23,548,29,45063
337,2020-03-14,2,0,2020-05-23,403,0,49043
338,2020-03-14,1,0,2020-05-23,270,3,48209
339,2020-03-14,2,0,2020-05-23,835,12,48039
340,2020-03-14,1,0,2020-05-23,10847,897,9009
341,2020-03-14,1,0,2020-05-23,9545,1169,9003
342,2020-03-14,1,0,2020-05-23,54,0,8077
343,2020-03-14,2,0,2020-05-23,316,8,13077
344,2020-03-14,1,0,2020-05-23,21,0,4009
345,2020-03-14,1,0,2020-05-23,273,9,1003
346,2020-03-14,1,0,2020-05-23,923,61,8013
347,2020-03-14,1,0,2020-05-23,259,1,6079
348,2020-03-14,1,0,2020-05-23,6426,362,25005
349,2020-03-14,1,0,2020-05-23,1264,107,25001
350,2020-03-14,1,0,2020-05-23,767,76,24013
351,2020-03-14,1,0,2020-05-23,838,77,22095
352,2020-03-14,1,0,2020-05-23,766,68,22057
353,2020-03-14,1,0,2020-05-23,5,0,27129
354,2020-03-14,1,0,2020-05-23,461,19,26115
355,2020-03-14,1,0,2020-05-23,35,0,21179
356,2020-03-14,1,0,2020-05-23,18,2,17203
357,2020-03-14,2,0,2020-05-23,1016,79,17163
358,2020-03-14,2,0,2020-05-23,335,28,17167
359,2020-03-14,1,0,2020-05-23,6891,339,17043
360,2020-03-14,1,0,2020-05-23,11,0,16081
361,2020-03-14,2,0,2020-05-23,20,0,15007
362,2020-03-14,1,0,2020-05-23,381,25,22015
363,2020-03-14,2,0,2020-05-23,510,5,16013
364,2020-03-14,1,0,2020-05-23,10,0,17035
365,2020-03-14,1,0,2020-05-23,9,1,21017
366,2020-03-14,1,0,2020-05-23,32,0,20059
367,2020-03-14,1,0,2020-05-23,821,14,19049
368,2020-03-14,1,0,2020-05-23,22,0,18179
369,2020-03-14,1,0,2020-05-23,388,21,18091
370,2020-03-15,1,0,2020-05-24,13,0,37189
371,2020-03-15,1,0,2020-05-24,314,9,37195
372,2020-03-15,1,0,2020-05-24,288,19,39103
373,2020-03-15,1,0,2020-05-24,65,7,41071
374,2020-03-15,1,0,2020-05-24,45,1,40119
375,2020-03-15,1,0,2020-05-24,52,7,40071
376,2020-03-15,1,0,2020-05-24,489,37,40027
377,2020-03-15,1,0,2020-05-24,2107,229,39095
378,2020-03-15,2,0,2020-05-24,1208,59,36079
379,2020-03-15,1,0,2020-05-24,2095,112,33011
380,2020-03-15,2,0,2020-05-24,893,24,28049
381,2020-03-15,1,0,2020-05-24,79,4,36057
382,2020-03-15,2,0,2020-05-24,220,5,36039
383,2020-03-15,3,0,2020-05-24,5626,484,36029
384,2020-03-15,1,0,2020-05-24,1704,14,49049
385,2020-03-15,1,0,2020-05-24,506,26,27163
386,2020-03-15,1,0,2020-05-24,2,0,53043
387,2020-03-15,1,0,2020-05-24,35,3,53041
388,2020-03-15,3,0,2020-05-24,377,21,45051
389,2020-03-15,1,0,2020-05-24,1286,53,45045
390,2020-03-15,2,0,2020-05-24,218,8,45007
391,2020-03-15,1,0,2020-05-24,2645,135,42079
392,2020-03-15,1,0,2020-05-24,3651,206,42077
393,2020-03-15,1,0,2020-05-24,1224,30,48121
394,2020-03-15,1,0,2020-05-24,24,0,27161
395,2020-03-15,1,0,2020-05-24,119,12,12017
396,2020-03-15,1,0,2020-05-24,27,3,12003
397,2020-03-15,1,0,2020-05-24,121,2,8045
398,2020-03-15,6,0,2020-05-24,1727,139,13095
399,2020-03-15,2,0,2020-05-24,1119,43,13063
400,2020-03-15,2,0,2020-05-24,224,13,13059
401,2020-03-15,1,0,2020-05-24,97,1,5125
402,2020-03-15,2,0,2020-05-24,133,1,5051
403,2020-03-15,2,0,2020-05-24,433,19,1117
404,2020-03-15,1,0,2020-05-24,498,32,1081
405,2020-03-15,1,0,2020-05-24,1566,12,6083
406,2020-03-15,1,0,2020-05-24,4365,176,6071
407,2020-03-15,1,0,2020-05-24,1671,52,24027
408,2020-03-15,1,0,2020-05-24,4791,231,24510
409,2020-03-15,1,0,2020-05-24,20,0,23015
410,2020-03-15,1,0,2020-05-24,521,21,22087
411,2020-03-15,1,0,2020-05-24,696,26,26139
412,2020-03-15,3,0,2020-05-24,7559,508,25023
413,2020-03-15,1,0,2020-05-24,5687,542,25013
414,2020-03-15,1,0,2020-05-24,1925,52,17201
415,2020-03-15,1,0,2020-05-24,135,10,17195
416,2020-03-15,1,0,2020-05-24,176,16,17027
417,2020-03-15,1,0,2020-05-24,118,6,15009
418,2020-03-15,1,0,2020-05-24,304,10,13217
419,2020-03-15,1,0,2020-05-24,37,0,21049
420,2020-03-15,1,0,2020-05-24,3744,108,19153
421,2020-03-15,1,0,2020-05-24,1109,96,18057
422,2020-03-15,2,0,2020-05-24,118,4,19005
423,2020-03-16,1,0,2020-05-25,1312,45,37063
424,2020-03-16,1,0,2020-05-25,257,29,39055
425,2020-03-16,1,0,2020-05-25,128,3,40017
426,2020-03-16,1,0,2020-05-25,55,5,41003
427,2020-03-16,1,0,2020-05-25,1981,113,36067
428,2020-03-16,1,0,2020-05-25,46,0,33003
429,2020-03-16,1,0,2020-05-25,80,8,29037
430,2020-03-16,1,0,2020-05-25,246,24,28095
431,2020-03-16,1,0,2020-05-25,88,11,28045
432,2020-03-16,1,0,2020-05-25,185,12,36069
433,2020-03-16,2,0,2020-05-25,44,0,36003
434,2020-03-16,4,0,2020-05-25,4480,399,34035
435,2020-03-16,1,0,2020-05-25,966,57,34019
436,2020-03-16,1,0,2020-05-25,69,3,51199
437,2020-03-16,1,0,2020-05-25,599,4,51179
438,2020-03-16,1,0,2020-05-25,8,0,50017
439,2020-03-16,1,0,2020-05-25,247,1,49051
440,2020-03-16,1,0,2020-05-25,9,1,55141
441,2020-03-16,1,0,2020-05-25,193,7,55087
442,2020-03-16,1,0,2020-05-25,113,0,49045
443,2020-03-16,1,0,2020-05-25,160,9,45039
444,2020-03-16,2,1,2020-05-25,68,5,48321
445,2020-03-16,1,0,2020-05-25,153,11,48037
446,2020-03-16,1,0,2020-05-25,72,2,47155
447,2020-03-16,1,0,2020-05-25,768,26,12033
448,2020-03-16,1,0,2020-05-25,275,15,12069
449,2020-03-16,1,0,2020-05-25,480,12,13117
450,2020-03-16,1,0,2020-05-25,975,8,5079
451,2020-03-16,1,0,2020-05-25,19,0,5041
452,2020-03-16,1,0,2020-05-25,18,0,5025
453,2020-03-16,1,0,2020-05-25,73,4,5023
454,2020-03-16,2,0,2020-05-25,85,2,2090
455,2020-03-16,1,0,2020-05-25,41,1,6057
456,2020-03-16,1,0,2020-05-25,2327,41,13139
457,2020-03-16,1,0,2020-05-25,86,1,24041
458,2020-03-16,1,0,2020-05-25,1738,99,24021
459,2020-03-16,1,0,2020-05-25,115,1,27013
460,2020-03-16,1,0,2020-05-25,167,2,27009
461,2020-03-16,1,0,2020-05-25,5188,258,17197
462,2020-03-16,1,0,2020-05-25,181,8,17143
463,2020-03-16,1,0,2020-05-25,260,9,13285
464,2020-03-16,1,0,2020-05-25,291,11,13223
465,2020-03-16,1,0,2020-05-25,788,54,22005
466,2020-03-16,1,0,2020-05-25,484,36,18005
467,2020-03-16,1,0,2020-05-25,315,40,18043
468,2020-03-17,1,0,2020-05-26,409,1,37163
469,2020-03-17,1,0,2020-05-26,156,16,39037
470,2020-03-17,1,0,2020-05-26,1580,43,38017
471,2020-03-17,2,0,2020-05-26,26,0,39031
472,2020-03-17,2,0,2020-05-26,123,0,38015
473,2020-03-17,1,0,2020-05-26,230,5,37097
474,2020-03-17,1,0,2020-05-26,82,3,36121
475,2020-03-17,1,0,2020-05-26,1338,27,36105
476,2020-03-17,2,1,2020-05-26,67,2,41039
477,2020-03-17,1,0,2020-05-26,282,12,39085
478,2020-03-17,1,0,2020-05-26,29,2,40117
479,2020-03-17,1,0,2020-05-26,1347,171,39099
480,2020-03-17,2,0,2020-05-26,528,16,29095
481,2020-03-17,1,0,2020-05-26,476,3,31153
482,2020-03-17,1,0,2020-05-26,9,0,31107
483,2020-03-17,2,0,2020-05-26,2103,138,34015
484,2020-03-17,1,0,2020-05-26,60,1,29051
485,2020-03-17,1,0,2020-05-26,123,1,29019
486,2020-03-17,1,0,2020-05-26,570,72,42007
487,2020-03-17,1,0,2020-05-26,466,32,36083
488,2020-03-17,1,0,2020-05-26,95,4,36019
489,2020-03-17,1,0,2020-05-26,24,0,35055
490,2020-03-17,1,0,2020-05-26,1136,128,34041
491,2020-03-17,1,0,2020-05-26,649,19,53021
492,2020-03-17,1,0,2020-05-26,43,3,51830
493,2020-03-17,2,0,2020-05-26,1546,118,51087
494,2020-03-17,1,0,2020-05-26,93,6,51075
495,2020-03-17,1,0,2020-05-26,90,3,51540
496,2020-03-17,1,0,2020-05-26,2,0,56029
497,2020-03-17,2,0,2020-05-26,183,2,56021
498,2020-03-17,4,0,2020-05-26,1008,22,55059
499,2020-03-17,1,0,2020-05-26,296,13,28059
500,2020-03-17,1,0,2020-05-26,34,1,53045
501,2020-03-17,1,0,2020-05-26,161,1,54037
502,2020-03-17,1,0,2020-05-26,352,6,45091
503,2020-03-17,1,0,2020-05-26,1386,63,45079
504,2020-03-17,1,0,2020-05-26,10,1,45017
505,2020-03-17,2,0,2020-05-26,674,50,48303
506,2020-03-17,2,0,2020-05-26,289,12,48139
507,2020-03-17,1,0,2020-05-26,444,19,48041
508,2020-03-17,1,0,2020-05-26,399,12,12009
509,2020-03-17,1,0,2020-05-26,4132,128,10005
510,2020-03-17,1,0,2020-05-26,553,19,13245
511,2020-03-17,1,0,2020-05-26,891,50,12105
512,2020-03-17,1,0,2020-05-26,1550,56,4017
513,2020-03-17,1,0,2020-05-26,16,0,2130
514,2020-03-17,1,0,2020-05-26,106,1,1115
515,2020-03-17,1,0,2020-05-26,309,4,1089
516,2020-03-17,1,0,2020-05-26,237,6,28047
517,2020-03-17,1,0,2020-05-26,1890,31,6029
518,2020-03-17,2,0,2020-05-26,429,8,6053
519,2020-03-17,1,0,2020-05-26,303,7,13313
520,2020-03-17,1,0,2020-05-26,81,0,15001
521,2020-03-17,1,0,2020-05-26,359,9,23031
522,2020-03-17,1,0,2020-05-26,22,0,23017
523,2020-03-17,1,0,2020-05-26,128,9,23011
524,2020-03-17,1,0,2020-05-26,400,37,22117
525,2020-03-17,1,0,2020-05-26,71,6,27103
526,2020-03-17,2,0,2020-05-26,126,5,27091
527,2020-03-17,1,0,2020-05-26,100,10,26137
528,2020-03-17,1,0,2020-05-26,438,26,26075
529,2020-03-17,2,0,2020-05-26,112,9,18047
530,2020-03-17,2,0,2020-05-26,3349,180,18089
531,2020-03-17,1,0,2020-05-26,21,0,16065
532,2020-03-17,1,0,2020-05-26,14,3,21143
533,2020-03-17,1,0,2020-05-26,3462,230,22033
534,2020-03-17,1,0,2020-05-26,7,0,19001
535,2020-03-17,1,0,2020-05-26,1696,41,19013
536,2020-03-17,1,0,2020-05-26,63,0,20045
537,2020-03-17,1,0,2020-05-26,1607,2,20057
538,2020-03-18,1,0,2020-05-27,164,4,37129
539,2020-03-18,2,0,2020-05-27,59,2,38059
540,2020-03-18,1,0,2020-05-27,231,6,39023
541,2020-03-18,1,0,2020-05-27,19,0,39005
542,2020-03-18,1,0,2020-05-27,150,10,37125
543,2020-03-18,1,0,2020-05-27,252,28,36113
544,2020-03-18,1,0,2020-05-27,228,11,36115
545,2020-03-18,1,0,2020-05-27,250,7,37071
546,2020-03-18,1,0,2020-05-27,1143,54,37081
547,2020-03-18,1,0,2020-05-27,214,1,37093
548,2020-03-18,1,0,2020-05-27,61,0,37109
549,2020-03-18,1,0,2020-05-27,302,13,39041
550,2020-03-18,1,0,2020-05-27,236,7,42001
551,2020-03-18,1,0,2020-05-27,55,1,39077
552,2020-03-18,1,0,2020-05-27,351,30,39109
553,2020-03-18,2,0,2020-05-27,57,0,33001
554,2020-03-18,1,0,2020-05-27,327,13,33013
555,2020-03-18,3,0,2020-05-27,2087,155,34001
556,2020-03-18,1,0,2020-05-27,755,55,29183
557,2020-03-18,1,0,2020-05-27,47,2,31111
558,2020-03-18,1,0,2020-05-27,264,11,31001
559,2020-03-18,1,0,2020-05-27,1884,117,29510
560,2020-03-18,1,0,2020-05-27,5,0,36041
561,2020-03-18,1,0,2020-05-27,72,0,36045
562,2020-03-18,1,0,2020-05-27,118,4,36051
563,2020-03-18,1,0,2020-05-27,44,0,36031
564,2020-03-18,1,0,2020-05-27,125,2,36017
565,2020-03-18,4,0,2020-05-27,1112,21,51760
566,2020-03-18,1,1,2020-05-27,899,64,53005
567,2020-03-18,1,0,2020-05-27,27,1,51036
568,2020-03-18,1,0,2020-05-27,51,0,55063
569,2020-03-18,2,0,2020-05-27,212,4,55131
570,2020-03-18,1,0,2020-05-27,13,0,54055
571,2020-03-18,1,0,2020-05-27,2285,33,55009
572,2020-03-18,2,0,2020-05-27,89,1,49005
573,2020-03-18,1,0,2020-05-27,26,1,49003
574,2020-03-18,1,0,2020-05-27,208,15,45061
575,2020-03-18,2,0,2020-05-27,1511,159,42069
576,2020-03-18,2,0,2020-05-27,956,22,42133
577,2020-03-18,1,0,2020-05-27,114,0,47021
578,2020-03-18,1,0,2020-05-27,11,1,48285
579,2020-03-18,5,0,2020-05-27,113,4,48309
580,2020-03-18,1,0,2020-05-27,68,2,48325
581,2020-03-18,1,0,2020-05-27,44,2,48401
582,2020-03-18,1,0,2020-05-27,521,19,48479
583,2020-03-18,1,0,2020-05-27,84,2,48485
584,2020-03-18,4,0,2020-05-27,588,22,48491
585,2020-03-18,1,0,2020-05-27,100,1,56039
586,2020-03-18,1,0,2020-05-27,426,2,47147
587,2020-03-18,2,0,2020-05-27,843,45,47165
588,2020-03-18,1,0,2020-05-27,3952,301,42011
589,2020-03-18,1,0,2020-05-27,49,2,28111
590,2020-03-18,1,0,2020-05-27,376,6,12073
591,2020-03-18,1,0,2020-05-27,19,0,8125
592,2020-03-18,1,0,2020-05-27,1061,143,9007
593,2020-03-18,3,0,2020-05-27,1374,61,10001
594,2020-03-18,1,0,2020-05-27,362,16,13153
595,2020-03-18,1,0,2020-05-27,253,17,12119
596,2020-03-18,1,0,2020-05-27,109,9,12131
597,2020-03-18,1,0,2020-05-27,237,7,13073
598,2020-03-18,1,0,2020-05-27,18,1,5011
599,2020-03-18,1,0,2020-05-27,100,3,5045
600,2020-03-18,1,0,2020-05-27,326,6,5143
601,2020-03-18,1,0,2020-05-27,152,3,1015
602,2020-03-18,1,0,2020-05-27,1066,75,4005
603,2020-03-18,1,0,2020-05-27,96,3,1121
604,2020-03-18,1,0,2020-05-27,28,1,2122
605,2020-03-18,1,0,2020-05-27,25,0,6045
606,2020-03-18,1,0,2020-05-27,317,47,25011
607,2020-03-18,1,0,2020-05-27,99,1,23019
608,2020-03-18,2,0,2020-05-27,149,11,28011
609,2020-03-18,2,0,2020-05-27,113,3,28027
610,2020-03-18,1,0,2020-05-27,411,2,27131
611,2020-03-18,1,0,2020-05-27,493,6,28033
612,2020-03-18,1,0,2020-05-27,687,21,28089
613,2020-03-18,1,0,2020-05-27,478,48,18019
614,2020-03-18,1,0,2020-05-27,107,4,18041
615,2020-03-18,1,0,2020-05-27,130,6,18079
616,2020-03-18,1,0,2020-05-27,591,68,18095
617,2020-03-18,1,0,2020-05-27,57,2,17199
618,2020-03-18,1,0,2020-05-27,18,0,17189
619,2020-03-18,1,0,2020-05-27,404,23,16083
620,2020-03-18,1,0,2020-05-27,242,10,17077
621,2020-03-18,1,0,2020-05-27,1124,53,17091
622,2020-03-18,3,0,2020-05-27,769,22,17093
623,2020-03-18,1,0,2020-05-27,140,13,17099
624,2020-03-18,1,0,2020-05-27,551,58,17119
625,2020-03-18,1,0,2020-05-27,25,0,21073
626,2020-03-18,1,0,2020-05-27,543,33,21117
627,2020-03-18,1,0,2020-05-27,950,5,21227
628,2020-03-18,1,0,2020-05-27,185,8,19183
629,2020-03-18,2,0,2020-05-27,1074,7,20103
630,2020-03-18,1,0,2020-05-27,23,0,19191
631,2020-03-19,1,0,2020-05-28,49,0,36095
632,2020-03-19,1,0,2020-05-28,112,1,36117
633,2020-03-19,1,0,2020-05-28,19,1,40083
634,2020-03-19,1,0,2020-05-28,103,3,40087
635,2020-03-19,1,0,2020-05-28,314,35,40147
636,2020-03-19,1,0,2020-05-28,83,3,40051
637,2020-03-19,1,0,2020-05-28,13,0,40039
638,2020-03-19,2,0,2020-05-28,2555,135,39061
639,2020-03-19,1,0,2020-05-28,637,17,39113
640,2020-03-19,1,0,2020-05-28,193,3,39139
641,2020-03-19,1,0,2020-05-28,4,0,30007
642,2020-03-19,1,0,2020-05-28,37,2,30029
643,2020-03-19,1,0,2020-05-28,8,1,30057
644,2020-03-19,1,0,2020-05-28,7,0,30085
645,2020-03-19,1,0,2020-05-28,3,0,31127
646,2020-03-19,1,0,2020-05-28,24,1,32007
647,2020-03-19,1,0,2020-05-28,385,24,28051
648,2020-03-19,1,0,2020-05-28,566,22,28067
649,2020-03-19,1,0,2020-05-28,630,10,28123
650,2020-03-19,1,0,2020-05-28,52,0,28147
651,2020-03-19,1,0,2020-05-28,85,9,28157
652,2020-03-19,1,0,2020-05-28,105,1,28159
653,2020-03-19,1,0,2020-05-28,227,4,28163
654,2020-03-19,1,0,2020-05-28,14,0,35047
655,2020-03-19,1,0,2020-05-28,602,48,34009
656,2020-03-19,2,0,2020-05-28,1104,147,34037
657,2020-03-19,1,0,2020-05-28,25,0,53009
658,2020-03-19,3,1,2020-05-28,156,11,55089
659,2020-03-19,1,0,2020-05-28,78,3,55111
660,2020-03-19,1,0,2020-05-28,99,0,55035
661,2020-03-19,2,0,2020-05-28,372,16,55127
662,2020-03-19,1,0,2020-05-28,74,1,55015
663,2020-03-19,4,0,2020-05-28,42,1,55021
664,2020-03-19,1,0,2020-05-28,131,4,54061
665,2020-03-19,2,0,2020-05-28,4,0,54093
666,2020-03-19,1,0,2020-05-28,3,1,55007
667,2020-03-19,1,0,2020-05-28,30,1,48467
668,2020-03-19,1,0,2020-05-28,150,3,45035
669,2020-03-19,1,0,2020-05-28,37,0,45001
670,2020-03-19,1,0,2020-05-28,139,0,45081
671,2020-03-19,2,0,2020-05-28,3056,291,42071
672,2020-03-19,1,0,2020-05-28,944,33,42075
673,2020-03-19,2,0,2020-05-28,443,38,42129
674,2020-03-19,1,0,2020-05-28,17,1,48123
675,2020-03-19,1,0,2020-05-28,22,2,48103
676,2020-03-19,2,0,2020-05-28,192,4,48251
677,2020-03-19,1,0,2020-05-28,731,33,48061
678,2020-03-19,1,0,2020-05-28,111,1,47035
679,2020-03-19,1,0,2020-05-28,50,0,47045
680,2020-03-19,1,0,2020-05-28,261,3,47125
681,2020-03-19,2,0,2020-05-28,75,0,47179
682,2020-03-19,2,0,2020-05-28,387,8,47189
683,2020-03-19,4,0,2020-05-28,113,5,12053
684,2020-03-19,1,0,2020-05-28,120,9,12061
685,2020-03-19,1,0,2020-05-28,241,0,12063
686,2020-03-19,1,0,2020-05-28,557,9,12085
687,2020-03-19,1,0,2020-05-28,10,0,8049
688,2020-03-19,1,0,2020-05-28,620,42,8087
689,2020-03-19,4,0,2020-05-28,822,57,9013
690,2020-03-19,1,0,2020-05-28,375,14,9015
691,2020-03-19,2,0,2020-05-28,112,1,13127
692,2020-03-19,2,0,2020-05-28,104,1,13175
693,2020-03-19,1,0,2020-05-28,70,4,13225
694,2020-03-19,1,0,2020-05-28,278,8,13247
695,2020-03-19,1,0,2020-05-28,75,1,13103
696,2020-03-19,2,1,2020-05-28,238,30,13099
697,2020-03-19,1,0,2020-05-28,444,25,13021
698,2020-03-19,1,0,2020-05-28,225,0,4023
699,2020-03-19,1,0,2020-05-28,294,6,4025
700,2020-03-19,1,0,2020-05-28,428,0,5007
701,2020-03-19,1,0,2020-05-28,6,0,5009
702,2020-03-19,1,0,2020-05-28,38,0,5019
703,2020-03-19,1,0,2020-05-28,318,9,5035
704,2020-03-19,1,0,2020-05-28,18,0,5053
705,2020-03-19,1,0,2020-05-28,60,0,5055
706,2020-03-19,1,0,2020-05-28,29,0,5063
707,2020-03-19,1,0,2020-05-28,203,0,5031
708,2020-03-19,1,0,2020-05-28,31,2,5111
709,2020-03-19,1,0,2020-05-28,349,24,1017
710,2020-03-19,1,0,2020-05-28,2124,112,1097
711,2020-03-19,1,0,2020-05-28,299,1,1127
712,2020-03-19,1,0,2020-05-28,12,0,5113
713,2020-03-19,1,1,2020-05-28,63,1,8025
714,2020-03-19,1,0,2020-05-28,129,1,5115
715,2020-03-19,1,0,2020-05-28,7,0,5129
716,2020-03-19,1,0,2020-05-28,24,0,5131
717,2020-03-19,1,0,2020-05-28,131,2,5133
718,2020-03-19,1,0,2020-05-28,28,2,5141
719,2020-03-19,1,0,2020-05-28,321,17,24009
720,2020-03-19,1,0,2020-05-28,919,27,24045
721,2020-03-19,1,0,2020-05-28,563,41,22047
722,2020-03-19,3,0,2020-05-28,695,25,22055
723,2020-03-19,1,0,2020-05-28,408,27,22063
724,2020-03-19,1,0,2020-05-28,201,17,22075
725,2020-03-19,1,1,2020-05-28,294,25,22093
726,2020-03-19,2,0,2020-05-28,252,54,22097
727,2020-03-19,1,0,2020-05-28,143,6,22119
728,2020-03-19,2,0,2020-05-28,159,31,22121
729,2020-03-19,1,0,2020-05-28,404,37,22045
730,2020-03-19,1,0,2020-05-28,845,83,25015
731,2020-03-19,1,0,2020-05-28,231,1,27099
732,2020-03-19,1,0,2020-05-28,383,2,27139
733,2020-03-19,1,0,2020-05-28,139,10,26037
734,2020-03-19,2,0,2020-05-28,183,6,26045
735,2020-03-19,1,0,2020-05-28,1983,249,26049
736,2020-03-19,3,0,2020-05-28,391,26,26093
737,2020-03-19,1,0,2020-05-28,81,8,26111
738,2020-03-19,1,0,2020-05-28,35,1,18119
739,2020-03-19,1,0,2020-05-28,588,45,22019
740,2020-03-19,1,0,2020-05-28,384,3,18157
741,2020-03-19,1,0,2020-05-28,111,3,21047
742,2020-03-19,1,0,2020-05-28,313,6,21059
743,2020-03-19,1,0,2020-05-28,56,2,21199
744,2020-03-19,1,0,2020-05-28,35,0,21209
745,2020-03-19,1,0,2020-05-28,221,6,18177
746,2020-03-19,1,0,2020-05-28,248,13,22007
747,2020-03-19,1,0,2020-05-28,573,21,20173
748,2020-03-19,1,0,2020-05-28,112,4,21101
749,2020-03-19,1,0,2020-05-28,8,0,20107
750,2020-03-19,2,0,2020-05-28,5,0,20127
751,2020-03-19,1,0,2020-05-28,338,18,19061
752,2020-03-19,1,0,2020-05-28,549,41,19139
753,2020-03-19,1,0,2020-05-28,9,0,20021
754,2020-03-20,1,0,2020-05-29,286,2,37147
755,2020-03-20,3,0,2020-05-29,326,40,37135
756,2020-03-20,1,0,2020-05-29,57,4,37167
757,2020-03-20,1,0,2020-05-29,630,37,37159
758,2020-03-20,1,0,2020-05-29,104,10,37139
759,2020-03-20,1,0,2020-05-29,3,0,38069
760,2020-03-20,1,0,2020-05-29,8,1,38071
761,2020-03-20,1,0,2020-05-29,330,34,39007
762,2020-03-20,1,0,2020-05-29,739,51,39029
763,2020-03-20,1,0,2020-05-29,36,3,37031
764,2020-03-20,1,0,2020-05-29,385,12,37057
765,2020-03-20,4,0,2020-05-29,157,20,37069
766,2020-03-20,1,0,2020-05-29,1,0,41023
767,2020-03-20,1,0,2020-05-29,6,0,41061
768,2020-03-20,1,0,2020-05-29,151,6,42027
769,2020-03-20,1,0,2020-05-29,2657,28,39101
770,2020-03-20,1,0,2020-05-29,51,1,39159
771,2020-03-20,2,0,2020-05-29,359,20,39165
772,2020-03-20,1,0,2020-05-29,17,1,40049
773,2020-03-20,1,0,2020-05-29,153,1,31019
774,2020-03-20,1,0,2020-05-29,1176,9,31109
775,2020-03-20,1,0,2020-05-29,63,2,32023
776,2020-03-20,1,0,2020-05-29,57,2,33005
777,2020-03-20,1,0,2020-05-29,148,11,28129
778,2020-03-20,3,0,2020-05-29,71,11,28139
779,2020-03-20,2,0,2020-05-29,22,0,29043
780,2020-03-20,1,0,2020-05-29,33,2,29069
781,2020-03-20,1,0,2020-05-29,36,1,29169
782,2020-03-20,1,0,2020-05-29,100,9,29201
783,2020-03-20,1,0,2020-05-29,382,37,36021
784,2020-03-20,1,0,2020-05-29,206,12,36035
785,2020-03-20,1,0,2020-05-29,199,5,36037
786,2020-03-20,3,0,2020-05-29,1008,50,36063
787,2020-03-20,2,0,2020-05-29,988,54,36065
788,2020-03-20,1,0,2020-05-29,2209,69,34011
789,2020-03-20,1,0,2020-05-29,460,3,35013
790,2020-03-20,1,0,2020-05-29,2348,104,35031
791,2020-03-20,1,0,2020-05-29,762,34,42055
792,2020-03-20,1,0,2020-05-29,257,10,51700
793,2020-03-20,1,0,2020-05-29,470,6,51710
794,2020-03-20,1,0,2020-05-29,294,11,51740
795,2020-03-20,2,0,2020-05-29,73,0,53015
796,2020-03-20,1,0,2020-05-29,62,2,50001
797,2020-03-20,1,0,2020-05-29,55,1,50021
798,2020-03-20,1,0,2020-05-29,827,12,51001
799,2020-03-20,1,0,2020-05-29,30,1,51073
800,2020-03-20,1,0,2020-05-29,46,1,55073
801,2020-03-20,1,0,2020-05-29,620,18,55105
802,2020-03-20,2,0,2020-05-29,77,0,55109
803,2020-03-20,1,0,2020-05-29,31,0,56005
804,2020-03-20,1,0,2020-05-29,76,1,56025
805,2020-03-20,3,0,2020-05-29,399,7,28121
806,2020-03-20,1,0,2020-05-29,101,3,55055
807,2020-03-20,1,0,2020-05-29,65,0,55045
808,2020-03-20,1,0,2020-05-29,15,0,53055
809,2020-03-20,1,0,2020-05-29,11,1,53065
810,2020-03-20,1,0,2020-05-29,136,18,54035
811,2020-03-20,1,0,2020-05-29,223,18,54039
812,2020-03-20,1,0,2020-05-29,55,0,55017
813,2020-03-20,1,0,2020-05-29,19,0,55031
814,2020-03-20,1,0,2020-05-29,24,0,55033
815,2020-03-20,1,0,2020-05-29,253,4,42049
816,2020-03-20,2,0,2020-05-29,168,3,45075
817,2020-03-20,1,0,2020-05-29,138,3,45077
818,2020-03-20,1,1,2020-05-29,637,37,45041
819,2020-03-20,1,0,2020-05-29,365,18,45085
820,2020-03-20,1,0,2020-05-29,39,1,47001
821,2020-03-20,1,0,2020-05-29,89,3,47009
822,2020-03-20,1,0,2020-05-29,113,1,47011
823,2020-03-20,1,0,2020-05-29,276,9,45031
824,2020-03-20,1,0,2020-05-29,4,0,42105
825,2020-03-20,1,0,2020-05-29,191,7,45003
826,2020-03-20,1,0,2020-05-29,228,16,45015
827,2020-03-20,1,0,2020-05-29,296,38,45027
828,2020-03-20,2,0,2020-05-29,109,0,47043
829,2020-03-20,1,0,2020-05-29,38,2,48147
830,2020-03-20,1,0,2020-05-29,27,1,48219
831,2020-03-20,1,0,2020-05-29,21,0,48459
832,2020-03-20,1,0,2020-05-29,29,0,48067
833,2020-03-20,1,0,2020-05-29,49,2,47059
834,2020-03-20,1,0,2020-05-29,34,2,47063
835,2020-03-20,1,0,2020-05-29,88,0,47119
836,2020-03-20,1,0,2020-05-29,437,3,47167
837,2020-03-20,1,0,2020-05-29,58,9,48049
838,2020-03-20,1,0,2020-05-29,202,11,28113
839,2020-03-20,1,0,2020-05-29,108,4,12087
840,2020-03-20,1,0,2020-05-29,23,0,8113
841,2020-03-20,1,0,2020-05-29,1068,85,9011
842,2020-03-20,14,0,2020-05-29,517,24,13045
843,2020-03-20,2,0,2020-05-29,491,24,13051
844,2020-03-20,1,0,2020-05-29,120,8,13207
845,2020-03-20,1,0,2020-05-29,602,17,13215
846,2020-03-20,1,0,2020-05-29,116,5,13219
847,2020-03-20,2,0,2020-05-29,47,3,13227
848,2020-03-20,1,0,2020-05-29,179,19,13243
849,2020-03-20,2,0,2020-05-29,275,21,13255
850,2020-03-20,2,0,2020-05-29,476,42,13261
851,2020-03-20,2,0,2020-05-29,213,26,13273
852,2020-03-20,1,0,2020-05-29,255,17,13277
853,2020-03-20,1,0,2020-05-29,115,12,13287
854,2020-03-20,2,0,2020-05-29,209,21,13321
855,2020-03-20,1,0,2020-05-29,41,0,13201
856,2020-03-20,1,0,2020-05-29,109,1,13085
857,2020-03-20,1,0,2020-05-29,539,24,13097
858,2020-03-20,1,0,2020-05-29,32,2,13149
859,2020-03-20,1,0,2020-05-29,67,1,13171
860,2020-03-20,1,0,2020-05-29,16,0,13181
861,2020-03-20,1,0,2020-05-29,23,0,8093
862,2020-03-20,1,0,2020-05-29,929,13,4027
863,2020-03-20,1,0,2020-05-29,114,0,1043
864,2020-03-20,1,0,2020-05-29,76,2,1071
865,2020-03-20,1,0,2020-05-29,23,0,1075
866,2020-03-20,1,0,2020-05-29,156,2,1077
867,2020-03-20,1,0,2020-05-29,67,6,1129
868,2020-03-20,1,0,2020-05-29,232,26,8014
869,2020-03-20,1,0,2020-05-29,10,0,6005
870,2020-03-20,4,0,2020-05-29,1634,26,6025
871,2020-03-20,1,0,2020-05-29,6,0,16011
872,2020-03-20,1,0,2020-05-29,300,6,16027
873,2020-03-20,1,0,2020-05-29,207,13,24047
874,2020-03-20,2,0,2020-05-29,703,24,22079
875,2020-03-20,1,0,2020-05-29,831,34,22105
876,2020-03-20,1,0,2020-05-29,192,15,28001
877,2020-03-20,1,0,2020-05-29,28,2,28037
878,2020-03-20,1,0,2020-05-29,59,7,28053
879,2020-03-20,1,0,2020-05-29,130,4,28071
880,2020-03-20,1,0,2020-05-29,102,1,28077
881,2020-03-20,1,0,2020-05-29,139,6,28081
882,2020-03-20,1,0,2020-05-29,81,3,28093
883,2020-03-20,1,0,2020-05-29,60,1,27025
884,2020-03-20,1,0,2020-05-29,420,25,27027
885,2020-03-20,2,0,2020-05-29,17,1,27045
886,2020-03-20,1,0,2020-05-29,1459,76,18003
887,2020-03-20,1,0,2020-05-29,259,23,18053
888,2020-03-20,1,0,2020-05-29,535,30,18145
889,2020-03-20,1,0,2020-05-29,268,2,18163
890,2020-03-20,1,0,2020-05-29,165,9,18167
891,2020-03-20,3,0,2020-05-29,67,0,16055
892,2020-03-20,1,0,2020-05-29,44,1,17001
893,2020-03-20,1,0,2020-05-29,33,5,17021
894,2020-03-20,4,0,2020-05-29,217,13,17113
895,2020-03-20,1,0,2020-05-29,112,3,22025
896,2020-03-20,2,0,2020-05-29,242,17,22031
897,2020-03-20,1,0,2020-05-29,50,1,21035
898,2020-03-20,1,0,2020-05-29,64,1,20161
899,2020-03-20,1,0,2020-05-29,51,0,20155
900,2020-03-21,2,0,2020-05-30,206,5,39025
901,2020-03-21,2,0,2020-05-30,241,18,36101
902,2020-03-21,1,0,2020-05-30,199,5,37035
903,2020-03-21,1,0,2020-05-30,323,20,37021
904,2020-03-21,2,0,2020-05-30,33,2,39039
905,2020-03-21,1,1,2020-05-30,171,14,39043
906,2020-03-21,1,0,2020-05-30,23,1,41033
907,2020-03-21,1,0,2020-05-30,229,12,42019
908,2020-03-21,1,0,2020-05-30,243,10,39089
909,2020-03-21,3,0,2020-05-30,17,2,30013
910,2020-03-21,1,0,2020-05-30,13,0,30081
911,2020-03-21,1,0,2020-05-30,76,0,29101
912,2020-03-21,1,0,2020-05-30,70,3,28107
913,2020-03-21,1,0,2020-05-30,101,0,28127
914,2020-03-21,1,0,2020-05-30,54,3,28143
915,2020-03-21,1,0,2020-05-30,83,5,28145
916,2020-03-21,1,0,2020-05-30,168,7,28151
917,2020-03-21,1,0,2020-05-30,7,1,29013
918,2020-03-21,1,0,2020-05-30,32,0,29097
919,2020-03-21,1,0,2020-05-30,268,13,33017
920,2020-03-21,1,0,2020-05-30,26,0,35025
921,2020-03-21,1,0,2020-05-30,128,3,51093
922,2020-03-21,1,0,2020-05-30,217,21,51117
923,2020-03-21,1,0,2020-05-30,314,32,51800
924,2020-03-21,1,0,2020-05-30,36,1,51067
925,2020-03-21,2,0,2020-05-30,81,3,50025
926,2020-03-21,1,0,2020-05-30,187,8,51003
927,2020-03-21,1,0,2020-05-30,32,4,51023
928,2020-03-21,2,0,2020-05-30,99,5,50011
929,2020-03-21,4,0,2020-05-30,211,9,28087
930,2020-03-21,1,0,2020-05-30,16,1,56007
931,2020-03-21,2,0,2020-05-30,29,0,54051
932,2020-03-21,1,0,2020-05-30,35,0,54079
933,2020-03-21,1,0,2020-05-30,41,2,45053
934,2020-03-21,1,0,2020-05-30,161,0,45069
935,2020-03-21,1,0,2020-05-30,60,1,45071
936,2020-03-21,1,0,2020-05-30,27,1,47017
937,2020-03-21,1,0,2020-05-30,20,0,47029
938,2020-03-21,2,0,2020-05-30,129,1,45047
939,2020-03-21,1,0,2020-05-30,50,0,42093
940,2020-03-21,1,0,2020-05-30,162,3,45033
941,2020-03-21,1,0,2020-05-30,51,2,45037
942,2020-03-21,1,0,2020-05-30,115,2,47047
943,2020-03-21,1,0,2020-05-30,164,13,48117
944,2020-03-21,1,0,2020-05-30,129,12,48329
945,2020-03-21,1,0,2020-05-30,3,1,48359
946,2020-03-21,2,0,2020-05-30,2321,30,48375
947,2020-03-21,1,0,2020-05-30,33,1,48069
948,2020-03-21,3,0,2020-05-30,62,2,47123
949,2020-03-21,5,0,2020-05-30,479,5,47141
950,2020-03-21,1,0,2020-05-30,16,0,47145
951,2020-03-21,2,0,2020-05-30,12,0,47151
952,2020-03-21,1,0,2020-05-30,204,3,48021
953,2020-03-21,1,0,2020-05-30,256,28,28085
954,2020-03-21,2,0,2020-05-30,244,7,12083
955,2020-03-21,1,0,2020-05-30,150,5,12107
956,2020-03-21,1,0,2020-05-30,463,30,12111
957,2020-03-21,2,0,2020-05-30,343,26,13009
958,2020-03-21,1,0,2020-05-30,97,3,12005
959,2020-03-21,1,0,2020-05-30,127,9,12055
960,2020-03-21,1,0,2020-05-30,99,1,13187
961,2020-03-21,1,0,2020-05-30,121,11,1093
962,2020-03-21,3,0,2020-05-30,1491,35,4001
963,2020-03-21,1,0,2020-05-30,72,3,4003
964,2020-03-21,2,0,2020-05-30,30,1,6115
965,2020-03-21,2,0,2020-05-30,72,20,8015
966,2020-03-21,3,0,2020-05-30,52,2,8039
967,2020-03-21,1,0,2020-05-30,169,12,8085
968,2020-03-21,2,0,2020-05-30,7,0,6093
969,2020-03-21,1,0,2020-05-30,44,0,6007
970,2020-03-21,2,0,2020-05-30,90,0,6017
971,2020-03-21,1,0,2020-05-30,3,0,8053
972,2020-03-21,1,0,2020-05-30,13,0,25019
973,2020-03-21,1,0,2020-05-30,456,13,24043
974,2020-03-21,1,0,2020-05-30,217,6,26005
975,2020-03-21,1,0,2020-05-30,62,2,26015
976,2020-03-21,2,0,2020-05-30,618,49,26021
977,2020-03-21,1,0,2020-05-30,365,22,26025
978,2020-03-21,1,0,2020-05-30,18,2,26035
979,2020-03-21,1,0,2020-05-30,317,30,22101
980,2020-03-21,1,0,2020-05-30,73,2,24039
981,2020-03-21,1,0,2020-05-30,253,0,24011
982,2020-03-21,1,0,2020-05-30,30,0,23023
983,2020-03-21,1,0,2020-05-30,18,0,27157
984,2020-03-21,1,0,2020-05-30,292,16,28007
985,2020-03-21,1,0,2020-05-30,112,4,28025
986,2020-03-21,2,0,2020-05-30,159,0,27147
987,2020-03-21,1,0,2020-05-30,89,3,28043
988,2020-03-21,3,0,2020-05-30,87,7,28057
989,2020-03-21,1,0,2020-05-30,416,4,17037
990,2020-03-21,1,0,2020-05-30,421,12,28079
991,2020-03-21,1,0,2020-05-30,25,1,28039
992,2020-03-21,1,0,2020-05-30,118,14,27137
993,2020-03-21,1,0,2020-05-30,1029,108,26145
994,2020-03-21,1,0,2020-05-30,187,23,26157
995,2020-03-21,1,0,2020-05-30,11,3,26165
996,2020-03-21,1,0,2020-05-30,52,0,27039
997,2020-03-21,1,0,2020-05-30,39,0,27063
998,2020-03-21,1,0,2020-05-30,142,1,18103
999,2020-03-21,1,0,2020-05-30,52,1,18175
1000,2020-03-21,1,0,2020-05-30,27,0,19065
1001,2020-03-21,1,0,2020-05-30,71,1,19087
1002,2020-03-21,1,0,2020-05-30,335,28,18059
1003,2020-03-21,1,1,2020-05-30,386,37,18035
1004,2020-03-21,1,0,2020-05-30,1268,30,18039
1005,2020-03-21,3,0,2020-05-30,952,76,19113
1006,2020-03-21,1,0,2020-05-30,196,24,18061
1007,2020-03-21,1,0,2020-05-30,22,0,21215
1008,2020-03-21,1,0,2020-05-30,125,9,22009
1009,2020-03-21,1,0,2020-05-30,66,4,22011
1010,2020-03-21,1,0,2020-05-30,144,23,22013
1011,2020-03-21,1,0,2020-05-30,66,10,22027
1012,2020-03-21,2,0,2020-05-30,78,1,22039
1013,2020-03-21,2,0,2020-05-30,1219,41,22073
1014,2020-03-21,1,0,2020-05-30,111,1,19169
1015,2020-03-21,1,0,2020-05-30,55,1,21151
1016,2020-03-21,1,1,2020-05-30,18,1,21005
1017,2020-03-22,1,0,2020-05-30,786,22,37155
1018,2020-03-22,1,0,2020-05-30,84,0,37165
1019,2020-03-22,1,0,2020-05-30,201,4,37127
1020,2020-03-22,9,0,2020-05-30,439,20,37179
1021,2020-03-22,1,0,2020-05-30,30,3,39019
1022,2020-03-22,1,0,2020-05-30,43,1,39027
1023,2020-03-22,1,0,2020-05-30,432,4,37105
1024,2020-03-22,4,0,2020-05-30,20,1,37039
1025,2020-03-22,1,0,2020-05-30,338,45,37089
1026,2020-03-22,1,0,2020-05-30,294,10,37077
1027,2020-03-22,1,0,2020-05-30,90,2,37059
1028,2020-03-22,2,0,2020-05-30,682,17,37051
1029,2020-03-22,1,0,2020-05-30,48,6,40101
1030,2020-03-22,1,0,2020-05-30,7,0,40103
1031,2020-03-22,1,0,2020-05-30,202,2,36089
1032,2020-03-22,1,0,2020-05-30,50,1,39063
1033,2020-03-22,1,0,2020-05-30,9,1,39053
1034,2020-03-22,1,0,2020-05-30,101,5,39057
1035,2020-03-22,1,0,2020-05-30,287,46,39173
1036,2020-03-22,1,0,2020-05-30,323,57,39133
1037,2020-03-22,1,0,2020-05-30,835,7,31047
1038,2020-03-22,1,0,2020-05-30,89,1,28137
1039,2020-03-22,2,0,2020-05-30,81,3,28133
1040,2020-03-22,1,0,2020-05-30,32,3,28115
1041,2020-03-22,2,0,2020-05-30,235,12,28105
1042,2020-03-22,1,0,2020-05-30,83,1,28097
1043,2020-03-22,1,0,2020-05-30,69,1,28155
1044,2020-03-22,1,0,2020-05-30,41,0,36023
1045,2020-03-22,1,0,2020-05-30,311,4,36053
1046,2020-03-22,1,0,2020-05-30,19,1,33019
1047,2020-03-22,1,0,2020-05-30,1715,117,35045
1048,2020-03-22,1,0,2020-05-30,621,37,34033
1049,2020-03-22,2,0,2020-05-30,674,6,51047
1050,2020-03-22,1,0,2020-05-30,91,6,51065
1051,2020-03-22,2,0,2020-05-30,9,0,51105
1052,2020-03-22,1,0,2020-05-30,78,1,51109
1053,2020-03-22,2,0,2020-05-30,511,6,51165
1054,2020-03-22,1,0,2020-05-30,51,2,51019
1055,2020-03-22,1,0,2020-05-30,27,0,51009
1056,2020-03-22,1,0,2020-05-30,20,0,53075
1057,2020-03-22,1,0,2020-05-30,346,31,42037
1058,2020-03-22,1,0,2020-05-30,271,1,46013
1059,2020-03-22,1,0,2020-05-30,101,11,45029
1060,2020-03-22,1,0,2020-05-30,107,5,42085
1061,2020-03-22,1,0,2020-05-30,95,4,42051
1062,2020-03-22,1,0,2020-05-30,1258,73,42043
1063,2020-03-22,1,0,2020-05-30,623,34,42107
1064,2020-03-22,1,0,2020-05-30,12,0,47023
1065,2020-03-22,1,0,2020-05-30,8,0,47083
1066,2020-03-22,1,0,2020-05-30,143,0,47105
1067,2020-03-22,1,0,2020-05-30,63,1,47053
1068,2020-03-22,1,0,2020-05-30,53,1,47051
1069,2020-03-22,1,0,2020-05-30,40,1,47115
1070,2020-03-22,1,0,2020-05-30,141,14,47107
1071,2020-03-22,1,0,2020-05-30,21,0,47135
1072,2020-03-22,1,1,2020-05-30,326,14,13013
1073,2020-03-22,2,0,2020-05-30,229,22,13035
1074,2020-03-22,1,0,2020-05-30,268,15,13069
1075,2020-03-22,1,0,2020-05-30,24,2,13055
1076,2020-03-22,1,0,2020-05-30,59,2,13065
1077,2020-03-22,1,0,2020-05-30,173,7,12027
1078,2020-03-22,2,0,2020-05-30,144,2,12023
1079,2020-03-22,1,0,2020-05-30,51,2,12007
1080,2020-03-22,1,0,2020-05-30,185,4,12035
1081,2020-03-22,1,0,2020-05-30,2,0,16085
1082,2020-03-22,1,0,2020-05-30,32,0,17085
1083,2020-03-22,1,0,2020-05-30,17,0,13289
1084,2020-03-22,2,0,2020-05-30,627,7,17019
1085,2020-03-22,1,0,2020-05-30,23,0,13267
1086,2020-03-22,1,0,2020-05-30,34,2,17105
1087,2020-03-22,1,0,2020-05-30,27,5,26055
1088,2020-03-22,1,0,2020-05-30,18,1,26051
1089,2020-03-22,1,0,2020-05-30,21,2,26047
1090,2020-03-22,1,0,2020-05-30,471,20,24037
1091,2020-03-22,1,0,2020-05-30,366,22,24015
1092,2020-03-22,1,0,2020-05-30,133,12,28017
1093,2020-03-22,1,0,2020-05-30,21,0,26143
1094,2020-03-22,1,0,2020-05-30,44,1,27079
1095,2020-03-22,1,0,2020-05-30,26,2,18159
1096,2020-03-22,1,1,2020-05-30,120,3,18143
1097,2020-03-22,1,0,2020-05-30,108,6,18137
1098,2020-03-22,1,0,2020-05-30,141,7,18133
1099,2020-03-22,1,0,2020-05-30,287,26,18109
1100,2020-03-22,1,0,2020-05-30,90,8,19157
1101,2020-03-22,1,0,2020-05-30,9,0,19109
1102,2020-03-22,2,0,2020-05-30,29,1,19033
1103,2020-03-22,1,0,2020-05-30,359,10,19163
1104,2020-03-22,1,0,2020-05-30,695,27,17161
1105,2020-03-22,1,0,2020-05-30,201,2,17177
1106,2020-03-22,1,0,2020-05-30,219,0,19167
1107,2020-03-22,1,0,2020-05-30,167,12,18105
1108,2020-03-22,3,0,2020-05-30,403,27,19171
1109,2020-03-22,1,0,2020-05-30,412,23,22001
1110,2020-03-22,1,0,2020-05-30,83,5,21185
1111,2020-03-22,1,0,2020-05-30,62,0,21113
1112,2020-03-22,1,0,2020-05-30,4,0,20123
1113,2020-03-22,1,0,2020-05-30,96,1,20085
1114,2020-03-22,1,0,2020-05-30,2745,34,19193
1115,2020-03-22,1,0,2020-05-30,102,2,21093
1116,2020-03-22,1,0,2020-05-30,3,0,21025
1117,2020-03-22,1,0,2020-05-30,70,3,21003
1118,2020-03-23,1,0,2020-05-30,13,0,38099
1119,2020-03-23,1,0,2020-05-30,310,21,37181
1120,2020-03-23,3,0,2020-05-30,329,21,37001
1121,2020-03-23,1,0,2020-05-30,13,2,40123
1122,2020-03-23,1,0,2020-05-30,71,6,36077
1123,2020-03-23,1,0,2020-05-30,16,0,41027
1124,2020-03-23,1,0,2020-05-30,118,19,39167
1125,2020-03-23,1,0,2020-05-30,25,1,39083
1126,2020-03-23,1,0,2020-05-30,38,0,39091
1127,2020-03-23,1,0,2020-05-30,73,11,39143
1128,2020-03-23,1,0,2020-05-30,152,7,39097
1129,2020-03-23,1,0,2020-05-30,108,0,36075
1130,2020-03-23,1,0,2020-05-30,13,2,29213
1131,2020-03-23,1,0,2020-05-30,35,2,29187
1132,2020-03-23,1,0,2020-05-30,57,0,29157
1133,2020-03-23,1,0,2020-05-30,46,1,29135
1134,2020-03-23,1,0,2020-05-30,73,2,29107
1135,2020-03-23,1,0,2020-05-30,316,4,31119
1136,2020-03-23,1,0,2020-05-30,27,1,28135
1137,2020-03-23,1,0,2020-05-30,18,0,29049
1138,2020-03-23,3,0,2020-05-30,171,3,29047
1139,2020-03-23,2,0,2020-05-30,29,1,31177
1140,2020-03-23,1,0,2020-05-30,37,1,29029
1141,2020-03-23,2,0,2020-05-30,51,0,29001
1142,2020-03-23,1,0,2020-05-30,29,1,29027
1143,2020-03-23,1,0,2020-05-30,30,0,32005
1144,2020-03-23,2,0,2020-05-30,90,1,36011
1145,2020-03-23,4,0,2020-05-30,45,2,35005
1146,2020-03-23,1,0,2020-05-30,51,2,51590
1147,2020-03-23,1,0,2020-05-30,18,0,51163
1148,2020-03-23,1,0,2020-05-30,26,0,48343
1149,2020-03-23,1,0,2020-05-30,60,0,49021
1150,2020-03-23,1,0,2020-05-30,62,0,53001
1151,2020-03-23,2,0,2020-05-30,215,2,55027
1152,2020-03-23,1,0,2020-05-30,170,3,53017
1153,2020-03-23,2,0,2020-05-30,73,3,45043
1154,2020-03-23,1,0,2020-05-30,74,0,45023
1155,2020-03-23,1,0,2020-05-30,36,0,46029
1156,2020-03-23,2,0,2020-05-30,50,0,45073
1157,2020-03-23,1,0,2020-05-30,57,2,42021
1158,2020-03-23,1,0,2020-05-30,19,0,46065
1159,2020-03-23,1,0,2020-05-30,218,3,46103
1160,2020-03-23,1,0,2020-05-30,14,0,46085
1161,2020-03-23,1,0,2020-05-30,133,0,13047
1162,2020-03-23,1,0,2020-05-30,121,5,13033
1163,2020-03-23,1,0,2020-05-30,74,1,13303
1164,2020-03-23,1,0,2020-05-30,54,1,13195
1165,2020-03-23,1,0,2020-05-30,82,0,13179
1166,2020-03-23,1,0,2020-05-30,91,5,13145
1167,2020-03-23,1,0,2020-05-30,37,0,13211
1168,2020-03-23,1,0,2020-05-30,99,3,13229
1169,2020-03-23,1,0,2020-05-30,209,4,1069
1170,2020-03-23,1,0,2020-05-30,545,7,1059
1171,2020-03-23,1,0,2020-05-30,115,9,28091
1172,2020-03-23,2,0,2020-05-30,25,1,2170
1173,2020-03-23,1,0,2020-05-30,33,0,2110
1174,2020-03-23,1,0,2020-05-30,423,64,1123
1175,2020-03-23,2,0,2020-05-30,602,3,8075
1176,2020-03-23,1,0,2020-05-30,80,1,8067
1177,2020-03-23,1,0,2020-05-30,95,11,17133
1178,2020-03-23,3,1,2020-05-30,32,2,8119
1179,2020-03-23,3,0,2020-05-30,834,54,26077
1180,2020-03-23,1,0,2020-05-30,2,0,26033
1181,2020-03-23,1,0,2020-05-30,20,0,23013
1182,2020-03-23,1,0,2020-05-30,159,12,24035
1183,2020-03-23,3,0,2020-05-30,10,0,24023
1184,2020-03-23,1,0,2020-05-30,235,5,28073
1185,2020-03-23,1,0,2020-05-30,237,2,27141
1186,2020-03-23,1,0,2020-05-30,4,0,27011
1187,2020-03-23,1,0,2020-05-30,105,0,26123
1188,2020-03-23,1,0,2020-05-30,636,36,26121
1189,2020-03-23,1,0,2020-05-30,13,2,27021
1190,2020-03-23,1,0,2020-05-30,294,23,22099
1191,2020-03-23,1,0,2020-05-30,3,0,27073
1192,2020-03-23,2,0,2020-05-30,16,0,19081
1193,2020-03-23,1,0,2020-05-30,577,9,19179
1194,2020-03-23,1,0,2020-05-30,199,3,18037
1195,2020-03-23,2,0,2020-05-30,184,10,22003
1196,2020-03-23,1,0,2020-05-30,28,1,22043
1197,2020-03-23,1,0,2020-05-30,128,3,22083
1198,2020-03-23,1,0,2020-05-30,8,1,20011
1199,2020-03-23,2,0,2020-05-30,152,14,22061
1200,2020-03-23,2,0,2020-05-30,168,13,22069
1201,2020-03-23,2,0,2020-05-30,408,3,20111
1202,2020-03-23,1,0,2020-05-30,145,4,21141
1203,2020-03-24,2,0,2020-05-30,659,13,37151
1204,2020-03-24,1,0,2020-05-30,123,4,37123
1205,2020-03-24,1,0,2020-05-30,13,0,37175
1206,2020-03-24,1,0,2020-05-30,12,0,38025
1207,2020-03-24,2,0,2020-05-30,228,26,36073
1208,2020-03-24,1,0,2020-05-30,27,1,39021
1209,2020-03-24,1,0,2020-05-30,149,17,40145
1210,2020-03-24,1,0,2020-05-30,30,4,40097
1211,2020-03-24,1,0,2020-05-30,45,0,41007
1212,2020-03-24,1,0,2020-05-30,23,1,39071
1213,2020-03-24,2,0,2020-05-30,259,6,39045
1214,2020-03-24,1,0,2020-05-30,114,4,39033
1215,2020-03-24,1,0,2020-05-30,78,4,29155
1216,2020-03-24,4,0,2020-05-30,349,17,29099
1217,2020-03-24,1,0,2020-05-30,139,16,29071
1218,2020-03-24,1,0,2020-05-30,3,0,30043
1219,2020-03-24,1,0,2020-05-30,185,6,28103
1220,2020-03-24,1,0,2020-05-30,271,4,28101
1221,2020-03-24,1,0,2020-05-30,62,4,42005
1222,2020-03-24,1,0,2020-05-30,73,2,29031
1223,2020-03-24,1,0,2020-05-30,137,5,36015
1224,2020-03-24,1,0,2020-05-30,51,0,35009
1225,2020-03-24,1,0,2020-05-30,143,5,35006
1226,2020-03-24,1,0,2020-05-30,36,1,31155
1227,2020-03-24,1,0,2020-05-30,46,3,42015
1228,2020-03-24,1,0,2020-05-30,520,15,51550
1229,2020-03-24,1,0,2020-05-30,30,0,51083
1230,2020-03-24,3,0,2020-05-30,160,7,48469
1231,2020-03-24,1,0,2020-05-30,76,1,48367
1232,2020-03-24,1,0,2020-05-30,274,3,48355
1233,2020-03-24,2,0,2020-05-30,10,0,50019
1234,2020-03-24,1,0,2020-05-30,15,0,50005
1235,2020-03-24,1,0,2020-05-30,27,0,56037
1236,2020-03-24,1,0,2020-05-30,53,2,54107
1237,2020-03-24,1,0,2020-05-30,25,1,54077
1238,2020-03-24,3,0,2020-05-30,40,1,54033
1239,2020-03-24,2,0,2020-05-30,307,6,54003
1240,2020-03-24,1,0,2020-05-30,180,4,45025
1241,2020-03-24,1,0,2020-05-30,16,0,46011
1242,2020-03-24,1,0,2020-05-30,95,4,42067
1243,2020-03-24,1,0,2020-05-30,39,0,42033
1244,2020-03-24,1,0,2020-05-30,235,24,42025
1245,2020-03-24,1,0,2020-05-30,38,1,42111
1246,2020-03-24,2,0,2020-05-30,68,0,48071
1247,2020-03-24,3,0,2020-05-30,94,7,48091
1248,2020-03-24,7,0,2020-05-30,533,27,48245
1249,2020-03-24,2,0,2020-05-30,548,10,48215
1250,2020-03-24,1,0,2020-05-30,327,2,48181
1251,2020-03-24,1,0,2020-05-30,7,0,48145
1252,2020-03-24,1,0,2020-05-30,37,0,47041
1253,2020-03-24,1,0,2020-05-30,9,0,47025
1254,2020-03-24,1,0,2020-05-30,31,1,47061
1255,2020-03-24,1,0,2020-05-30,15,2,47071
1256,2020-03-24,1,0,2020-05-30,26,0,47133
1257,2020-03-24,1,0,2020-05-30,175,2,47113
1258,2020-03-24,1,0,2020-05-30,25,0,47103
1259,2020-03-24,1,0,2020-05-30,61,1,13039
1260,2020-03-24,2,0,2020-05-30,74,5,13029
1261,2020-03-24,1,0,2020-05-30,74,1,13017
1262,2020-03-24,3,1,2020-05-30,34,2,13007
1263,2020-03-24,1,0,2020-05-30,43,1,13111
1264,2020-03-24,3,0,2020-05-30,232,7,13081
1265,2020-03-24,1,0,2020-05-30,465,14,13071
1266,2020-03-24,2,0,2020-05-30,28,0,16005
1267,2020-03-24,1,0,2020-05-30,98,2,17063
1268,2020-03-24,1,0,2020-05-30,63,1,16031
1269,2020-03-24,2,0,2020-05-30,138,2,13257
1270,2020-03-24,1,0,2020-05-30,36,1,13159
1271,2020-03-24,1,0,2020-05-30,28,1,13155
1272,2020-03-24,1,0,2020-05-30,68,7,13133
1273,2020-03-24,1,0,2020-05-30,101,6,13193
1274,2020-03-24,1,0,2020-05-30,85,2,13199
1275,2020-03-24,2,0,2020-05-30,44,2,13253
1276,2020-03-24,1,0,2020-05-30,42,2,13235
1277,2020-03-24,4,0,2020-05-30,408,32,13205
1278,2020-03-24,1,0,2020-05-30,51,0,5037
1279,2020-03-24,1,0,2020-05-30,24,0,5033
1280,2020-03-24,1,0,2020-05-30,14,1,5029
1281,2020-03-24,1,0,2020-05-30,25,2,5027
1282,2020-03-24,1,0,2020-05-30,32,0,5059
1283,2020-03-24,4,0,2020-05-30,44,1,5145
1284,2020-03-24,1,0,2020-05-30,171,8,5139
1285,2020-03-24,2,0,2020-05-30,9,0,5137
1286,2020-03-24,1,0,2020-05-30,5,0,5109
1287,2020-03-24,1,0,2020-05-30,84,5,5075
1288,2020-03-24,1,0,2020-05-30,216,4,1001
1289,2020-03-24,2,0,2020-05-30,251,1,1103
1290,2020-03-24,1,0,2020-05-30,1,0,5147
1291,2020-03-24,1,0,2020-05-30,3,0,8055
1292,2020-03-24,1,0,2020-05-30,26,0,8043
1293,2020-03-24,1,0,2020-05-30,69,1,8029
1294,2020-03-24,2,0,2020-05-30,35,1,6051
1295,2020-03-24,1,0,2020-05-30,285,7,6047
1296,2020-03-24,2,0,2020-05-30,15,0,6009
1297,2020-03-24,2,0,2020-05-30,25,3,22115
1298,2020-03-24,1,0,2020-05-30,51,14,23027
1299,2020-03-24,1,0,2020-05-30,43,2,28019
1300,2020-03-24,1,0,2020-05-30,11,0,26101
1301,2020-03-24,1,0,2020-05-30,189,30,26087
1302,2020-03-24,1,0,2020-05-30,19,2,26079
1303,2020-03-24,2,0,2020-05-30,77,7,26073
1304,2020-03-24,1,0,2020-05-30,169,24,26059
1305,2020-03-24,1,0,2020-05-30,35,1,18153
1306,2020-03-24,1,0,2020-05-30,40,3,18149
1307,2020-03-24,1,0,2020-05-30,543,30,18127
1308,2020-03-24,1,0,2020-05-30,13,0,18115
1309,2020-03-24,1,0,2020-05-30,240,18,18107
1310,2020-03-24,1,0,2020-05-30,160,25,18093
1311,2020-03-24,1,0,2020-05-30,46,1,19031
1312,2020-03-24,1,0,2020-05-30,33,0,19019
1313,2020-03-24,1,0,2020-05-30,167,29,18173
1314,2020-03-24,1,0,2020-05-30,386,2,18071
1315,2020-03-24,2,0,2020-05-30,15,2,18051
1316,2020-03-24,1,0,2020-05-30,261,16,19099
1317,2020-03-24,6,0,2020-05-30,237,34,18031
1318,2020-03-24,2,0,2020-05-30,169,22,18029
1319,2020-03-24,1,0,2020-05-30,33,1,18013
1320,2020-03-24,2,0,2020-05-30,485,7,21177
1321,2020-03-24,2,0,2020-05-30,10,0,21165
1322,2020-03-24,2,0,2020-05-30,95,2,21145
1323,2020-03-24,1,0,2020-05-30,3,0,21159
1324,2020-03-24,1,0,2020-05-30,52,3,21213
1325,2020-03-24,1,0,2020-05-30,13,0,20043
1326,2020-03-24,1,0,2020-05-30,130,0,19181
1327,2020-03-24,1,0,2020-05-30,6,0,20207
1328,2020-03-24,1,0,2020-05-30,27,0,20149
1329,2020-03-25,2,0,2020-05-30,61,2,38089
1330,2020-03-25,1,0,2020-05-30,1,0,38031
1331,2020-03-25,1,0,2020-05-30,30,0,39087
1332,2020-03-25,1,0,2020-05-30,40,0,39047
1333,2020-03-25,1,0,2020-05-30,117,2,37091
1334,2020-03-25,1,0,2020-05-30,215,7,37107
1335,2020-03-25,1,0,2020-05-30,794,12,37061
1336,2020-03-25,1,0,2020-05-30,89,2,37045
1337,2020-03-25,2,0,2020-05-30,64,1,37111
1338,2020-03-25,1,0,2020-05-30,147,14,37131
1339,2020-03-25,1,0,2020-05-30,210,7,39107
1340,2020-03-25,1,0,2020-05-30,12,0,41041
1341,2020-03-25,1,0,2020-05-30,164,17,42081
1342,2020-03-25,1,0,2020-05-30,79,8,42073
1343,2020-03-25,2,0,2020-05-30,27,0,42059
1344,2020-03-25,1,0,2020-05-30,41,1,40019
1345,2020-03-25,1,0,2020-05-30,26,1,40013
1346,2020-03-25,2,0,2020-05-30,87,3,40001
1347,2020-03-25,1,0,2020-05-30,272,50,39169
1348,2020-03-25,1,0,2020-05-30,20,2,39147
1349,2020-03-25,1,0,2020-05-30,2050,37,39129
1350,2020-03-25,5,0,2020-05-30,94,7,40037
1351,2020-03-25,1,0,2020-05-30,100,16,40041
1352,2020-03-25,1,0,2020-05-30,38,1,40137
1353,2020-03-25,1,0,2020-05-30,59,4,40125
1354,2020-03-25,1,0,2020-05-30,95,8,40113
1355,2020-03-25,1,0,2020-05-30,132,3,37027
1356,2020-03-25,1,0,2020-05-30,463,1,31053
1357,2020-03-25,1,0,2020-05-30,1,0,30041
1358,2020-03-25,1,0,2020-05-30,61,1,32019
1359,2020-03-25,1,0,2020-05-30,9,0,29053
1360,2020-03-25,1,0,2020-05-30,1,0,29205
1361,2020-03-25,1,0,2020-05-30,10,0,29175
1362,2020-03-25,1,0,2020-05-30,3,0,29173
1363,2020-03-25,2,0,2020-05-30,70,2,29165
1364,2020-03-25,1,0,2020-05-30,9,0,29139
1365,2020-03-25,1,0,2020-05-30,20,0,29119
1366,2020-03-25,1,0,2020-05-30,18,1,29145
1367,2020-03-25,1,0,2020-05-30,22,0,36033
1368,2020-03-25,2,0,2020-05-30,390,14,37023
1369,2020-03-25,2,0,2020-05-30,122,4,37015
1370,2020-03-25,1,1,2020-05-30,20,1,35015
1371,2020-03-25,1,0,2020-05-30,83,3,36013
1372,2020-03-25,2,0,2020-05-30,44,1,35039
1373,2020-03-25,1,0,2020-05-30,158,0,51630
1374,2020-03-25,2,0,2020-05-30,344,4,51069
1375,2020-03-25,3,0,2020-05-30,444,21,51171
1376,2020-03-25,1,0,2020-05-30,104,7,51161
1377,2020-03-25,1,0,2020-05-30,101,1,51137
1378,2020-03-25,1,0,2020-05-30,28,0,51135
1379,2020-03-25,1,0,2020-05-30,17,0,51125
1380,2020-03-25,1,0,2020-05-30,5,0,51115
1381,2020-03-25,2,0,2020-05-30,1046,10,51683
1382,2020-03-25,1,0,2020-05-30,40,1,51113
1383,2020-03-25,1,0,2020-05-30,38,5,48493
1384,2020-03-25,3,0,2020-05-30,57,0,48481
1385,2020-03-25,1,0,2020-05-30,945,27,48471
1386,2020-03-25,1,0,2020-05-30,65,1,48451
1387,2020-03-25,1,0,2020-05-30,13,0,48445
1388,2020-03-25,1,0,2020-05-30,33,0,48409
1389,2020-03-25,1,0,2020-05-30,8,0,48395
1390,2020-03-25,4,0,2020-05-30,29,1,50015
1391,2020-03-25,1,0,2020-05-30,16,1,55081
1392,2020-03-25,1,0,2020-05-30,23,1,55057
1393,2020-03-25,3,0,2020-05-30,16,0,55049
1394,2020-03-25,1,0,2020-05-30,95,12,55043
1395,2020-03-25,1,0,2020-05-30,25,0,56001
1396,2020-03-25,1,0,2020-05-30,49,2,53047
1397,2020-03-25,1,0,2020-05-30,1,0,53019
1398,2020-03-25,1,0,2020-05-30,16,0,54081
1399,2020-03-25,2,0,2020-05-30,41,1,54069
1400,2020-03-25,1,0,2020-05-30,50,2,54049
1401,2020-03-25,1,0,2020-05-30,17,1,54045
1402,2020-03-25,1,0,2020-05-30,98,2,48361
1403,2020-03-25,1,0,2020-05-30,237,0,46083
1404,2020-03-25,1,0,2020-05-30,18,0,46093
1405,2020-03-25,1,0,2020-05-30,233,14,45089
1406,2020-03-25,1,0,2020-05-30,36,0,45087
1407,2020-03-25,1,0,2020-05-30,283,4,47003
1408,2020-03-25,1,0,2020-05-30,68,5,45067
1409,2020-03-25,9,0,2020-05-30,499,51,44009
1410,2020-03-25,37,0,2020-05-30,11052,518,44007
1411,2020-03-25,8,0,2020-05-30,244,4,44005
1412,2020-03-25,7,0,2020-05-30,1052,68,44003
1413,2020-03-25,5,0,2020-05-30,224,11,44001
1414,2020-03-25,1,0,2020-05-30,3,0,42123
1415,2020-03-25,2,0,2020-05-30,138,5,48199
1416,2020-03-25,1,0,2020-05-30,57,4,48189
1417,2020-03-25,4,0,2020-05-30,132,0,48187
1418,2020-03-25,2,0,2020-05-30,121,1,48185
1419,2020-03-25,1,0,2020-05-30,7,0,48165
1420,2020-03-25,1,0,2020-05-30,17,1,48143
1421,2020-03-25,2,0,2020-05-30,6,0,48133
1422,2020-03-25,1,0,2020-05-30,34,2,48149
1423,2020-03-25,1,0,2020-05-30,26,0,48223
1424,2020-03-25,2,0,2020-05-30,28,1,48331
1425,2020-03-25,1,0,2020-05-30,116,1,48323
1426,2020-03-25,1,0,2020-05-30,24,1,48293
1427,2020-03-25,1,0,2020-05-30,92,3,48291
1428,2020-03-25,1,0,2020-05-30,138,9,48277
1429,2020-03-25,3,0,2020-05-30,29,0,48259
1430,2020-03-25,2,0,2020-05-30,223,2,48257
1431,2020-03-25,1,0,2020-05-30,82,4,48231
1432,2020-03-25,1,0,2020-05-30,3,0,48299
1433,2020-03-25,1,0,2020-05-30,33,2,47073
1434,2020-03-25,1,0,2020-05-30,3,0,47101
1435,2020-03-25,1,0,2020-05-30,231,2,48099
1436,2020-03-25,1,0,2020-05-30,36,0,48053
1437,2020-03-25,1,0,2020-05-30,25,0,48015
1438,2020-03-25,2,0,2020-05-30,36,2,48013
1439,2020-03-25,1,0,2020-05-30,33,0,47185
1440,2020-03-25,1,0,2020-05-30,10,1,48031
1441,2020-03-25,1,0,2020-05-30,51,2,13091
1442,2020-03-25,1,0,2020-05-30,186,4,13087
1443,2020-03-25,1,0,2020-05-30,268,2,12039
1444,2020-03-25,1,0,2020-05-30,184,5,13157
1445,2020-03-25,1,0,2020-05-30,23,2,16075
1446,2020-03-25,1,0,2020-05-30,82,19,16069
1447,2020-03-25,2,0,2020-05-30,7,0,16051
1448,2020-03-25,1,0,2020-05-30,3,0,16049
1449,2020-03-25,1,0,2020-05-30,3,0,16043
1450,2020-03-25,1,0,2020-05-30,5,0,17123
1451,2020-03-25,1,0,2020-05-30,27,0,17041
1452,2020-03-25,1,0,2020-05-30,16,1,13183
1453,2020-03-25,1,0,2020-05-30,37,0,13169
1454,2020-03-25,1,0,2020-05-30,33,1,13317
1455,2020-03-25,1,0,2020-05-30,101,3,13311
1456,2020-03-25,1,0,2020-05-30,228,14,13299
1457,2020-03-25,1,0,2020-05-30,324,32,13275
1458,2020-03-25,1,0,2020-05-30,22,2,13269
1459,2020-03-25,1,0,2020-05-30,19,1,5043
1460,2020-03-25,3,0,2020-05-30,248,11,1055
1461,2020-03-25,2,0,2020-05-30,260,3,1047
1462,2020-03-25,1,0,2020-05-30,178,2,1033
1463,2020-03-25,1,0,2020-05-30,27,2,1027
1464,2020-03-25,1,0,2020-05-30,100,1,1021
1465,2020-03-25,1,0,2020-05-30,37,3,1019
1466,2020-03-25,1,0,2020-05-30,402,17,1013
1467,2020-03-25,1,0,2020-05-30,61,1,1009
1468,2020-03-25,1,0,2020-05-30,14,1,1029
1469,2020-03-25,1,0,2020-05-30,48,0,1079
1470,2020-03-25,1,0,2020-05-30,144,7,1131
1471,2020-03-25,1,0,2020-05-30,167,0,1113
1472,2020-03-25,1,0,2020-05-30,198,0,1109
1473,2020-03-25,1,0,2020-05-30,111,4,1107
1474,2020-03-25,1,0,2020-05-30,687,9,1095
1475,2020-03-25,1,0,2020-05-30,36,1,17137
1476,2020-03-25,1,0,2020-05-30,18,1,8089
1477,2020-03-25,1,0,2020-05-30,20,1,6027
1478,2020-03-25,2,0,2020-05-30,43,2,6101
1479,2020-03-25,1,0,2020-05-30,55,11,26103
1480,2020-03-25,1,0,2020-05-30,151,4,26091
1481,2020-03-25,1,0,2020-05-30,26,1,25007
1482,2020-03-25,1,0,2020-05-30,94,9,26069
1483,2020-03-25,1,0,2020-05-30,163,2,22127
1484,2020-03-25,2,0,2020-05-30,313,17,22111
1485,2020-03-25,1,0,2020-05-30,170,19,24029
1486,2020-03-25,1,0,2020-05-30,52,3,28117
1487,2020-03-25,1,0,2020-05-30,64,4,28013
1488,2020-03-25,1,0,2020-05-30,66,3,27049
1489,2020-03-25,2,0,2020-05-30,140,6,26159
1490,2020-03-25,2,0,2020-05-30,79,15,27169
1491,2020-03-25,1,0,2020-05-30,41,5,26151
1492,2020-03-25,2,0,2020-05-30,42,1,19011
1493,2020-03-25,1,0,2020-05-30,61,2,18139
1494,2020-03-25,1,0,2020-05-30,38,2,18033
1495,2020-03-25,1,0,2020-05-30,67,1,18073
1496,2020-03-25,1,0,2020-05-30,8,0,21231
1497,2020-03-25,1,0,2020-05-30,121,5,22067
1498,2020-03-25,1,0,2020-05-30,76,7,22053
1499,2020-03-25,1,0,2020-05-30,106,13,22049
1500,2020-03-25,1,0,2020-05-30,2,0,20133
1501,2020-03-25,1,0,2020-05-30,13,0,21147
1502,2020-03-25,1,0,2020-05-30,6,1,20037
1503,2020-03-25,3,0,2020-05-30,300,7,20177
1504,2020-03-25,1,0,2020-05-30,21,2,21125
1505,2020-03-25,2,0,2020-05-30,124,8,21085
1506,2020-03-26,1,0,2020-05-30,18,1,39009
1507,2020-03-26,1,0,2020-05-30,50,0,39119
1508,2020-03-26,1,0,2020-05-30,67,2,39081
1509,2020-03-26,1,0,2020-05-30,1,0,38051
1510,2020-03-26,1,0,2020-05-30,2,1,38049
1511,2020-03-26,1,0,2020-05-30,50,1,42013
1512,2020-03-26,1,0,2020-05-30,23,1,41065
1513,2020-03-26,1,0,2020-05-30,6,0,41057
1514,2020-03-26,1,0,2020-05-30,91,5,42063
1515,2020-03-26,1,0,2020-05-30,29,0,42039
1516,2020-03-26,1,0,2020-05-30,15,0,40035
1517,2020-03-26,3,0,2020-05-30,279,3,40031
1518,2020-03-26,1,0,2020-05-30,40,2,39175
1519,2020-03-26,1,0,2020-05-30,22,2,40081
1520,2020-03-26,1,0,2020-05-30,15,3,40135
1521,2020-03-26,1,0,2020-05-30,35,2,40115
1522,2020-03-26,2,0,2020-05-30,26,0,40111
1523,2020-03-26,1,0,2020-05-30,29,6,30101
1524,2020-03-26,1,0,2020-05-30,1507,42,31079
1525,2020-03-26,1,0,2020-05-30,1,0,30059
1526,2020-03-26,1,0,2020-05-30,11,0,31099
1527,2020-03-26,1,0,2020-05-30,79,5,29207
1528,2020-03-26,1,0,2020-05-30,5,1,29035
1529,2020-03-26,1,0,2020-05-30,6,0,29017
1530,2020-03-26,1,0,2020-05-30,11,0,29015
1531,2020-03-26,3,0,2020-05-30,90,5,28161
1532,2020-03-26,2,0,2020-05-30,34,0,37013
1533,2020-03-26,1,0,2020-05-30,80,1,51680
1534,2020-03-26,1,0,2020-05-30,65,4,51099
1535,2020-03-26,1,0,2020-05-30,34,1,51079
1536,2020-03-26,4,0,2020-05-30,312,6,51061
1537,2020-03-26,1,0,2020-05-30,197,3,51650
1538,2020-03-26,1,0,2020-05-30,146,2,51175
1539,2020-03-26,1,0,2020-05-30,6,0,51750
1540,2020-03-26,2,0,2020-05-30,126,0,51149
1541,2020-03-26,1,0,2020-05-30,7,0,51735
1542,2020-03-26,1,0,2020-05-30,40,1,51143
1543,2020-03-26,1,0,2020-05-30,230,20,51131
1544,2020-03-26,2,0,2020-05-30,155,2,51187
1545,2020-03-26,2,0,2020-05-30,11,0,49029
1546,2020-03-26,1,0,2020-05-30,18,0,48465
1547,2020-03-26,1,0,2020-05-30,25,1,51007
1548,2020-03-26,1,0,2020-05-30,51,4,51191
1549,2020-03-26,1,0,2020-05-30,31,4,55019
1550,2020-03-26,1,0,2020-05-30,18,1,56019
1551,2020-03-26,1,0,2020-05-30,13,0,56017
1552,2020-03-26,1,0,2020-05-30,11,0,55097
1553,2020-03-26,1,0,2020-05-30,7,0,55125
1554,2020-03-26,1,0,2020-05-30,7,0,54097
1555,2020-03-26,1,0,2020-05-30,15,0,54053
1556,2020-03-26,1,0,2020-05-30,7,1,47005
1557,2020-03-26,1,0,2020-05-30,21,0,47015
1558,2020-03-26,1,0,2020-05-30,136,3,47111
1559,2020-03-26,1,0,2020-05-30,109,15,42115
1560,2020-03-26,1,0,2020-05-30,4,0,48255
1561,2020-03-26,1,0,2020-05-30,18,1,48239
1562,2020-03-26,2,0,2020-05-30,167,13,48397
1563,2020-03-26,1,0,2020-05-30,287,21,48347
1564,2020-03-26,1,0,2020-05-30,3,1,48317
1565,2020-03-26,1,0,2020-05-30,4,0,47171
1566,2020-03-26,1,0,2020-05-30,205,4,48005
1567,2020-03-26,1,0,2020-05-30,26,0,47121
1568,2020-03-26,2,0,2020-05-30,37,3,48057
1569,2020-03-26,1,0,2020-05-30,7,1,30053
1570,2020-03-26,1,0,2020-05-30,132,5,13037
1571,2020-03-26,1,0,2020-05-30,43,2,13143
1572,2020-03-26,1,0,2020-05-30,46,1,13119
1573,2020-03-26,1,0,2020-05-30,57,4,12133
1574,2020-03-26,1,0,2020-05-30,2,0,16037
1575,2020-03-26,2,0,2020-05-30,73,5,17179
1576,2020-03-26,1,0,2020-05-30,12,0,17055
1577,2020-03-26,1,0,2020-05-30,67,5,13189
1578,2020-03-26,1,0,2020-05-30,56,4,13279
1579,2020-03-26,1,0,2020-05-30,15,0,5017
1580,2020-03-26,2,0,2020-05-30,383,44,4015
1581,2020-03-26,2,0,2020-05-30,70,2,4012
1582,2020-03-26,2,0,2020-05-30,26,0,5121
1583,2020-03-26,4,0,2020-05-30,47,0,5085
1584,2020-03-26,2,0,2020-05-30,20,0,5061
1585,2020-03-26,1,0,2020-05-30,243,3,1049
1586,2020-03-26,1,0,2020-05-30,76,3,1041
1587,2020-03-26,2,0,2020-05-30,38,1,1037
1588,2020-03-26,2,0,2020-05-30,203,4,1011
1589,2020-03-26,1,0,2020-05-30,151,8,1023
1590,2020-03-26,1,0,2020-05-30,163,6,1091
1591,2020-03-26,1,0,2020-05-30,238,12,1085
1592,2020-03-26,1,0,2020-05-30,26,3,8063
1593,2020-03-26,1,0,2020-05-30,40,0,8121
1594,2020-03-26,2,0,2020-05-30,23,0,8105
1595,2020-03-26,1,1,2020-05-30,5,1,26053
1596,2020-03-26,1,0,2020-05-30,16,1,26113
1597,2020-03-26,1,1,2020-05-30,21,2,26107
1598,2020-03-26,2,0,2020-05-30,147,4,26067
1599,2020-03-26,1,0,2020-05-30,36,1,23007
1600,2020-03-26,1,0,2020-05-30,53,3,22113
1601,2020-03-26,1,0,2020-05-30,85,2,26127
1602,2020-03-26,3,0,2020-05-30,735,61,28075
1603,2020-03-26,2,0,2020-05-30,26,0,28119
1604,2020-03-26,1,0,2020-05-30,21,1,26129
1605,2020-03-26,1,0,2020-05-30,15,0,28009
1606,2020-03-26,1,0,2020-05-30,240,26,26155
1607,2020-03-26,1,0,2020-05-30,490,1,27067
1608,2020-03-26,1,0,2020-05-30,11,3,27167
1609,2020-03-26,1,0,2020-05-30,16,0,27143
1610,2020-03-26,1,0,2020-05-30,34,3,19043
1611,2020-03-26,1,0,2020-05-30,15,3,19007
1612,2020-03-26,1,0,2020-05-30,62,1,19057
1613,2020-03-26,1,0,2020-05-30,13,1,18171
1614,2020-03-26,1,0,2020-05-30,13,0,19145
1615,2020-03-26,1,0,2020-05-30,24,0,19133
1616,2020-03-26,1,0,2020-05-30,93,10,19123
1617,2020-03-26,1,0,2020-05-30,21,2,18045
1618,2020-03-26,1,0,2020-05-30,16,0,18129
1619,2020-03-26,1,0,2020-05-30,128,24,18117
1620,2020-03-26,1,0,2020-05-30,102,1,18099
1621,2020-03-26,1,0,2020-05-30,34,0,21233
1622,2020-03-26,1,0,2020-05-30,11,0,21225
1623,2020-03-26,4,0,2020-05-30,194,30,22037
1624,2020-03-26,1,0,2020-05-30,195,24,22077
1625,2020-03-26,1,0,2020-05-30,90,0,22065
1626,2020-03-26,1,0,2020-05-30,51,0,22059
1627,2020-03-26,1,0,2020-05-30,13,0,21167
1628,2020-03-26,2,0,2020-05-30,458,17,21015
1629,2020-03-26,1,0,2020-05-30,8,1,20191
1630,2020-03-26,1,0,2020-05-30,22,0,20087
1631,2020-03-26,1,0,2020-05-30,9,0,21161
1632,2020-03-26,1,0,2020-05-30,222,31,21107
1633,2020-03-27,2,0,2020-05-30,40,0,39051
1634,2020-03-27,3,0,2020-05-30,77,2,37079
1635,2020-03-27,1,0,2020-05-30,41,3,39149
1636,2020-03-27,1,0,2020-05-30,201,2,37171
1637,2020-03-27,1,0,2020-05-30,48,1,37145
1638,2020-03-27,1,0,2020-05-30,11,0,41049
1639,2020-03-27,1,0,2020-05-30,190,3,42097
1640,2020-03-27,1,0,2020-05-30,39,1,40023
1641,2020-03-27,1,0,2020-05-30,5,1,40077
1642,2020-03-27,1,0,2020-05-30,29,1,40021
1643,2020-03-27,1,0,2020-05-30,158,10,40015
1644,2020-03-27,1,0,2020-05-30,16,0,41009
1645,2020-03-27,2,0,2020-05-30,41,3,40121
1646,2020-03-27,1,0,2020-05-30,9,0,29009
1647,2020-03-27,1,0,2020-05-30,8,0,30067
1648,2020-03-27,1,0,2020-05-30,5,0,30047
1649,2020-03-27,1,0,2020-05-30,11,0,29229
1650,2020-03-27,1,0,2020-05-30,19,0,29177
1651,2020-03-27,2,0,2020-05-30,690,2,29021
1652,2020-03-27,1,0,2020-05-30,3,0,29005
1653,2020-03-27,1,0,2020-05-30,77,1,29159
1654,2020-03-27,2,0,2020-05-30,81,1,29113
1655,2020-03-27,1,0,2020-05-30,6,0,29041
1656,2020-03-27,1,0,2020-05-30,74,2,35061
1657,2020-03-27,1,0,2020-05-30,38,0,35041
1658,2020-03-27,1,0,2020-05-30,112,0,51640
1659,2020-03-27,1,0,2020-05-30,155,9,51770
1660,2020-03-27,1,0,2020-05-30,10,0,49047
1661,2020-03-27,1,0,2020-05-30,16,1,48489
1662,2020-03-27,1,0,2020-05-30,11,0,48463
1663,2020-03-27,1,0,2020-05-30,4,1,48503
1664,2020-03-27,1,0,2020-05-30,4,0,51520
1665,2020-03-27,1,0,2020-05-30,33,2,55075
1666,2020-03-27,1,1,2020-05-30,2,1,55051
1667,2020-03-27,2,0,2020-05-30,14,4,55103
1668,2020-03-27,1,0,2020-05-30,36,3,56043
1669,2020-03-27,1,0,2020-05-30,5,0,56015
1670,2020-03-27,1,0,2020-05-30,39,1,55135
1671,2020-03-27,1,0,2020-05-30,3,0,53059
1672,2020-03-27,1,0,2020-05-30,4,0,54073
1673,2020-03-27,1,0,2020-05-30,18,0,54029
1674,2020-03-27,1,0,2020-05-30,9,0,54025
1675,2020-03-27,1,0,2020-05-30,89,0,46127
1676,2020-03-27,1,0,2020-05-30,26,1,46121
1677,2020-03-27,2,0,2020-05-30,11,0,46081
1678,2020-03-27,1,0,2020-05-30,1,0,46049
1679,2020-03-27,1,0,2020-05-30,25,0,46003
1680,2020-03-27,2,0,2020-05-30,27,3,48221
1681,2020-03-27,1,0,2020-05-30,244,25,48203
1682,2020-03-27,1,0,2020-05-30,328,5,48441
1683,2020-03-27,2,0,2020-05-30,33,0,48427
1684,2020-03-27,1,0,2020-05-30,201,6,48419
1685,2020-03-27,3,0,2020-05-30,674,6,48381
1686,2020-03-27,1,0,2020-05-30,55,2,48349
1687,2020-03-27,1,0,2020-05-30,9,1,48337
1688,2020-03-27,1,0,2020-05-30,34,1,47159
1689,2020-03-27,1,0,2020-05-30,44,2,48073
1690,2020-03-27,1,0,2020-05-30,7,0,28125
1691,2020-03-27,1,0,2020-05-30,43,0,13053
1692,2020-03-27,1,0,2020-05-30,30,0,13147
1693,2020-03-27,1,0,2020-05-30,520,23,13137
1694,2020-03-27,1,0,2020-05-30,31,1,12075
1695,2020-03-27,1,0,2020-05-30,167,18,12121
1696,2020-03-27,1,0,2020-05-30,131,4,17075
1697,2020-03-27,1,0,2020-05-30,69,0,17073
1698,2020-03-27,1,0,2020-05-30,15,1,17011
1699,2020-03-27,1,0,2020-05-30,17,0,16045
1700,2020-03-27,2,0,2020-05-30,280,34,13293
1701,2020-03-27,1,0,2020-05-30,11,0,5005
1702,2020-03-27,2,0,2020-05-30,88,0,1133
1703,2020-03-27,1,0,2020-05-30,57,3,1053
1704,2020-03-27,2,0,2020-05-30,77,1,1039
1705,2020-03-27,1,0,2020-05-30,94,4,1063
1706,2020-03-27,1,0,2020-05-30,125,7,1111
1707,2020-03-27,1,0,2020-05-30,3,0,8073
1708,2020-03-27,1,0,2020-05-30,6,0,8023
1709,2020-03-27,1,0,2020-05-30,746,4,6031
1710,2020-03-27,1,0,2020-05-30,5,0,6011
1711,2020-03-27,1,0,2020-05-30,74,2,8003
1712,2020-03-27,1,0,2020-05-30,93,2,18015
1713,2020-03-27,1,0,2020-05-30,58,5,26039
1714,2020-03-27,1,0,2020-05-30,82,3,26027
1715,2020-03-27,1,0,2020-05-30,44,1,26063
1716,2020-03-27,1,0,2020-05-30,74,9,26057
1717,2020-03-27,1,0,2020-05-30,208,13,22125
1718,2020-03-27,1,0,2020-05-30,144,11,28069
1719,2020-03-27,1,0,2020-05-30,42,1,28063
1720,2020-03-27,1,0,2020-05-30,630,38,28099
1721,2020-03-27,1,0,2020-05-30,14,0,27007
1722,2020-03-27,1,0,2020-05-30,18,0,27043
1723,2020-03-27,1,0,2020-05-30,6,1,27087
1724,2020-03-27,1,0,2020-05-30,5,0,27081
1725,2020-03-27,1,0,2020-05-30,20,0,19059
1726,2020-03-27,1,0,2020-05-30,61,1,19045
1727,2020-03-27,1,0,2020-05-30,15,1,19023
1728,2020-03-27,1,0,2020-05-30,41,3,18183
1729,2020-03-27,1,0,2020-05-30,17,0,19083
1730,2020-03-27,1,0,2020-05-30,39,1,19187
1731,2020-03-27,1,0,2020-05-30,7,0,19137
1732,2020-03-27,1,0,2020-05-30,892,16,19127
1733,2020-03-27,1,0,2020-05-30,33,0,19095
1734,2020-03-27,1,0,2020-05-30,167,0,19197
1735,2020-03-27,1,0,2020-05-30,27,2,18069
1736,2020-03-27,1,0,2020-05-30,176,11,18065
1737,2020-03-27,1,0,2020-05-30,49,1,18049
1738,2020-03-27,1,0,2020-05-30,228,2,18023
1739,2020-03-27,1,0,2020-05-30,129,2,18085
1740,2020-03-27,1,0,2020-05-30,70,3,18135
1741,2020-03-27,2,0,2020-05-30,77,2,18087
1742,2020-03-27,3,0,2020-05-30,27,0,21239
1743,2020-03-27,1,0,2020-05-30,4,0,20143
1744,2020-03-27,1,0,2020-05-30,7,0,20139
1745,2020-03-27,1,0,2020-05-30,27,0,20113
1746,2020-03-27,1,0,2020-05-30,5,1,20027
1747,2020-03-27,1,0,2020-05-30,15,2,20079
1748,2020-03-27,1,0,2020-05-30,1,0,20063
1749,2020-03-27,1,0,2020-05-30,50,8,20031
1750,2020-03-27,1,0,2020-05-30,8,0,21123
1751,2020-03-27,2,0,2020-05-30,173,11,21037
1752,2020-03-27,2,0,2020-05-30,111,4,21029
1753,2020-03-28,1,0,2020-05-30,6,0,39131
1754,2020-03-28,1,0,2020-05-30,99,16,39123
1755,2020-03-28,1,0,2020-05-30,73,3,39011
1756,2020-03-28,2,0,2020-05-30,36,4,37149
1757,2020-03-28,1,0,2020-05-30,24,2,37143
1758,2020-03-28,1,0,2020-05-30,6,0,39161
1759,2020-03-28,2,0,2020-05-30,211,32,39003
1760,2020-03-28,1,0,2020-05-30,2,0,38085
1761,2020-03-28,2,0,2020-05-30,39,0,38061
1762,2020-03-28,2,0,2020-05-30,7,0,38055
1763,2020-03-28,1,0,2020-05-30,1,0,38023
1764,2020-03-28,2,0,2020-05-30,4,0,38003
1765,2020-03-28,1,0,2020-05-30,27,2,42031
1766,2020-03-28,1,0,2020-05-30,2,0,42023
1767,2020-03-28,1,0,2020-05-30,42,1,42109
1768,2020-03-28,1,0,2020-05-30,57,3,42099
1769,2020-03-28,1,0,2020-05-30,12,1,42083
1770,2020-03-28,1,0,2020-05-30,230,2,42061
1771,2020-03-28,1,0,2020-05-30,14,1,40079
1772,2020-03-28,1,0,2020-05-30,23,0,40105
1773,2020-03-28,1,0,2020-05-30,13,0,31073
1774,2020-03-28,1,0,2020-05-30,26,0,29219
1775,2020-03-28,1,0,2020-05-30,571,1,31141
1776,2020-03-28,1,0,2020-05-30,78,4,32013
1777,2020-03-28,1,0,2020-05-30,7,0,29181
1778,2020-03-28,1,0,2020-05-30,11,0,36097
1779,2020-03-28,1,0,2020-05-30,197,9,37065
1780,2020-03-28,1,0,2020-05-30,87,2,36009
1781,2020-03-28,1,0,2020-05-30,10,0,51103
1782,2020-03-28,1,0,2020-05-30,87,0,51670
1783,2020-03-28,2,0,2020-05-30,25,1,51133
1784,2020-03-28,1,0,2020-05-30,36,1,51127
1785,2020-03-28,1,0,2020-05-30,73,1,51121
1786,2020-03-28,1,0,2020-05-30,32,0,51145
1787,2020-03-28,1,0,2020-05-30,289,5,49037
1788,2020-03-28,1,0,2020-05-30,3,0,49017
1789,2020-03-28,5,0,2020-05-30,202,25,48477
1790,2020-03-28,1,0,2020-05-30,9,0,55085
1791,2020-03-28,1,0,2020-05-30,3,0,56035
1792,2020-03-28,1,0,2020-05-30,24,0,56009
1793,2020-03-28,1,0,2020-05-30,17,2,42117
1794,2020-03-28,1,0,2020-05-30,19,1,47019
1795,2020-03-28,2,0,2020-05-30,607,1,47007
1796,2020-03-28,1,0,2020-05-30,51,0,46135
1797,2020-03-28,2,0,2020-05-30,5,0,46067
1798,2020-03-28,1,0,2020-05-30,4,0,46057
1799,2020-03-28,1,0,2020-05-30,1,0,46039
1800,2020-03-28,1,0,2020-05-30,16,0,47091
1801,2020-03-28,1,0,2020-05-30,196,0,47069
1802,2020-03-28,2,0,2020-05-30,67,4,45059
1803,2020-03-28,1,0,2020-05-30,16,0,48279
1804,2020-03-28,1,0,2020-05-30,7,1,48305
1805,2020-03-28,1,0,2020-05-30,26,0,47183
1806,2020-03-28,1,0,2020-05-30,4,0,47173
1807,2020-03-28,1,0,2020-05-30,1392,4,47169
1808,2020-03-28,1,0,2020-05-30,17,0,47129
1809,2020-03-28,1,0,2020-05-30,64,0,48055
1810,2020-03-28,1,0,2020-05-30,24,0,48051
1811,2020-03-28,1,0,2020-05-30,19,1,13165
1812,2020-03-28,2,0,2020-05-30,90,1,13213
1813,2020-03-28,1,0,2020-05-30,405,14,12051
1814,2020-03-28,1,0,2020-05-30,60,2,13031
1815,2020-03-28,1,0,2020-05-30,194,19,17115
1816,2020-03-28,1,0,2020-05-30,20,3,17051
1817,2020-03-28,1,0,2020-05-30,16,2,17015
1818,2020-03-28,1,0,2020-05-30,25,1,18025
1819,2020-03-28,1,0,2020-05-30,54,2,13231
1820,2020-03-28,2,0,2020-05-30,265,12,13297
1821,2020-03-28,1,0,2020-05-30,13,0,13309
1822,2020-03-28,1,0,2020-05-30,33,0,16063
1823,2020-03-28,1,0,2020-05-30,47,0,16019
1824,2020-03-28,1,0,2020-05-30,30,2,4007
1825,2020-03-28,1,0,2020-05-30,43,0,5071
1826,2020-03-28,1,0,2020-05-30,37,2,1099
1827,2020-03-28,2,0,2020-05-30,7,0,8081
1828,2020-03-28,1,0,2020-05-30,16,0,6021
1829,2020-03-28,1,0,2020-05-30,12,0,8009
1830,2020-03-28,1,0,2020-05-30,11,0,26133
1831,2020-03-28,1,0,2020-05-30,165,2,28031
1832,2020-03-28,1,0,2020-05-30,143,18,28023
1833,2020-03-28,1,0,2020-05-30,3,0,27029
1834,2020-03-28,1,0,2020-05-30,60,1,28005
1835,2020-03-28,1,0,2020-05-30,61,0,19015
1836,2020-03-28,1,0,2020-05-30,15,0,19107
1837,2020-03-28,1,0,2020-05-30,54,0,19173
1838,2020-03-28,1,0,2020-05-30,233,8,18181
1839,2020-03-28,1,0,2020-05-30,37,0,19165
1840,2020-03-28,1,0,2020-05-30,77,2,18169
1841,2020-03-28,1,0,2020-05-30,11,0,18165
1842,2020-03-28,1,0,2020-05-30,21,0,18155
1843,2020-03-28,1,0,2020-05-30,78,11,18111
1844,2020-03-28,2,0,2020-05-30,6,0,21229
1845,2020-03-28,1,0,2020-05-30,164,4,21211
1846,2020-03-28,1,0,2020-05-30,3,0,21181
1847,2020-03-28,4,0,2020-05-30,314,10,22041
1848,2020-03-28,1,0,2020-05-30,138,0,22035
1849,2020-03-28,1,0,2020-05-30,7,0,20121
1850,2020-03-28,1,0,2020-05-30,25,0,21021
1851,2020-03-28,1,0,2020-05-30,44,4,21081
1852,2020-03-28,1,0,2020-05-30,18,0,21071
1853,2020-03-28,1,0,2020-05-30,12,0,21023
1854,2020-03-28,1,0,2020-05-30,228,13,21031
1855,2020-03-28,2,0,2020-05-30,17,2,21027
1856,2020-03-28,1,0,2020-05-30,12,0,21041
1857,2020-03-29,1,0,2020-05-30,10,0,37137
1858,2020-03-29,1,0,2020-05-30,27,3,37187
1859,2020-03-29,1,0,2020-05-30,166,2,37197
1860,2020-03-29,1,0,2020-05-30,9,0,42121
1861,2020-03-29,2,0,2020-05-30,59,1,42087
1862,2020-03-29,2,0,2020-05-30,27,1,40047
1863,2020-03-29,1,0,2020-05-30,26,2,40133
1864,2020-03-29,1,0,2020-05-30,917,5,40139
1865,2020-03-29,1,0,2020-05-30,81,5,40131
1866,2020-03-29,1,0,2020-05-30,102,0,31157
1867,2020-03-29,1,0,2020-05-30,3,0,30023
1868,2020-03-29,1,0,2020-05-30,15,0,37005
1869,2020-03-29,2,0,2020-05-30,176,1,37083
1870,2020-03-29,1,0,2020-05-30,13,0,37053
1871,2020-03-29,1,0,2020-05-30,327,26,37047
1872,2020-03-29,1,0,2020-05-30,60,1,37033
1873,2020-03-29,2,0,2020-05-30,20,0,36049
1874,2020-03-29,1,0,2020-05-30,299,6,51685
1875,2020-03-29,1,0,2020-05-30,73,7,51081
1876,2020-03-29,1,0,2020-05-30,7,0,51185
1877,2020-03-29,3,0,2020-05-30,57,0,48473
1878,2020-03-29,1,0,2020-05-30,20,2,51005
1879,2020-03-29,1,0,2020-05-30,4,0,54105
1880,2020-03-29,1,0,2020-05-30,21,1,51197
1881,2020-03-29,1,0,2020-05-30,187,2,51840
1882,2020-03-29,1,0,2020-05-30,8,0,54103
1883,2020-03-29,1,0,2020-05-30,18,0,54065
1884,2020-03-29,1,0,2020-05-30,64,0,54011
1885,2020-03-29,1,0,2020-05-30,73,0,47031
1886,2020-03-29,1,0,2020-05-30,24,0,46125
1887,2020-03-29,1,0,2020-05-30,36,0,46109
1888,2020-03-29,1,0,2020-05-30,12,0,47109
1889,2020-03-29,1,0,2020-05-30,30,0,47079
1890,2020-03-29,2,0,2020-05-30,31,2,47075
1891,2020-03-29,1,0,2020-05-30,4,0,46047
1892,2020-03-29,2,0,2020-05-30,15,0,46027
1893,2020-03-29,1,0,2020-05-30,4,0,46025
1894,2020-03-29,1,0,2020-05-30,30,1,47131
1895,2020-03-29,1,0,2020-05-30,16,1,48273
1896,2020-03-29,1,0,2020-05-30,57,2,48213
1897,2020-03-29,1,0,2020-05-30,17,0,48437
1898,2020-03-29,1,0,2020-05-30,14,0,48407
1899,2020-03-29,1,0,2020-05-30,56,0,48373
1900,2020-03-29,1,0,2020-05-30,15,0,48159
1901,2020-03-29,3,0,2020-05-30,160,5,48135
1902,2020-03-29,1,0,2020-05-30,42,1,48115
1903,2020-03-29,1,0,2020-05-30,171,9,28149
1904,2020-03-29,1,0,2020-05-30,29,1,12043
1905,2020-03-29,1,0,2020-05-30,13,0,13043
1906,2020-03-29,1,0,2020-05-30,68,8,13027
1907,2020-03-29,1,0,2020-05-30,108,3,13005
1908,2020-03-29,1,0,2020-05-30,34,1,12129
1909,2020-03-29,1,0,2020-05-30,98,0,17095
1910,2020-03-29,1,0,2020-05-30,20,0,17129
1911,2020-03-29,1,0,2020-05-30,51,1,18021
1912,2020-03-29,1,0,2020-05-30,39,0,17135
1913,2020-03-29,1,0,2020-05-30,12,1,17005
1914,2020-03-29,1,0,2020-05-30,9,0,16073
1915,2020-03-29,1,0,2020-05-30,19,0,5003
1916,2020-03-29,1,0,2020-05-30,5,0,5001
1917,2020-03-29,1,0,2020-05-30,14,0,5105
1918,2020-03-29,1,0,2020-05-30,5,0,5099
1919,2020-03-29,1,0,2020-05-30,16,1,5057
1920,2020-03-29,1,0,2020-05-30,75,4,1087
1921,2020-03-29,1,0,2020-05-30,43,3,8083
1922,2020-03-29,1,0,2020-05-30,2,0,8079
1923,2020-03-29,1,0,2020-05-30,4,0,6109
1924,2020-03-29,1,0,2020-05-30,21,1,26031
1925,2020-03-29,1,0,2020-05-30,22,0,23025
1926,2020-03-29,1,0,2020-05-30,46,0,22085
1927,2020-03-29,1,0,2020-05-30,111,2,28021
1928,2020-03-29,1,0,2020-05-30,32,0,27059
1929,2020-03-29,1,0,2020-05-30,41,0,27041
1930,2020-03-29,1,0,2020-05-30,70,0,27033
1931,2020-03-29,1,0,2020-05-30,117,11,28015
1932,2020-03-29,1,0,2020-05-30,64,0,27111
1933,2020-03-29,1,0,2020-05-30,1481,8,20055
1934,2020-03-29,2,0,2020-05-30,29,0,18083
1935,2020-03-29,1,0,2020-05-30,173,27,18055
1936,2020-03-29,1,0,2020-05-30,50,7,22081
1937,2020-03-29,1,0,2020-05-30,83,2,18151
1938,2020-03-29,2,0,2020-05-30,11,1,21217
1939,2020-03-29,1,0,2020-05-30,31,0,20189
1940,2020-03-29,1,0,2020-05-30,1,0,20185
1941,2020-03-29,3,0,2020-05-30,20,2,20125
1942,2020-03-29,4,0,2020-05-30,39,3,21019
1943,2020-03-29,1,0,2020-05-30,8,0,21135
1944,2020-03-30,1,0,2020-05-30,34,1,39075
1945,2020-03-30,1,0,2020-05-30,28,1,39015
1946,2020-03-30,1,0,2020-05-30,71,2,39141
1947,2020-03-30,1,0,2020-05-30,35,1,39135
1948,2020-03-30,1,0,2020-05-30,182,7,37161
1949,2020-03-30,1,0,2020-05-30,1,0,38065
1950,2020-03-30,2,0,2020-05-30,333,3,38035
1951,2020-03-30,4,0,2020-05-30,59,1,42119
1952,2020-03-30,1,0,2020-05-30,15,0,40085
1953,2020-03-30,1,0,2020-05-30,5,2,40033
1954,2020-03-30,1,0,2020-05-30,6,0,40009
1955,2020-03-30,1,0,2020-05-30,8,0,31003
1956,2020-03-30,1,0,2020-05-30,17,0,29225
1957,2020-03-30,1,0,2020-05-30,4,0,29209
1958,2020-03-30,1,0,2020-05-30,36,0,31185
1959,2020-03-30,1,0,2020-05-30,8,0,29055
1960,2020-03-30,5,0,2020-05-30,9,0,29039
1961,2020-03-30,2,0,2020-05-30,2,0,29179
1962,2020-03-30,1,0,2020-05-30,19,1,29163
1963,2020-03-30,1,0,2020-05-30,5,0,29151
1964,2020-03-30,1,0,2020-05-30,9,0,29141
1965,2020-03-30,1,0,2020-05-30,2,0,29125
1966,2020-03-30,1,0,2020-05-30,4,0,29121
1967,2020-03-30,1,0,2020-05-30,3,0,29117
1968,2020-03-30,1,0,2020-05-30,33,0,37003
1969,2020-03-30,3,0,2020-05-30,50,1,35057
1970,2020-03-30,1,0,2020-05-30,30,0,51101
1971,2020-03-30,1,0,2020-05-30,104,3,51089
1972,2020-03-30,1,0,2020-05-30,15,0,51173
1973,2020-03-30,2,0,2020-05-30,127,3,51730
1974,2020-03-30,1,0,2020-05-30,46,3,48497
1975,2020-03-30,2,0,2020-05-30,4,1,55077
1976,2020-03-30,2,0,2020-05-30,17,1,55053
1977,2020-03-30,1,0,2020-05-30,38,3,55029
1978,2020-03-30,2,0,2020-05-30,9,0,54087
1979,2020-03-30,1,0,2020-05-30,129,0,54083
1980,2020-03-30,1,0,2020-05-30,4,0,46091
1981,2020-03-30,1,0,2020-05-30,31,1,47117
1982,2020-03-30,2,0,2020-05-30,31,0,47099
1983,2020-03-30,1,0,2020-05-30,12,0,47055
1984,2020-03-30,1,0,2020-05-30,12,0,47049
1985,2020-03-30,1,0,2020-05-30,45,1,45011
1986,2020-03-30,1,0,2020-05-30,10,0,48289
1987,2020-03-30,1,0,2020-05-30,24,1,48217
1988,2020-03-30,1,0,2020-05-30,604,13,48341
1989,2020-03-30,1,0,2020-05-30,64,0,47181
1990,2020-03-30,1,0,2020-05-30,23,0,47177
1991,2020-03-30,1,0,2020-05-30,149,0,13123
1992,2020-03-30,3,0,2020-05-30,179,12,13093
1993,2020-03-30,1,0,2020-05-30,28,1,13083
1994,2020-03-30,1,0,2020-05-30,48,2,13075
1995,2020-03-30,1,0,2020-05-30,39,2,13061
1996,2020-03-30,1,0,2020-05-30,16,1,13191
1997,2020-03-30,1,0,2020-05-30,82,2,13167
1998,2020-03-30,1,0,2020-05-30,41,1,13163
1999,2020-03-30,1,0,2020-05-30,19,0,12059
2000,2020-03-30,1,0,2020-05-30,45,0,13023
2001,2020-03-30,1,0,2020-05-30,46,0,13019
2002,2020-03-30,1,0,2020-05-30,88,1,13011
2003,2020-03-30,2,0,2020-05-30,156,13,13001
2004,2020-03-30,1,0,2020-05-30,11,0,17033
2005,2020-03-30,1,0,2020-05-30,11,0,17023
2006,2020-03-30,1,0,2020-05-30,7,0,17165
2007,2020-03-30,2,0,2020-05-30,269,4,17157
2008,2020-03-30,2,0,2020-05-30,50,0,17121
2009,2020-03-30,1,0,2020-05-30,50,0,16067
2010,2020-03-30,1,0,2020-05-30,38,1,13263
2011,2020-03-30,1,0,2020-05-30,16,1,13249
2012,2020-03-30,1,0,2020-05-30,169,2,16053
2013,2020-03-30,1,0,2020-05-30,31,2,16039
2014,2020-03-30,1,0,2020-05-30,6,0,16017
2015,2020-03-30,2,0,2020-05-30,18,0,13301
2016,2020-03-30,1,0,2020-05-30,4,0,4011
2017,2020-03-30,1,0,2020-05-30,672,1,5123
2018,2020-03-30,1,0,2020-05-30,3,0,5101
2019,2020-03-30,1,0,2020-05-30,159,8,1065
2020,2020-03-30,1,0,2020-05-30,15,0,1057
2021,2020-03-30,2,0,2020-05-30,72,1,1007
2022,2020-03-30,1,0,2020-05-30,220,6,1119
2023,2020-03-30,1,0,2020-05-30,13,0,8095
2024,2020-03-30,1,0,2020-05-30,2,0,6003
2025,2020-03-30,1,0,2020-05-30,8,0,8007
2026,2020-03-30,1,0,2020-05-30,17,2,26041
2027,2020-03-30,2,0,2020-05-30,12,0,26009
2028,2020-03-30,1,0,2020-05-30,6,0,26061
2029,2020-03-30,1,0,2020-05-30,17,1,28003
2030,2020-03-30,3,0,2020-05-30,118,2,26149
2031,2020-03-30,1,0,2020-05-30,54,10,27061
2032,2020-03-30,1,0,2020-05-30,71,0,27165
2033,2020-03-30,1,0,2020-05-30,45,0,27093
2034,2020-03-30,1,0,2020-05-30,50,3,19077
2035,2020-03-30,1,0,2020-05-30,517,2,19047
2036,2020-03-30,1,0,2020-05-30,12,1,19009
2037,2020-03-30,1,0,2020-05-30,9,0,19177
2038,2020-03-30,1,0,2020-05-30,36,0,19105
2039,2020-03-30,1,0,2020-05-30,12,0,19097
2040,2020-03-30,1,0,2020-05-30,38,2,21157
2041,2020-03-30,1,0,2020-05-30,21,0,21155
2042,2020-03-30,1,0,2020-05-30,20,0,20005
2043,2020-03-30,1,0,2020-05-30,29,2,20169
